ticket_id,user_id,created_ts,category,resolution_hours
1,10966,2026-03-03 06:53:49,billing_complaint,4.8
2,7868,2026-03-09 12:28:32,billing_complaint,7.4
3,3883,2026-03-11 07:18:04,billing_complaint,7.4
4,2969,2026-03-11 13:51:54,billing_complaint,7.9
5,7656,2026-03-12 21:00:07,billing_complaint,9.0
6,3634,2026-03-13 10:50:52,billing_complaint,0.6
7,575,2026-03-13 13:22:36,bug_report,25.8
8,9603,2026-03-14 03:13:40,bug_report,2.9
9,238,2026-03-15 11:31:42,billing_complaint,7.2
10,9046,2026-03-16 20:29:33,billing_complaint,15.8
11,3075,2026-03-17 16:39:12,billing_complaint,1.0
12,669,2026-03-17 22:30:02,billing_complaint,8.1
13,2104,2026-03-18 13:17:59,billing_complaint,7.5
14,8558,2026-03-20 12:17:33,billing_complaint,1.7
15,767,2026-03-22 02:25:20,billing_complaint,13.7
16,3156,2026-03-23 17:31:21,billing_complaint,4.0
17,2137,2026-03-24 16:01:41,bug_report,3.9
18,561,2026-03-25 05:53:44,billing_complaint,9.1
19,9401,2026-03-26 03:43:15,billing_complaint,3.1
20,10647,2026-03-26 09:59:51,billing_complaint,9.9
21,7046,2026-03-27 00:12:18,cancellation_request,1.3
22,14690,2026-03-27 03:25:38,cancellation_request,5.2
23,6001,2026-03-27 04:06:05,cancellation_request,25.7
24,8249,2026-03-27 10:33:02,cancellation_request,11.7
25,13161,2026-03-27 14:53:34,cancellation_request,3.9
26,7381,2026-03-27 19:16:19,cancellation_request,1.2
27,1787,2026-03-27 20:19:50,cancellation_request,11.2
28,13070,2026-03-27 23:13:05,cancellation_request,4.0
29,10263,2026-03-28 02:11:20,cancellation_request,6.3
30,6425,2026-03-28 05:46:52,cancellation_request,3.5
31,3991,2026-03-28 07:06:36,cancellation_request,2.3
32,2471,2026-03-28 11:44:07,cancellation_request,7.0
33,2496,2026-03-28 12:29:16,cancellation_request,17.9
34,13773,2026-03-28 14:34:07,billing_complaint,8.7
35,3384,2026-03-28 15:19:07,cancellation_request,14.0
36,2644,2026-03-28 16:41:49,cancellation_request,1.8
37,13998,2026-03-29 11:46:35,cancellation_request,11.0
38,2443,2026-03-29 19:14:28,cancellation_request,10.6
39,14910,2026-03-29 23:12:18,cancellation_request,29.3
40,10714,2026-03-30 02:28:16,cancellation_request,0.3
41,2980,2026-03-31 03:38:55,cancellation_request,12.2
42,3333,2026-03-31 04:57:13,cancellation_request,10.2
43,1850,2026-03-31 05:58:21,cancellation_request,12.6
44,12526,2026-03-31 08:10:37,cancellation_request,11.2
45,3636,2026-03-31 17:24:33,cancellation_request,1.3
46,13027,2026-04-01 12:23:01,billing_complaint,7.5
47,8240,2026-04-01 13:10:43,billing_complaint,7.9
48,9269,2026-04-01 13:16:02,billing_complaint,6.9
49,12584,2026-04-01 13:19:24,billing_complaint,8.8
50,8153,2026-04-01 14:01:52,billing_complaint,5.3
51,4336,2026-04-01 14:50:09,billing_complaint,11.3
52,3072,2026-04-01 17:01:36,billing_complaint,2.0
53,14935,2026-04-01 17:47:53,billing_complaint,5.3
54,10186,2026-04-01 18:41:05,billing_complaint,5.3
55,1996,2026-04-01 21:05:11,billing_complaint,4.5
56,751,2026-04-02 00:32:04,billing_complaint,11.0
57,8096,2026-04-02 01:53:58,billing_complaint,14.7
58,8364,2026-04-02 02:16:46,billing_complaint,5.9
59,12187,2026-04-02 04:30:08,billing_complaint,8.5
60,11650,2026-04-02 07:35:53,billing_complaint,4.0
61,6607,2026-04-02 10:34:08,billing_complaint,3.3
62,5346,2026-04-02 11:08:23,billing_complaint,9.8
63,4952,2026-04-02 11:49:19,billing_complaint,8.3
64,10708,2026-04-04 07:23:23,bug_report,12.5
65,4295,2026-04-05 01:14:21,billing_complaint,14.3
66,9101,2026-04-05 09:48:11,billing_complaint,8.4
67,11290,2026-04-05 16:15:29,feature_request,12.3
68,11633,2026-04-09 10:15:07,billing_complaint,8.7
69,14313,2026-04-09 15:40:30,billing_complaint,4.4
70,6889,2026-04-12 00:02:57,billing_complaint,2.9
71,3966,2026-04-12 01:04:21,billing_complaint,6.2
72,13979,2026-04-12 19:58:11,billing_complaint,20.1
73,89,2026-04-12 21:33:57,billing_complaint,8.1
74,6527,2026-04-14 02:57:04,billing_complaint,3.5
75,8374,2026-04-14 13:04:04,billing_complaint,15.0
76,6679,2026-04-14 14:38:14,billing_complaint,3.4
77,11594,2026-04-14 23:19:53,feature_request,3.9
78,9223,2026-04-15 09:50:27,bug_report,2.0
79,2276,2026-04-15 14:48:09,billing_complaint,14.4
80,10395,2026-04-15 23:37:40,feature_request,4.5
81,7114,2026-04-17 21:56:10,billing_complaint,11.7
82,3571,2026-04-18 01:51:12,bug_report,14.6
83,9003,2026-04-18 02:03:02,bug_report,15.1
84,1692,2026-04-18 04:54:12,billing_complaint,11.8
85,12100,2026-04-18 07:23:21,billing_complaint,12.1
86,13513,2026-04-18 11:55:36,billing_complaint,38.7
87,11691,2026-04-18 12:53:49,bug_report,12.3
88,1819,2026-04-18 15:54:04,bug_report,4.6
89,14522,2026-04-19 12:04:15,billing_complaint,19.0
90,3327,2026-04-19 15:04:49,billing_complaint,8.6
91,10856,2026-04-20 03:22:30,feature_request,4.0
92,1749,2026-04-20 15:02:53,billing_complaint,5.8
93,8657,2026-04-20 23:54:01,billing_complaint,12.2
94,902,2026-04-22 18:15:19,billing_complaint,20.3
95,10148,2026-04-23 11:45:49,bug_report,0.3
96,5294,2026-04-23 18:17:40,feature_request,2.7
97,5886,2026-04-23 18:42:13,feature_request,3.5
98,6917,2026-04-23 21:11:54,bug_report,13.0
99,13578,2026-04-24 04:34:21,bug_report,17.3
100,14323,2026-04-26 00:48:36,cancellation_request,9.8
101,9467,2026-04-26 03:30:34,cancellation_request,7.6
102,9808,2026-04-26 07:09:21,cancellation_request,0.9
103,8015,2026-04-26 08:53:09,cancellation_request,4.1
104,6669,2026-04-26 10:24:25,cancellation_request,6.2
105,9373,2026-04-26 11:07:39,cancellation_request,1.5
106,1760,2026-04-26 12:56:34,cancellation_request,3.0
107,12232,2026-04-26 17:50:44,cancellation_request,2.9
108,7259,2026-04-26 17:53:12,bug_report,2.1
109,1753,2026-04-26 18:10:06,cancellation_request,13.1
110,13461,2026-04-26 19:57:17,cancellation_request,4.7
111,10583,2026-04-26 20:14:57,cancellation_request,6.1
112,7933,2026-04-26 23:47:34,cancellation_request,0.4
113,6489,2026-04-27 01:33:47,cancellation_request,5.5
114,4307,2026-04-27 02:24:42,cancellation_request,1.2
115,6676,2026-04-27 02:50:17,billing_complaint,5.0
116,10199,2026-04-27 03:21:41,cancellation_request,4.0
117,2544,2026-04-27 04:21:50,billing_complaint,5.8
118,754,2026-04-27 04:31:49,cancellation_request,7.0
119,13410,2026-04-27 07:07:31,cancellation_request,11.9
120,1795,2026-04-27 08:57:11,cancellation_request,2.1
121,2885,2026-04-27 09:48:00,feature_request,3.0
122,1104,2026-04-27 13:26:07,cancellation_request,9.8
123,9606,2026-04-27 13:42:03,cancellation_request,12.8
124,3037,2026-04-27 14:22:54,bug_report,3.2
125,2072,2026-04-27 15:38:23,cancellation_request,4.1
126,13331,2026-04-27 15:43:37,cancellation_request,3.7
127,6607,2026-04-27 15:58:47,cancellation_request,4.7
128,14695,2026-04-27 16:45:15,cancellation_request,6.7
129,2699,2026-04-27 20:34:38,cancellation_request,10.2
130,302,2026-04-27 21:08:24,cancellation_request,2.7
131,6549,2026-04-27 21:58:43,cancellation_request,19.3
132,5240,2026-04-27 22:55:17,cancellation_request,10.5
133,7369,2026-04-28 01:21:12,cancellation_request,0.7
134,10007,2026-04-28 04:35:11,feature_request,1.4
135,13274,2026-04-28 05:25:44,feature_request,4.7
136,4268,2026-04-28 05:47:54,cancellation_request,24.8
137,11166,2026-04-28 07:25:38,cancellation_request,16.5
138,10055,2026-04-28 13:43:27,cancellation_request,6.9
139,11351,2026-04-28 14:48:11,billing_complaint,9.4
140,6203,2026-04-28 17:00:12,cancellation_request,7.3
141,4952,2026-04-28 21:54:00,cancellation_request,1.4
142,5192,2026-04-28 21:56:40,cancellation_request,12.0
143,543,2026-04-28 22:31:37,cancellation_request,6.8
144,1470,2026-04-29 00:19:31,cancellation_request,4.4
145,4655,2026-04-29 02:36:33,cancellation_request,4.7
146,8945,2026-04-29 03:18:58,cancellation_request,6.3
147,5087,2026-04-29 03:37:26,feature_request,4.3
148,3367,2026-04-29 05:17:34,cancellation_request,4.8
149,14257,2026-04-29 06:37:27,cancellation_request,6.4
150,10356,2026-04-29 10:10:39,cancellation_request,7.5
151,7713,2026-04-29 10:17:48,cancellation_request,9.1
152,3947,2026-04-29 13:46:01,feature_request,11.2
153,10198,2026-04-29 14:29:22,cancellation_request,6.2
154,8650,2026-04-29 14:37:18,cancellation_request,4.8
155,8896,2026-04-29 16:36:35,cancellation_request,7.0
156,5968,2026-04-29 18:44:03,feature_request,11.5
157,8055,2026-04-29 18:58:48,cancellation_request,3.2
158,13861,2026-04-29 20:15:53,cancellation_request,10.1
159,7237,2026-04-29 20:21:11,cancellation_request,1.8
160,2175,2026-04-29 22:27:49,cancellation_request,6.3
161,11456,2026-04-29 23:09:55,cancellation_request,3.6
162,4720,2026-04-30 01:28:02,cancellation_request,10.7
163,13235,2026-04-30 02:02:19,cancellation_request,5.2
164,1965,2026-04-30 03:04:39,cancellation_request,7.8
165,2895,2026-04-30 03:35:13,bug_report,6.8
166,11027,2026-04-30 04:24:10,billing_complaint,6.4
167,820,2026-04-30 08:11:35,cancellation_request,3.4
168,5476,2026-04-30 19:49:47,cancellation_request,11.3
169,3172,2026-04-30 20:04:54,cancellation_request,8.1
170,9152,2026-04-30 20:45:36,cancellation_request,2.5
171,9100,2026-04-30 20:47:56,cancellation_request,6.4
172,798,2026-04-30 21:15:35,cancellation_request,13.5
173,4544,2026-04-30 22:00:05,cancellation_request,11.1
174,6202,2026-04-30 23:06:27,cancellation_request,5.8
175,3603,2026-04-30 23:19:20,cancellation_request,5.8
176,1747,2026-04-30 23:31:54,cancellation_request,8.5
177,4341,2026-04-30 23:32:15,cancellation_request,10.0
178,8122,2026-05-01 02:23:03,billing_complaint,7.2
179,5535,2026-05-01 02:49:06,billing_complaint,14.7
180,13541,2026-05-01 05:12:17,billing_complaint,2.7
181,11397,2026-05-01 06:16:03,billing_complaint,4.2
182,1782,2026-05-01 07:05:54,billing_complaint,6.8
183,401,2026-05-01 08:25:58,billing_complaint,6.0
184,9272,2026-05-01 08:58:42,billing_complaint,6.2
185,13222,2026-05-01 10:49:00,billing_complaint,7.3
186,14514,2026-05-01 13:01:52,billing_complaint,28.3
187,14670,2026-05-01 13:06:47,billing_complaint,6.0
188,3618,2026-05-01 13:40:40,billing_complaint,4.0
189,4830,2026-05-01 14:17:30,billing_complaint,6.5
190,7469,2026-05-01 14:51:58,billing_complaint,1.3
191,2778,2026-05-01 15:47:17,billing_complaint,7.2
192,8084,2026-05-01 16:02:58,feature_request,1.3
193,704,2026-05-01 17:10:34,billing_complaint,5.5
194,5807,2026-05-01 18:13:25,billing_complaint,6.1
195,14299,2026-05-01 18:34:41,billing_complaint,3.9
196,10555,2026-05-01 18:46:08,billing_complaint,4.5
197,5871,2026-05-01 20:30:51,billing_complaint,10.6
198,12692,2026-05-01 20:32:59,billing_complaint,3.5
199,3959,2026-05-01 21:17:39,billing_complaint,7.4
200,589,2026-05-01 21:47:30,billing_complaint,5.6
201,7335,2026-05-01 22:56:28,billing_complaint,12.9
202,12036,2026-05-01 22:56:52,billing_complaint,26.7
203,14660,2026-05-01 23:32:58,billing_complaint,4.3
204,11513,2026-05-01 23:39:10,billing_complaint,7.8
205,4405,2026-05-01 23:51:49,bug_report,12.5
206,14647,2026-05-02 00:09:35,billing_complaint,8.8
207,539,2026-05-02 00:20:42,bug_report,23.9
208,8499,2026-05-02 00:28:20,billing_complaint,5.7
209,12208,2026-05-02 00:35:43,billing_complaint,4.7
210,11768,2026-05-02 01:03:40,billing_complaint,1.6
211,9556,2026-05-02 01:51:34,billing_complaint,6.1
212,11595,2026-05-02 04:55:49,billing_complaint,7.8
213,561,2026-05-02 05:19:13,billing_complaint,9.7
214,10662,2026-05-02 07:07:20,billing_complaint,3.8
215,11490,2026-05-02 08:49:35,billing_complaint,8.0
216,13350,2026-05-02 10:38:28,billing_complaint,4.0
217,8438,2026-05-02 12:03:04,billing_complaint,3.0
218,11669,2026-05-02 12:46:37,billing_complaint,13.2
219,11062,2026-05-02 14:06:52,billing_complaint,0.4
220,4519,2026-05-02 20:12:27,feature_request,2.4
221,13804,2026-05-03 00:57:16,bug_report,6.0
222,9988,2026-05-04 03:56:33,feature_request,22.6
223,10477,2026-05-04 04:33:53,billing_complaint,6.7
224,13757,2026-05-04 18:24:08,feature_request,4.3
225,3834,2026-05-04 21:15:53,billing_complaint,5.8
226,5656,2026-05-05 00:19:53,billing_complaint,1.5
227,1891,2026-05-05 17:58:03,bug_report,6.5
228,13781,2026-05-05 19:29:44,billing_complaint,4.1
229,4540,2026-05-06 09:57:43,bug_report,15.4
230,29,2026-05-06 13:29:44,feature_request,12.0
231,8422,2026-05-07 02:07:40,feature_request,8.2
232,611,2026-05-07 20:47:55,feature_request,10.4
233,11496,2026-05-07 21:18:03,billing_complaint,3.0
234,11905,2026-05-08 11:35:47,billing_complaint,4.1
235,6307,2026-05-08 12:14:28,billing_complaint,0.4
236,5989,2026-05-08 21:20:00,bug_report,12.7
237,10063,2026-05-09 00:55:51,feature_request,14.4
238,10680,2026-05-09 14:17:00,billing_complaint,6.9
239,11812,2026-05-09 19:15:06,billing_complaint,4.1
240,8302,2026-05-09 19:55:05,billing_complaint,6.0
241,13093,2026-05-10 00:13:05,billing_complaint,1.5
242,843,2026-05-10 00:38:31,billing_complaint,3.2
243,3879,2026-05-10 02:28:33,billing_complaint,6.2
244,8438,2026-05-10 04:20:38,feature_request,3.7
245,3619,2026-05-10 11:39:03,billing_complaint,1.1
246,10315,2026-05-10 19:42:38,bug_report,7.3
247,387,2026-05-10 21:42:41,billing_complaint,6.0
248,9213,2026-05-10 22:17:41,bug_report,1.1
249,10385,2026-05-11 04:12:14,billing_complaint,5.2
250,13851,2026-05-11 22:15:18,feature_request,14.6
251,6963,2026-05-12 01:30:09,feature_request,1.5
252,9564,2026-05-12 03:08:16,feature_request,1.1
253,6451,2026-05-12 20:00:27,billing_complaint,12.0
254,3660,2026-05-12 22:27:04,bug_report,13.6
255,11259,2026-05-13 15:22:15,bug_report,7.8
256,2936,2026-05-13 18:59:18,billing_complaint,7.1
257,8511,2026-05-13 23:39:13,billing_complaint,13.5
258,7768,2026-05-14 00:37:06,bug_report,8.1
259,12714,2026-05-14 19:35:22,feature_request,6.4
260,5035,2026-05-14 22:48:35,feature_request,18.0
261,44,2026-05-15 15:09:21,billing_complaint,1.0
262,2737,2026-05-16 00:25:13,feature_request,1.5
263,9772,2026-05-16 05:15:04,feature_request,2.4
264,11627,2026-05-16 13:01:49,feature_request,8.4
265,7699,2026-05-16 15:24:34,feature_request,4.9
266,10769,2026-05-16 22:57:53,billing_complaint,8.5
267,2870,2026-05-17 07:39:42,billing_complaint,6.0
268,5453,2026-05-17 08:13:06,billing_complaint,10.5
269,10452,2026-05-19 13:14:01,billing_complaint,6.7
270,7878,2026-05-19 18:48:57,bug_report,14.7
271,12166,2026-05-19 21:20:21,bug_report,5.9
272,12960,2026-05-20 01:04:43,billing_complaint,12.8
273,13993,2026-05-20 05:11:45,bug_report,6.2
274,5217,2026-05-20 07:13:24,bug_report,2.7
275,14620,2026-05-20 15:10:32,bug_report,0.7
276,3130,2026-05-20 16:41:53,bug_report,7.2
277,6652,2026-05-20 22:43:15,billing_complaint,1.8
278,7860,2026-05-21 07:17:02,bug_report,12.0
279,14735,2026-05-21 13:47:43,billing_complaint,11.2
280,6428,2026-05-21 17:56:26,feature_request,11.3
281,12926,2026-05-21 19:29:54,bug_report,1.8
282,5085,2026-05-23 09:39:43,bug_report,11.2
283,4746,2026-05-24 00:51:17,billing_complaint,10.6
284,3344,2026-05-24 07:33:31,billing_complaint,4.6
285,10533,2026-05-24 07:39:58,billing_complaint,4.5
286,4734,2026-05-24 12:02:42,billing_complaint,5.3
287,6663,2026-05-25 05:23:36,bug_report,0.4
288,10206,2026-05-25 13:55:59,bug_report,21.1
289,9308,2026-05-26 00:02:20,feature_request,5.5
290,9474,2026-05-26 11:13:55,billing_complaint,10.2
291,10954,2026-05-26 13:08:51,bug_report,7.1
292,13963,2026-05-26 20:06:19,feature_request,3.1
293,8438,2026-05-27 00:03:28,cancellation_request,4.6
294,8052,2026-05-27 02:05:43,cancellation_request,3.3
295,5956,2026-05-27 05:39:53,cancellation_request,4.9
296,14940,2026-05-27 05:42:40,cancellation_request,8.1
297,5618,2026-05-27 06:01:48,cancellation_request,0.6
298,10196,2026-05-27 08:17:34,cancellation_request,3.1
299,8477,2026-05-27 08:22:06,cancellation_request,11.6
300,4398,2026-05-27 08:27:49,cancellation_request,5.7
301,12535,2026-05-27 09:14:21,cancellation_request,15.1
302,8302,2026-05-27 11:15:08,cancellation_request,6.1
303,7853,2026-05-27 12:26:13,cancellation_request,4.5
304,995,2026-05-27 12:36:02,cancellation_request,12.9
305,3902,2026-05-27 15:12:44,cancellation_request,8.2
306,14665,2026-05-27 15:58:02,cancellation_request,7.6
307,6230,2026-05-27 16:05:29,cancellation_request,6.7
308,4626,2026-05-27 23:40:30,cancellation_request,4.0
309,6706,2026-05-27 23:41:55,cancellation_request,4.5
310,8201,2026-05-28 00:06:52,cancellation_request,1.6
311,10301,2026-05-28 01:52:29,cancellation_request,10.6
312,6627,2026-05-28 02:32:20,billing_complaint,2.9
313,432,2026-05-28 03:49:51,cancellation_request,3.8
314,11485,2026-05-28 03:58:06,cancellation_request,3.8
315,12199,2026-05-28 04:57:39,cancellation_request,8.2
316,12619,2026-05-28 07:05:24,feature_request,2.7
317,8388,2026-05-28 08:50:03,cancellation_request,2.4
318,9360,2026-05-28 09:22:44,cancellation_request,0.4
319,11591,2026-05-28 10:08:38,cancellation_request,4.7
320,1916,2026-05-28 11:42:33,cancellation_request,5.4
321,424,2026-05-28 12:34:59,cancellation_request,1.1
322,10599,2026-05-28 12:35:14,cancellation_request,4.9
323,536,2026-05-28 12:49:02,feature_request,9.5
324,113,2026-05-28 12:55:26,cancellation_request,4.7
325,14085,2026-05-28 13:22:06,billing_complaint,6.0
326,7936,2026-05-28 14:41:22,billing_complaint,6.8
327,3165,2026-05-28 15:22:08,cancellation_request,1.8
328,11621,2026-05-28 17:21:57,billing_complaint,11.1
329,14266,2026-05-28 18:06:18,cancellation_request,8.5
330,1320,2026-05-28 21:24:53,cancellation_request,3.9
331,14255,2026-05-28 22:58:06,cancellation_request,10.0
332,11593,2026-05-28 23:22:10,cancellation_request,5.4
333,11979,2026-05-28 23:25:32,feature_request,2.7
334,11083,2026-05-29 01:25:06,cancellation_request,3.3
335,8117,2026-05-29 02:08:42,cancellation_request,1.9
336,6888,2026-05-29 04:14:09,feature_request,4.0
337,3872,2026-05-29 04:29:24,cancellation_request,0.3
338,14620,2026-05-29 08:04:18,cancellation_request,3.2
339,7455,2026-05-29 08:05:12,cancellation_request,3.0
340,4343,2026-05-29 08:09:38,cancellation_request,9.2
341,8028,2026-05-29 09:25:40,cancellation_request,14.5
342,5888,2026-05-29 10:21:45,cancellation_request,3.5
343,5471,2026-05-29 12:56:53,cancellation_request,4.4
344,3966,2026-05-29 13:27:17,cancellation_request,8.2
345,7317,2026-05-29 15:33:59,cancellation_request,4.4
346,13107,2026-05-29 15:40:14,cancellation_request,1.6
347,11802,2026-05-29 16:29:39,billing_complaint,10.8
348,13990,2026-05-29 16:57:46,cancellation_request,8.0
349,13841,2026-05-29 17:17:48,cancellation_request,5.8
350,1304,2026-05-29 17:44:48,cancellation_request,4.4
351,12097,2026-05-29 18:34:56,feature_request,1.4
352,1580,2026-05-29 19:10:05,cancellation_request,21.0
353,2729,2026-05-29 20:56:35,cancellation_request,9.7
354,11871,2026-05-29 21:49:34,cancellation_request,6.0
355,11595,2026-05-30 00:57:54,cancellation_request,1.1
356,4290,2026-05-30 01:23:41,cancellation_request,3.9
357,11932,2026-05-30 04:23:17,cancellation_request,13.7
358,8430,2026-05-30 06:13:31,cancellation_request,3.2
359,4736,2026-05-30 06:40:12,cancellation_request,7.4
360,3303,2026-05-30 07:12:11,cancellation_request,6.4
361,13280,2026-05-30 07:46:55,cancellation_request,5.0
362,7530,2026-05-30 08:11:57,cancellation_request,7.1
363,5241,2026-05-30 11:50:37,cancellation_request,9.8
364,6301,2026-05-30 12:15:59,cancellation_request,19.9
365,10941,2026-05-30 14:30:51,cancellation_request,13.0
366,4031,2026-05-30 16:58:23,cancellation_request,3.5
367,4186,2026-05-30 17:23:22,cancellation_request,6.6
368,12813,2026-05-30 17:43:01,cancellation_request,14.7
369,14628,2026-05-30 21:05:17,cancellation_request,5.9
370,9361,2026-05-30 21:37:54,cancellation_request,9.9
371,5311,2026-05-30 21:50:29,bug_report,7.1
372,13142,2026-05-30 22:50:57,cancellation_request,4.6
373,3671,2026-05-30 23:09:48,billing_complaint,2.5
374,5677,2026-05-31 00:20:29,cancellation_request,5.4
375,12206,2026-05-31 00:24:45,cancellation_request,8.9
376,1080,2026-05-31 01:59:01,billing_complaint,7.1
377,5855,2026-05-31 04:38:23,cancellation_request,3.1
378,7269,2026-05-31 04:53:43,cancellation_request,13.9
379,5118,2026-05-31 07:42:24,cancellation_request,11.8
380,12503,2026-05-31 08:32:50,cancellation_request,0.7
381,1087,2026-05-31 08:35:59,cancellation_request,0.7
382,12524,2026-05-31 10:54:39,cancellation_request,9.3
383,5967,2026-05-31 11:33:27,cancellation_request,7.2
384,9764,2026-05-31 12:11:07,cancellation_request,5.6
385,1099,2026-05-31 12:26:33,cancellation_request,4.4
386,2205,2026-05-31 15:07:43,cancellation_request,6.0
387,1203,2026-05-31 15:30:13,cancellation_request,11.6
388,3152,2026-05-31 15:31:23,feature_request,15.9
389,14110,2026-05-31 17:06:09,cancellation_request,11.0
390,13530,2026-05-31 17:09:02,cancellation_request,15.4
391,8222,2026-05-31 17:17:13,cancellation_request,11.1
392,5032,2026-05-31 18:09:29,cancellation_request,17.7
393,1907,2026-05-31 18:34:43,cancellation_request,5.9
394,11241,2026-05-31 21:00:13,cancellation_request,10.0
395,2751,2026-05-31 21:15:14,cancellation_request,17.0
396,6732,2026-05-31 22:42:24,billing_complaint,1.6
397,7595,2026-06-01 03:01:01,billing_complaint,0.9
398,3097,2026-06-01 03:37:00,billing_complaint,15.3
399,1598,2026-06-01 04:20:05,billing_complaint,7.8
400,5343,2026-06-01 04:31:49,billing_complaint,13.0
401,11574,2026-06-01 05:07:50,billing_complaint,0.9
402,3171,2026-06-01 05:30:11,billing_complaint,30.1
403,14659,2026-06-01 05:58:59,billing_complaint,2.5
404,13057,2026-06-01 06:13:41,billing_complaint,22.3
405,9443,2026-06-01 06:26:06,billing_complaint,10.8
406,3646,2026-06-01 06:27:18,billing_complaint,1.3
407,2018,2026-06-01 07:47:24,billing_complaint,16.9
408,724,2026-06-01 07:53:47,billing_complaint,7.6
409,4707,2026-06-01 08:22:32,billing_complaint,16.1
410,8893,2026-06-01 08:33:54,billing_complaint,2.9
411,9657,2026-06-01 08:47:29,billing_complaint,0.6
412,12576,2026-06-01 09:06:56,billing_complaint,11.1
413,1671,2026-06-01 09:26:46,billing_complaint,5.1
414,12932,2026-06-01 09:27:19,billing_complaint,12.2
415,5311,2026-06-01 09:44:23,billing_complaint,7.1
416,8561,2026-06-01 09:50:57,billing_complaint,14.1
417,13877,2026-06-01 10:00:08,billing_complaint,13.4
418,9027,2026-06-01 10:22:46,billing_complaint,11.4
419,6710,2026-06-01 10:49:04,billing_complaint,16.5
420,1453,2026-06-01 11:12:50,bug_report,8.6
421,14111,2026-06-01 12:05:02,billing_complaint,7.0
422,4149,2026-06-01 12:22:45,billing_complaint,7.6
423,462,2026-06-01 12:47:58,billing_complaint,3.9
424,2207,2026-06-01 12:55:54,billing_complaint,10.1
425,12358,2026-06-01 13:05:22,billing_complaint,26.7
426,10521,2026-06-01 13:14:51,billing_complaint,2.7
427,257,2026-06-01 13:17:23,billing_complaint,20.8
428,9180,2026-06-01 13:51:12,billing_complaint,6.6
429,7,2026-06-01 14:01:37,billing_complaint,4.2
430,10241,2026-06-01 14:03:57,billing_complaint,6.1
431,11099,2026-06-01 14:04:25,billing_complaint,1.8
432,9664,2026-06-01 14:39:09,billing_complaint,5.4
433,4227,2026-06-01 14:44:41,billing_complaint,3.9
434,7086,2026-06-01 14:53:11,billing_complaint,5.1
435,1289,2026-06-01 14:59:33,billing_complaint,8.8
436,3420,2026-06-01 15:16:54,billing_complaint,13.1
437,9020,2026-06-01 15:18:21,billing_complaint,11.1
438,6670,2026-06-01 15:39:26,billing_complaint,6.4
439,13125,2026-06-01 15:54:27,feature_request,17.2
440,11728,2026-06-01 15:59:07,billing_complaint,8.5
441,10186,2026-06-01 16:19:19,billing_complaint,2.6
442,10966,2026-06-01 16:21:29,billing_complaint,7.1
443,8826,2026-06-01 16:26:26,billing_complaint,17.5
444,12454,2026-06-01 16:39:54,billing_complaint,21.7
445,7669,2026-06-01 16:49:57,billing_complaint,15.0
446,11171,2026-06-01 17:05:21,billing_complaint,11.9
447,11619,2026-06-01 17:18:16,billing_complaint,3.9
448,14280,2026-06-01 17:22:32,billing_complaint,5.0
449,4592,2026-06-01 17:29:38,billing_complaint,7.4
450,8741,2026-06-01 17:34:28,billing_complaint,8.5
451,1254,2026-06-01 17:34:39,billing_complaint,1.7
452,13056,2026-06-01 17:45:26,billing_complaint,8.1
453,14121,2026-06-01 17:58:29,billing_complaint,0.9
454,3962,2026-06-01 18:01:48,billing_complaint,15.2
455,532,2026-06-01 18:02:01,billing_complaint,6.5
456,2649,2026-06-01 18:03:48,billing_complaint,6.2
457,3187,2026-06-01 18:07:55,billing_complaint,5.4
458,6565,2026-06-01 18:10:28,billing_complaint,7.6
459,8592,2026-06-01 18:14:58,billing_complaint,5.3
460,6528,2026-06-01 18:23:12,billing_complaint,4.3
461,1647,2026-06-01 18:24:29,billing_complaint,11.8
462,5208,2026-06-01 18:51:20,billing_complaint,8.8
463,5403,2026-06-01 18:51:35,billing_complaint,5.9
464,11917,2026-06-01 19:00:27,billing_complaint,7.3
465,7631,2026-06-01 19:03:39,billing_complaint,6.3
466,11735,2026-06-01 19:57:29,billing_complaint,4.3
467,4084,2026-06-01 20:03:17,billing_complaint,15.3
468,9528,2026-06-01 20:07:37,billing_complaint,26.4
469,7967,2026-06-01 20:11:11,billing_complaint,10.6
470,3798,2026-06-01 20:14:00,billing_complaint,12.4
471,8803,2026-06-01 20:18:20,billing_complaint,12.5
472,1819,2026-06-01 20:28:02,billing_complaint,13.3
473,4176,2026-06-01 20:34:50,billing_complaint,6.8
474,14179,2026-06-01 20:48:44,billing_complaint,1.2
475,3405,2026-06-01 20:56:52,bug_report,1.9
476,12958,2026-06-01 20:57:26,billing_complaint,3.6
477,570,2026-06-01 21:05:49,billing_complaint,1.8
478,5884,2026-06-01 21:12:21,billing_complaint,4.0
479,8937,2026-06-01 21:36:18,billing_complaint,15.1
480,5556,2026-06-01 21:41:01,billing_complaint,6.2
481,2279,2026-06-01 21:45:06,billing_complaint,3.1
482,5183,2026-06-01 21:45:59,billing_complaint,0.4
483,3187,2026-06-01 21:47:01,billing_complaint,5.3
484,3443,2026-06-01 21:49:13,billing_complaint,20.5
485,8240,2026-06-01 21:50:06,billing_complaint,4.4
486,5247,2026-06-01 21:58:30,billing_complaint,14.1
487,4261,2026-06-01 22:01:16,billing_complaint,23.0
488,14237,2026-06-01 22:05:17,billing_complaint,9.6
489,7614,2026-06-01 22:05:28,billing_complaint,8.5
490,11075,2026-06-01 22:14:13,billing_complaint,6.8
491,4395,2026-06-01 22:15:49,billing_complaint,4.6
492,10437,2026-06-01 22:29:00,billing_complaint,11.9
493,9762,2026-06-01 22:35:35,billing_complaint,5.1
494,9955,2026-06-01 22:40:44,billing_complaint,7.4
495,12833,2026-06-01 22:41:12,billing_complaint,5.9
496,4331,2026-06-01 22:43:33,billing_complaint,1.7
497,3374,2026-06-01 22:45:07,billing_complaint,7.5
498,5526,2026-06-01 22:59:13,billing_complaint,13.7
499,11309,2026-06-01 22:59:26,billing_complaint,15.6
500,2657,2026-06-01 23:03:57,billing_complaint,8.0
501,5363,2026-06-01 23:04:11,billing_complaint,2.7
502,3876,2026-06-01 23:06:29,billing_complaint,5.7
503,14277,2026-06-01 23:12:31,billing_complaint,5.8
504,338,2026-06-01 23:16:05,bug_report,11.1
505,11094,2026-06-01 23:16:11,billing_complaint,5.8
506,2737,2026-06-01 23:17:01,billing_complaint,5.1
507,14064,2026-06-01 23:32:44,billing_complaint,3.5
508,13672,2026-06-01 23:33:04,billing_complaint,10.4
509,10551,2026-06-01 23:41:05,billing_complaint,7.8
510,12686,2026-06-01 23:55:35,billing_complaint,8.6
511,4518,2026-06-02 00:06:38,billing_complaint,4.8
512,8561,2026-06-02 00:11:06,billing_complaint,20.0
513,11944,2026-06-02 00:12:21,billing_complaint,5.2
514,10831,2026-06-02 00:13:48,billing_complaint,3.3
515,6798,2026-06-02 00:18:10,billing_complaint,0.8
516,8504,2026-06-02 00:22:47,billing_complaint,2.3
517,6298,2026-06-02 00:25:29,billing_complaint,20.8
518,9359,2026-06-02 00:31:35,billing_complaint,4.6
519,923,2026-06-02 00:50:19,billing_complaint,1.5
520,8790,2026-06-02 00:53:53,billing_complaint,7.7
521,2591,2026-06-02 00:56:57,billing_complaint,11.6
522,6747,2026-06-02 01:04:54,billing_complaint,6.4
523,2494,2026-06-02 01:11:13,billing_complaint,10.7
524,5166,2026-06-02 01:15:33,billing_complaint,1.9
525,2142,2026-06-02 01:40:55,billing_complaint,4.2
526,13189,2026-06-02 01:48:17,billing_complaint,3.8
527,8285,2026-06-02 01:49:10,billing_complaint,1.7
528,3814,2026-06-02 02:03:45,billing_complaint,1.2
529,12031,2026-06-02 02:04:54,billing_complaint,1.0
530,10962,2026-06-02 02:06:59,billing_complaint,6.7
531,8613,2026-06-02 02:08:21,billing_complaint,7.3
532,7980,2026-06-02 02:11:35,billing_complaint,12.3
533,2305,2026-06-02 02:17:16,billing_complaint,8.8
534,6052,2026-06-02 02:19:46,billing_complaint,8.0
535,6496,2026-06-02 02:23:37,billing_complaint,19.7
536,8118,2026-06-02 02:39:50,billing_complaint,1.4
537,10634,2026-06-02 02:49:25,billing_complaint,10.7
538,7578,2026-06-02 02:49:34,billing_complaint,10.4
539,6736,2026-06-02 02:57:29,billing_complaint,6.6
540,3252,2026-06-02 02:59:14,billing_complaint,10.0
541,13909,2026-06-02 03:03:13,billing_complaint,4.5
542,9654,2026-06-02 03:05:26,billing_complaint,6.4
543,4168,2026-06-02 03:09:40,billing_complaint,1.0
544,8196,2026-06-02 03:13:28,billing_complaint,1.9
545,8792,2026-06-02 03:27:01,billing_complaint,4.8
546,8541,2026-06-02 03:34:01,billing_complaint,15.4
547,7254,2026-06-02 03:40:04,billing_complaint,2.6
548,13072,2026-06-02 03:43:39,billing_complaint,13.4
549,14759,2026-06-02 03:45:13,billing_complaint,1.6
550,9865,2026-06-02 04:00:04,billing_complaint,0.9
551,8783,2026-06-02 04:00:05,billing_complaint,10.9
552,6374,2026-06-02 04:02:53,billing_complaint,18.3
553,151,2026-06-02 04:18:13,billing_complaint,12.8
554,10950,2026-06-02 04:21:10,billing_complaint,1.0
555,9064,2026-06-02 04:44:59,billing_complaint,3.9
556,6069,2026-06-02 04:48:02,billing_complaint,10.0
557,9702,2026-06-02 05:06:30,billing_complaint,2.1
558,9656,2026-06-02 05:12:16,billing_complaint,2.9
559,1172,2026-06-02 05:14:23,billing_complaint,2.4
560,2891,2026-06-02 05:15:03,billing_complaint,12.0
561,12116,2026-06-02 05:25:28,billing_complaint,12.7
562,12977,2026-06-02 05:26:17,billing_complaint,5.5
563,6883,2026-06-02 05:39:12,billing_complaint,8.8
564,13701,2026-06-02 05:46:46,billing_complaint,3.7
565,10213,2026-06-02 05:50:43,billing_complaint,7.9
566,4524,2026-06-02 05:56:21,billing_complaint,18.3
567,9703,2026-06-02 06:00:45,billing_complaint,10.2
568,4408,2026-06-02 06:27:24,billing_complaint,7.1
569,12816,2026-06-02 06:28:09,billing_complaint,6.3
570,5077,2026-06-02 06:28:48,billing_complaint,4.3
571,3388,2026-06-02 06:36:34,billing_complaint,1.8
572,13783,2026-06-02 06:39:46,billing_complaint,4.5
573,772,2026-06-02 06:41:08,billing_complaint,8.7
574,2074,2026-06-02 06:47:06,billing_complaint,0.7
575,9450,2026-06-02 06:57:17,billing_complaint,1.2
576,726,2026-06-02 07:18:33,billing_complaint,4.9
577,11005,2026-06-02 07:29:13,billing_complaint,13.1
578,12456,2026-06-02 07:36:06,billing_complaint,5.6
579,1127,2026-06-02 07:38:34,billing_complaint,7.9
580,253,2026-06-02 07:52:25,billing_complaint,4.0
581,806,2026-06-02 08:05:12,billing_complaint,10.5
582,1828,2026-06-02 08:20:21,billing_complaint,9.7
583,5825,2026-06-02 08:24:06,billing_complaint,8.1
584,12978,2026-06-02 08:29:01,billing_complaint,4.6
585,13976,2026-06-02 08:49:16,billing_complaint,6.3
586,8712,2026-06-02 08:50:47,billing_complaint,3.4
587,425,2026-06-02 08:51:22,billing_complaint,17.3
588,5466,2026-06-02 09:09:11,billing_complaint,14.1
589,10910,2026-06-02 09:22:39,billing_complaint,10.4
590,11272,2026-06-02 09:22:54,billing_complaint,5.1
591,5371,2026-06-02 09:24:34,billing_complaint,4.3
592,1023,2026-06-02 09:28:51,billing_complaint,5.6
593,4211,2026-06-02 09:34:45,billing_complaint,4.9
594,9336,2026-06-02 09:39:42,billing_complaint,9.3
595,2936,2026-06-02 09:44:21,billing_complaint,2.5
596,3765,2026-06-02 09:52:52,billing_complaint,1.0
597,857,2026-06-02 09:57:51,billing_complaint,10.9
598,8293,2026-06-02 09:59:25,billing_complaint,4.3
599,5364,2026-06-02 10:00:17,billing_complaint,32.4
600,13077,2026-06-02 10:13:24,billing_complaint,6.0
601,7025,2026-06-02 10:16:30,billing_complaint,10.4
602,13775,2026-06-02 10:17:09,billing_complaint,2.9
603,1838,2026-06-02 10:19:55,billing_complaint,19.2
604,5951,2026-06-02 10:26:20,billing_complaint,6.0
605,2445,2026-06-02 10:27:44,billing_complaint,3.0
606,7775,2026-06-02 10:52:06,billing_complaint,12.1
607,10557,2026-06-02 11:01:40,billing_complaint,3.6
608,7350,2026-06-02 11:07:52,billing_complaint,3.1
609,210,2026-06-02 11:22:44,billing_complaint,2.9
610,14088,2026-06-02 11:27:31,billing_complaint,22.9
611,7108,2026-06-02 11:32:07,billing_complaint,8.5
612,4453,2026-06-02 11:43:22,billing_complaint,10.6
613,14137,2026-06-02 11:51:46,billing_complaint,4.5
614,12188,2026-06-02 12:16:27,billing_complaint,13.7
615,7182,2026-06-02 12:31:07,billing_complaint,3.5
616,7077,2026-06-02 12:34:02,billing_complaint,9.5
617,11499,2026-06-02 12:36:02,billing_complaint,4.5
618,12359,2026-06-02 12:47:16,billing_complaint,7.7
619,109,2026-06-02 13:12:49,billing_complaint,4.0
620,5538,2026-06-02 13:15:24,billing_complaint,25.9
621,6703,2026-06-02 13:26:46,billing_complaint,1.6
622,419,2026-06-02 13:36:14,billing_complaint,6.3
623,964,2026-06-02 13:57:15,billing_complaint,11.6
624,14378,2026-06-02 13:58:42,billing_complaint,3.9
625,10669,2026-06-02 14:03:01,billing_complaint,5.1
626,1725,2026-06-02 14:21:40,billing_complaint,4.7
627,6006,2026-06-02 14:22:24,billing_complaint,15.9
628,13268,2026-06-02 14:23:40,billing_complaint,0.5
629,11771,2026-06-02 14:31:06,billing_complaint,7.2
630,13910,2026-06-02 14:39:05,billing_complaint,2.7
631,6205,2026-06-02 15:13:22,billing_complaint,3.4
632,1461,2026-06-02 15:22:27,billing_complaint,6.2
633,13289,2026-06-02 15:23:10,billing_complaint,20.9
634,7208,2026-06-02 15:32:58,billing_complaint,15.6
635,7721,2026-06-02 15:47:57,billing_complaint,0.5
636,6429,2026-06-02 15:54:05,billing_complaint,9.3
637,14682,2026-06-02 15:57:23,billing_complaint,6.9
638,11618,2026-06-02 16:00:26,billing_complaint,10.3
639,8746,2026-06-02 16:03:38,billing_complaint,6.3
640,8444,2026-06-02 16:05:30,billing_complaint,16.1
641,9656,2026-06-02 16:09:38,billing_complaint,5.7
642,1990,2026-06-02 16:20:40,billing_complaint,17.4
643,2760,2026-06-02 16:30:04,billing_complaint,2.1
644,12044,2026-06-02 16:55:13,billing_complaint,19.0
645,8195,2026-06-02 17:10:57,billing_complaint,2.6
646,7242,2026-06-02 17:20:28,billing_complaint,4.6
647,5429,2026-06-02 17:27:30,billing_complaint,20.1
648,9426,2026-06-02 17:35:03,billing_complaint,7.1
649,4570,2026-06-02 17:45:10,billing_complaint,5.5
650,12830,2026-06-02 17:58:08,feature_request,1.2
651,10681,2026-06-02 18:00:36,billing_complaint,12.1
652,13427,2026-06-02 18:06:52,billing_complaint,16.4
653,7288,2026-06-02 18:10:22,billing_complaint,2.5
654,669,2026-06-02 18:14:20,billing_complaint,7.6
655,9941,2026-06-02 18:20:47,billing_complaint,3.1
656,2637,2026-06-02 18:27:21,billing_complaint,15.8
657,10788,2026-06-02 18:45:28,billing_complaint,5.7
658,3430,2026-06-02 18:48:32,billing_complaint,4.7
659,12856,2026-06-02 19:27:34,billing_complaint,8.8
660,8125,2026-06-02 19:35:06,billing_complaint,7.1
661,11810,2026-06-02 19:35:07,billing_complaint,3.3
662,3465,2026-06-02 19:36:52,billing_complaint,3.7
663,7687,2026-06-02 19:50:44,billing_complaint,19.9
664,14629,2026-06-02 19:59:25,billing_complaint,8.7
665,13781,2026-06-02 20:09:31,billing_complaint,13.6
666,2464,2026-06-02 20:17:48,billing_complaint,5.5
667,9518,2026-06-02 20:22:27,billing_complaint,31.7
668,3096,2026-06-02 20:30:38,billing_complaint,9.0
669,13758,2026-06-02 20:30:59,billing_complaint,17.8
670,8665,2026-06-02 20:35:18,billing_complaint,3.4
671,8147,2026-06-02 20:41:57,billing_complaint,3.5
672,12197,2026-06-02 20:42:22,billing_complaint,13.4
673,8587,2026-06-02 20:51:27,billing_complaint,5.5
674,1791,2026-06-02 20:57:50,billing_complaint,12.3
675,12386,2026-06-02 21:11:31,bug_report,7.9
676,5336,2026-06-02 21:24:00,billing_complaint,21.0
677,7283,2026-06-02 21:32:07,billing_complaint,5.2
678,13518,2026-06-02 21:41:02,billing_complaint,3.1
679,7500,2026-06-02 22:03:10,billing_complaint,1.6
680,7663,2026-06-02 22:03:25,billing_complaint,6.3
681,7258,2026-06-02 22:15:29,billing_complaint,8.2
682,3479,2026-06-02 22:21:15,billing_complaint,22.4
683,3272,2026-06-02 22:26:15,billing_complaint,14.1
684,642,2026-06-02 22:27:52,billing_complaint,7.6
685,7408,2026-06-02 22:43:15,billing_complaint,5.4
686,844,2026-06-02 22:46:24,billing_complaint,8.8
687,8051,2026-06-02 22:56:08,billing_complaint,1.2
688,1465,2026-06-02 23:00:59,billing_complaint,3.3
689,3597,2026-06-02 23:16:02,billing_complaint,8.1
690,8432,2026-06-02 23:20:46,billing_complaint,5.2
691,10041,2026-06-02 23:24:41,billing_complaint,14.8
692,6274,2026-06-02 23:33:32,billing_complaint,4.4
693,14570,2026-06-02 23:48:47,billing_complaint,2.8
694,4860,2026-06-03 00:10:09,billing_complaint,4.4
695,6085,2026-06-03 00:12:04,billing_complaint,6.1
696,14565,2026-06-03 00:15:26,billing_complaint,3.2
697,10742,2026-06-03 00:36:33,billing_complaint,5.1
698,4608,2026-06-03 00:39:13,billing_complaint,2.5
699,14772,2026-06-03 01:14:00,billing_complaint,1.3
700,13940,2026-06-03 01:23:44,billing_complaint,22.8
701,7920,2026-06-03 01:23:51,billing_complaint,5.3
702,10076,2026-06-03 01:58:25,billing_complaint,1.9
703,14974,2026-06-03 02:38:38,billing_complaint,12.6
704,10186,2026-06-03 02:44:59,billing_complaint,10.6
705,1914,2026-06-03 02:50:09,billing_complaint,11.5
706,13971,2026-06-03 02:54:57,billing_complaint,5.1
707,4695,2026-06-03 02:56:35,billing_complaint,1.3
708,3086,2026-06-03 03:13:39,billing_complaint,1.7
709,9111,2026-06-03 03:13:53,billing_complaint,11.8
710,12777,2026-06-03 03:15:46,billing_complaint,2.3
711,11389,2026-06-03 03:17:17,billing_complaint,4.9
712,6773,2026-06-03 03:24:05,billing_complaint,1.5
713,1166,2026-06-03 03:27:42,billing_complaint,9.6
714,8899,2026-06-03 03:28:21,billing_complaint,4.8
715,14582,2026-06-03 03:31:27,billing_complaint,3.0
716,5338,2026-06-03 03:36:54,billing_complaint,13.8
717,12393,2026-06-03 03:38:27,billing_complaint,3.9
718,2892,2026-06-03 03:43:10,billing_complaint,15.7
719,14799,2026-06-03 04:04:56,billing_complaint,10.2
720,13333,2026-06-03 04:16:10,billing_complaint,4.2
721,14452,2026-06-03 04:26:38,billing_complaint,8.7
722,7447,2026-06-03 04:37:13,billing_complaint,2.1
723,13082,2026-06-03 05:06:03,billing_complaint,9.5
724,1031,2026-06-03 05:13:46,billing_complaint,3.3
725,7757,2026-06-03 05:25:31,billing_complaint,3.4
726,12781,2026-06-03 05:29:41,billing_complaint,26.9
727,10243,2026-06-03 05:42:05,billing_complaint,2.1
728,13027,2026-06-03 05:44:01,billing_complaint,5.2
729,8982,2026-06-03 05:48:27,billing_complaint,2.9
730,12745,2026-06-03 05:57:05,billing_complaint,10.5
731,496,2026-06-03 05:57:33,billing_complaint,8.2
732,9234,2026-06-03 05:58:44,billing_complaint,6.6
733,14536,2026-06-03 06:08:17,billing_complaint,1.9
734,2958,2026-06-03 06:15:30,billing_complaint,5.4
735,12771,2026-06-03 06:18:31,billing_complaint,7.0
736,2423,2026-06-03 06:19:26,billing_complaint,13.7
737,6884,2026-06-03 06:22:22,billing_complaint,6.1
738,1037,2026-06-03 06:25:25,billing_complaint,0.9
739,3589,2026-06-03 06:27:13,billing_complaint,9.2
740,7737,2026-06-03 06:29:07,billing_complaint,8.9
741,13485,2026-06-03 06:34:28,billing_complaint,8.3
742,254,2026-06-03 07:39:50,billing_complaint,5.3
743,5248,2026-06-03 07:39:57,billing_complaint,7.5
744,14710,2026-06-03 07:46:19,billing_complaint,5.7
745,10365,2026-06-03 07:50:01,billing_complaint,15.0
746,12355,2026-06-03 08:01:59,billing_complaint,5.0
747,7645,2026-06-03 08:02:09,billing_complaint,5.9
748,9608,2026-06-03 08:02:53,billing_complaint,2.3
749,4539,2026-06-03 08:08:17,billing_complaint,7.8
750,13106,2026-06-03 08:16:04,billing_complaint,17.8
751,13159,2026-06-03 08:18:35,billing_complaint,8.2
752,3020,2026-06-03 08:31:50,billing_complaint,12.5
753,3142,2026-06-03 08:35:52,billing_complaint,6.3
754,9586,2026-06-03 08:39:40,billing_complaint,3.0
755,11412,2026-06-03 08:41:08,billing_complaint,21.4
756,616,2026-06-03 08:57:05,billing_complaint,6.2
757,14035,2026-06-03 09:05:25,billing_complaint,3.8
758,3495,2026-06-03 09:13:45,billing_complaint,1.7
759,1469,2026-06-03 09:18:07,billing_complaint,3.5
760,387,2026-06-03 09:22:58,billing_complaint,3.6
761,187,2026-06-03 09:27:01,billing_complaint,2.1
762,14044,2026-06-03 09:27:51,billing_complaint,11.3
763,2632,2026-06-03 09:28:17,billing_complaint,5.1
764,8488,2026-06-03 09:34:03,billing_complaint,6.0
765,9493,2026-06-03 09:34:34,billing_complaint,9.1
766,12445,2026-06-03 09:41:02,billing_complaint,5.8
767,3236,2026-06-03 09:51:54,billing_complaint,11.8
768,1910,2026-06-03 10:01:17,billing_complaint,12.5
769,11089,2026-06-03 10:09:31,billing_complaint,14.3
770,11855,2026-06-03 10:23:04,billing_complaint,5.6
771,7276,2026-06-03 10:26:56,billing_complaint,9.2
772,9967,2026-06-03 10:41:39,billing_complaint,5.6
773,12551,2026-06-03 10:44:23,billing_complaint,5.0
774,5973,2026-06-03 10:47:07,billing_complaint,2.8
775,1853,2026-06-03 10:52:48,billing_complaint,25.8
776,14751,2026-06-03 11:01:53,billing_complaint,6.2
777,883,2026-06-03 11:02:08,billing_complaint,6.5
778,1437,2026-06-03 11:17:17,feature_request,2.8
779,12573,2026-06-03 11:18:54,billing_complaint,30.2
780,2147,2026-06-03 11:38:34,billing_complaint,11.1
781,10705,2026-06-03 11:43:59,billing_complaint,3.2
782,10740,2026-06-03 11:56:18,bug_report,4.8
783,5470,2026-06-03 11:57:56,billing_complaint,6.3
784,2055,2026-06-03 12:19:57,billing_complaint,7.9
785,14860,2026-06-03 12:35:01,billing_complaint,11.0
786,13968,2026-06-03 12:37:02,billing_complaint,3.7
787,9850,2026-06-03 12:41:35,billing_complaint,6.5
788,5190,2026-06-03 12:44:47,billing_complaint,7.4
789,6419,2026-06-03 13:07:25,billing_complaint,1.9
790,12831,2026-06-03 13:08:48,billing_complaint,13.4
791,2384,2026-06-03 13:32:06,billing_complaint,11.3
792,7951,2026-06-03 13:49:54,billing_complaint,11.6
793,12912,2026-06-03 13:55:47,billing_complaint,9.5
794,4445,2026-06-03 14:06:40,billing_complaint,8.5
795,6452,2026-06-03 14:26:03,billing_complaint,11.4
796,14293,2026-06-03 14:30:51,billing_complaint,11.3
797,6730,2026-06-03 14:42:51,billing_complaint,23.4
798,4065,2026-06-03 14:49:28,billing_complaint,18.8
799,12225,2026-06-03 15:02:25,billing_complaint,4.9
800,8096,2026-06-03 15:32:23,billing_complaint,6.3
801,13093,2026-06-03 15:38:15,billing_complaint,2.4
802,3110,2026-06-03 15:39:38,billing_complaint,4.8
803,12172,2026-06-03 15:46:49,billing_complaint,1.4
804,13066,2026-06-03 15:57:28,billing_complaint,2.1
805,2449,2026-06-03 16:04:25,billing_complaint,38.1
806,9929,2026-06-03 16:39:19,billing_complaint,17.2
807,9394,2026-06-03 16:48:25,billing_complaint,3.6
808,520,2026-06-03 16:52:55,billing_complaint,18.8
809,5620,2026-06-03 16:53:57,billing_complaint,7.8
810,9757,2026-06-03 17:03:27,billing_complaint,6.8
811,6848,2026-06-03 17:10:41,billing_complaint,3.0
812,1010,2026-06-03 17:14:48,billing_complaint,7.2
813,11490,2026-06-03 17:39:45,billing_complaint,6.6
814,8042,2026-06-03 17:45:42,billing_complaint,4.5
815,3042,2026-06-03 17:47:08,billing_complaint,8.5
816,296,2026-06-03 17:55:08,billing_complaint,17.0
817,11585,2026-06-03 18:07:21,billing_complaint,6.0
818,14475,2026-06-03 18:23:34,billing_complaint,5.1
819,9319,2026-06-03 18:27:01,billing_complaint,8.8
820,3844,2026-06-03 18:46:07,billing_complaint,6.8
821,2810,2026-06-03 18:46:31,billing_complaint,11.1
822,13896,2026-06-03 18:51:11,billing_complaint,7.4
823,1481,2026-06-03 19:20:18,billing_complaint,4.5
824,2444,2026-06-03 19:38:06,billing_complaint,3.0
825,12922,2026-06-03 20:19:26,billing_complaint,6.3
826,662,2026-06-03 20:38:52,billing_complaint,17.5
827,8372,2026-06-03 20:53:42,billing_complaint,1.4
828,3799,2026-06-03 20:56:05,billing_complaint,5.3
829,4562,2026-06-03 21:21:27,billing_complaint,4.0
830,8152,2026-06-03 21:24:19,billing_complaint,12.7
831,12798,2026-06-03 21:26:31,billing_complaint,13.9
832,1079,2026-06-03 21:44:08,billing_complaint,0.6
833,14914,2026-06-03 21:49:27,billing_complaint,11.2
834,558,2026-06-03 21:49:35,billing_complaint,18.6
835,12545,2026-06-03 21:59:52,billing_complaint,14.6
836,6759,2026-06-03 22:02:01,billing_complaint,4.6
837,5932,2026-06-03 22:40:40,billing_complaint,1.3
838,3852,2026-06-03 22:55:56,billing_complaint,10.7
839,5908,2026-06-03 23:07:35,billing_complaint,1.0
840,5992,2026-06-03 23:12:39,billing_complaint,3.7
841,1880,2026-06-03 23:53:10,billing_complaint,6.2
842,14705,2026-06-03 23:55:52,billing_complaint,9.7
843,10946,2026-06-04 00:05:21,billing_complaint,0.9
844,2795,2026-06-04 00:50:52,billing_complaint,2.5
845,2677,2026-06-04 01:02:30,billing_complaint,4.4
846,160,2026-06-04 01:11:52,billing_complaint,6.3
847,14578,2026-06-04 01:28:09,billing_complaint,6.5
848,8408,2026-06-04 01:51:37,billing_complaint,9.7
849,13094,2026-06-04 02:14:09,billing_complaint,11.5
850,10518,2026-06-04 02:23:26,billing_complaint,8.7
851,11548,2026-06-04 02:51:00,billing_complaint,4.3
852,484,2026-06-04 02:52:09,billing_complaint,5.0
853,4279,2026-06-04 03:09:43,billing_complaint,10.8
854,4077,2026-06-04 03:23:56,billing_complaint,2.1
855,1673,2026-06-04 03:32:09,billing_complaint,6.8
856,12385,2026-06-04 03:43:46,billing_complaint,5.6
857,13335,2026-06-04 03:46:25,billing_complaint,12.3
858,3404,2026-06-04 03:52:51,billing_complaint,21.3
859,2733,2026-06-04 03:55:28,billing_complaint,4.0
860,8511,2026-06-04 04:06:12,billing_complaint,2.5
861,833,2026-06-04 04:10:52,billing_complaint,10.7
862,2345,2026-06-04 04:20:17,billing_complaint,9.8
863,3447,2026-06-04 05:02:59,billing_complaint,33.6
864,1036,2026-06-04 05:23:05,billing_complaint,9.5
865,5853,2026-06-04 06:06:54,billing_complaint,0.8
866,1485,2026-06-04 06:11:40,billing_complaint,5.3
867,11451,2026-06-04 06:18:22,billing_complaint,0.5
868,14493,2026-06-04 06:21:39,billing_complaint,1.9
869,14232,2026-06-04 07:04:03,billing_complaint,5.4
870,7314,2026-06-04 07:29:25,billing_complaint,4.8
871,11142,2026-06-04 07:49:27,billing_complaint,10.6
872,12919,2026-06-04 08:27:59,billing_complaint,4.0
873,6181,2026-06-04 10:39:49,billing_complaint,0.4
874,14901,2026-06-04 10:43:26,billing_complaint,4.7
875,9797,2026-06-04 10:49:28,billing_complaint,7.3
876,8972,2026-06-04 11:14:38,billing_complaint,7.5
877,13401,2026-06-04 11:25:21,billing_complaint,9.0
878,5845,2026-06-04 11:39:15,billing_complaint,10.0
879,11818,2026-06-04 12:17:00,billing_complaint,1.0
880,6027,2026-06-04 12:51:22,billing_complaint,7.9
881,508,2026-06-04 13:12:40,billing_complaint,9.6
882,7945,2026-06-04 13:17:02,billing_complaint,0.3
883,2688,2026-06-04 13:41:10,billing_complaint,3.3
884,5776,2026-06-04 15:05:00,billing_complaint,2.9
885,1492,2026-06-04 15:28:46,billing_complaint,12.5
886,6295,2026-06-04 19:11:01,billing_complaint,26.5
887,14590,2026-06-04 19:34:52,billing_complaint,1.2
888,4202,2026-06-04 20:00:03,billing_complaint,9.1
889,1189,2026-06-04 20:27:27,billing_complaint,3.0
890,8947,2026-06-04 20:47:59,billing_complaint,6.4
891,6830,2026-06-04 20:58:39,billing_complaint,7.7
892,2163,2026-06-05 06:07:53,feature_request,6.1
893,2813,2026-06-05 07:14:32,billing_complaint,10.0
894,880,2026-06-05 07:27:57,bug_report,2.7
895,946,2026-06-05 11:05:37,feature_request,10.0
896,6324,2026-06-05 12:20:05,billing_complaint,4.8
897,2809,2026-06-05 16:34:35,billing_complaint,7.1
898,14488,2026-06-05 19:05:18,billing_complaint,9.2
899,13733,2026-06-05 19:17:39,billing_complaint,12.9
900,4932,2026-06-05 19:28:12,bug_report,4.0
901,10061,2026-06-05 20:25:45,billing_complaint,11.7
902,11868,2026-06-05 20:43:54,billing_complaint,8.5
903,2009,2026-06-05 21:07:05,billing_complaint,5.8
904,6621,2026-06-05 21:37:28,billing_complaint,7.2
905,11492,2026-06-05 21:57:18,billing_complaint,14.6
906,14231,2026-06-05 22:05:16,feature_request,11.2
907,14959,2026-06-05 23:04:56,billing_complaint,7.7
908,3972,2026-06-06 00:27:34,billing_complaint,2.3
909,11831,2026-06-06 02:05:21,billing_complaint,10.7
910,14930,2026-06-06 03:04:13,feature_request,0.7
911,11880,2026-06-06 17:49:56,billing_complaint,15.1
912,13278,2026-06-06 18:09:23,billing_complaint,7.1
913,10774,2026-06-06 19:11:37,billing_complaint,2.7
914,4821,2026-06-07 00:21:21,billing_complaint,1.2
915,3945,2026-06-07 00:26:38,billing_complaint,3.0
916,9207,2026-06-07 01:11:23,bug_report,17.4
917,2832,2026-06-07 03:20:28,bug_report,16.5
918,8296,2026-06-07 03:39:58,billing_complaint,3.1
919,13344,2026-06-07 07:00:20,billing_complaint,1.0
920,8081,2026-06-07 07:14:28,billing_complaint,8.6
921,2285,2026-06-07 07:32:08,billing_complaint,17.6
922,7198,2026-06-07 15:05:04,bug_report,0.5
923,12750,2026-06-07 15:45:14,billing_complaint,5.3
924,2809,2026-06-07 15:58:35,billing_complaint,6.6
925,12601,2026-06-07 17:46:42,billing_complaint,14.8
926,11865,2026-06-07 21:47:25,bug_report,3.6
927,13689,2026-06-07 22:21:22,billing_complaint,4.2
928,8103,2026-06-08 07:01:26,billing_complaint,4.6
929,10774,2026-06-08 08:34:21,billing_complaint,6.9
930,2446,2026-06-08 09:35:44,billing_complaint,16.1
931,9953,2026-06-08 12:37:25,billing_complaint,1.8
932,2489,2026-06-08 12:58:41,billing_complaint,2.7
933,12750,2026-06-08 17:11:48,billing_complaint,14.5
934,12973,2026-06-08 17:40:43,billing_complaint,10.4
935,2714,2026-06-08 20:16:56,billing_complaint,5.7
936,11760,2026-06-08 21:15:02,feature_request,3.4
937,7087,2026-06-08 22:15:25,billing_complaint,24.3
938,4866,2026-06-09 00:16:07,billing_complaint,8.7
939,14268,2026-06-09 00:58:32,billing_complaint,6.2
940,8801,2026-06-09 03:08:19,feature_request,4.5
941,8813,2026-06-09 13:01:50,billing_complaint,5.7
942,14575,2026-06-09 19:06:23,billing_complaint,5.9
943,13349,2026-06-09 19:49:58,billing_complaint,6.5
944,11061,2026-06-09 21:47:15,billing_complaint,14.0
945,4657,2026-06-09 23:56:28,billing_complaint,0.5
946,10218,2026-06-10 00:30:42,bug_report,10.5
947,2501,2026-06-10 02:59:13,billing_complaint,6.6
948,7223,2026-06-10 04:42:06,bug_report,2.4
949,9709,2026-06-10 07:43:11,billing_complaint,10.6
950,4390,2026-06-10 08:23:36,billing_complaint,5.7
951,4657,2026-06-10 08:25:10,billing_complaint,9.0
952,12529,2026-06-10 09:31:52,bug_report,19.6
953,13464,2026-06-10 11:28:14,bug_report,3.6
954,2336,2026-06-10 13:25:05,bug_report,7.6
955,917,2026-06-10 14:20:16,billing_complaint,9.4
956,6916,2026-06-10 17:54:01,billing_complaint,14.0
957,11860,2026-06-10 20:20:50,billing_complaint,5.1
958,1780,2026-06-10 22:47:49,billing_complaint,3.7
959,5831,2026-06-11 00:20:23,billing_complaint,1.2
960,14097,2026-06-11 00:33:26,billing_complaint,4.5
961,7764,2026-06-11 02:00:25,bug_report,5.9
962,5530,2026-06-11 02:12:29,billing_complaint,4.5
963,2748,2026-06-11 05:59:28,bug_report,2.5
964,5220,2026-06-11 08:05:29,feature_request,9.9
965,2499,2026-06-11 10:26:37,billing_complaint,1.4
966,2852,2026-06-11 12:47:41,billing_complaint,0.7
967,13702,2026-06-11 13:19:34,billing_complaint,9.7
968,5343,2026-06-11 15:01:20,bug_report,2.5
969,14752,2026-06-11 15:13:43,billing_complaint,3.3
970,12246,2026-06-11 22:10:39,billing_complaint,8.8
971,10925,2026-06-12 00:16:50,billing_complaint,11.8
972,7339,2026-06-12 01:28:18,billing_complaint,4.9
973,14801,2026-06-12 01:37:22,billing_complaint,8.4
974,12426,2026-06-12 02:55:00,bug_report,1.9
975,12065,2026-06-12 15:28:01,bug_report,23.1
976,9468,2026-06-12 20:58:26,billing_complaint,15.4
977,8796,2026-06-12 21:11:33,billing_complaint,10.1
978,4752,2026-06-13 01:52:45,billing_complaint,1.4
979,12500,2026-06-13 02:48:02,billing_complaint,12.9
980,13544,2026-06-13 02:57:43,billing_complaint,9.1
981,11342,2026-06-13 06:31:09,billing_complaint,7.1
982,5279,2026-06-14 01:13:51,bug_report,6.7
983,14045,2026-06-14 02:18:43,billing_complaint,0.8
984,4272,2026-06-14 02:56:23,bug_report,8.1
985,9590,2026-06-14 03:53:23,billing_complaint,8.2
986,8996,2026-06-14 06:44:52,billing_complaint,32.6
987,3131,2026-06-14 08:00:51,billing_complaint,4.2
988,6171,2026-06-14 14:57:47,billing_complaint,1.3
989,3280,2026-06-14 19:49:34,billing_complaint,9.0
990,8346,2026-06-15 00:47:52,billing_complaint,10.7
991,7935,2026-06-15 06:00:34,billing_complaint,5.9
992,6698,2026-06-15 09:12:40,bug_report,6.3
993,2150,2026-06-15 09:27:48,billing_complaint,1.4
994,1684,2026-06-15 10:47:12,billing_complaint,24.9
995,13285,2026-06-15 11:17:44,billing_complaint,1.8
996,12384,2026-06-15 11:22:19,billing_complaint,0.9
997,9177,2026-06-15 11:37:27,bug_report,8.0
998,10447,2026-06-15 13:19:25,billing_complaint,11.0
999,4297,2026-06-15 19:00:59,billing_complaint,6.8
1000,3742,2026-06-15 23:35:45,billing_complaint,8.1
1001,12964,2026-06-16 01:40:17,feature_request,7.1
1002,6754,2026-06-16 02:11:00,bug_report,3.2
1003,9265,2026-06-16 05:23:32,billing_complaint,7.3
1004,8487,2026-06-16 06:18:32,feature_request,10.5
1005,5263,2026-06-16 06:19:19,billing_complaint,0.8
1006,6191,2026-06-16 07:54:41,billing_complaint,4.9
1007,1360,2026-06-16 09:56:21,billing_complaint,9.8
1008,290,2026-06-16 12:52:55,billing_complaint,4.5
1009,14782,2026-06-16 13:01:39,billing_complaint,23.3
1010,7700,2026-06-16 22:22:56,bug_report,9.5
1011,10818,2026-06-17 03:22:15,billing_complaint,4.8
1012,3561,2026-06-17 10:01:53,bug_report,10.1
1013,14594,2026-06-17 14:00:23,billing_complaint,4.1
1014,116,2026-06-17 14:46:22,feature_request,1.7
1015,4869,2026-06-17 19:32:07,bug_report,4.1
1016,11719,2026-06-18 00:31:17,bug_report,16.4
1017,10689,2026-06-18 01:42:25,billing_complaint,8.3
1018,14357,2026-06-18 02:45:12,billing_complaint,0.7
1019,6791,2026-06-18 04:00:05,billing_complaint,1.0
1020,4727,2026-06-18 06:23:56,billing_complaint,1.9
1021,14059,2026-06-18 17:09:56,billing_complaint,2.2
1022,12565,2026-06-18 18:05:42,billing_complaint,5.1
1023,1853,2026-06-18 22:10:00,feature_request,3.1
1024,14491,2026-06-18 22:10:22,billing_complaint,6.4
1025,11701,2026-06-19 02:36:29,billing_complaint,11.6
1026,6436,2026-06-19 03:56:57,billing_complaint,8.0
1027,11651,2026-06-19 06:42:10,billing_complaint,7.1
1028,2931,2026-06-19 06:50:54,feature_request,20.0
1029,1834,2026-06-19 07:16:19,billing_complaint,7.9
1030,11240,2026-06-19 07:32:05,billing_complaint,10.6
1031,2666,2026-06-19 12:04:13,billing_complaint,11.5
1032,7805,2026-06-19 16:00:35,billing_complaint,5.8
1033,14867,2026-06-19 18:40:27,bug_report,4.5
1034,14535,2026-06-19 19:05:16,billing_complaint,1.7
1035,14197,2026-06-19 19:26:00,billing_complaint,2.8
1036,7264,2026-06-20 00:47:58,feature_request,0.4
1037,4718,2026-06-20 01:33:49,billing_complaint,2.7
1038,7883,2026-06-20 01:55:49,billing_complaint,7.0
1039,12827,2026-06-20 06:40:40,billing_complaint,12.1
1040,588,2026-06-20 08:06:33,billing_complaint,10.1
1041,11425,2026-06-20 13:56:26,billing_complaint,12.2
1042,1231,2026-06-20 14:22:32,billing_complaint,10.4
1043,3080,2026-06-20 15:04:04,billing_complaint,7.4
1044,244,2026-06-20 16:22:24,feature_request,9.5
1045,5054,2026-06-20 17:55:05,billing_complaint,3.6
1046,450,2026-06-20 17:55:41,billing_complaint,0.7
1047,7943,2026-06-20 19:53:24,bug_report,4.2
1048,7657,2026-06-20 22:15:00,billing_complaint,8.5
1049,7507,2026-06-20 22:33:06,billing_complaint,3.9
1050,9747,2026-06-21 02:15:38,billing_complaint,9.8
1051,7129,2026-06-21 02:57:31,billing_complaint,2.5
1052,12848,2026-06-21 08:02:02,billing_complaint,13.2
1053,8386,2026-06-21 08:48:58,billing_complaint,2.9
1054,3552,2026-06-21 09:05:09,bug_report,5.0
1055,12352,2026-06-21 14:20:00,billing_complaint,9.2
1056,10691,2026-06-21 14:45:04,billing_complaint,5.2
1057,12996,2026-06-21 15:47:01,billing_complaint,13.2
1058,1517,2026-06-21 16:39:46,billing_complaint,7.2
1059,6993,2026-06-21 21:35:02,billing_complaint,6.5
1060,11255,2026-06-21 22:58:47,billing_complaint,23.8
1061,12133,2026-06-22 01:15:21,billing_complaint,5.1
1062,166,2026-06-22 02:56:34,billing_complaint,9.2
1063,12440,2026-06-22 05:49:09,billing_complaint,0.7
1064,9235,2026-06-22 07:57:21,feature_request,10.8
1065,9619,2026-06-22 11:26:57,billing_complaint,12.3
1066,12895,2026-06-22 12:18:59,billing_complaint,16.3
1067,1148,2026-06-22 13:21:53,billing_complaint,7.0
1068,6197,2026-06-22 15:57:08,bug_report,2.7
1069,12521,2026-06-22 23:46:55,billing_complaint,1.3
1070,4412,2026-06-23 00:42:51,billing_complaint,2.4
1071,3358,2026-06-23 01:31:25,billing_complaint,4.2
1072,12470,2026-06-23 03:43:46,billing_complaint,6.3
1073,8192,2026-06-23 03:48:48,feature_request,3.1
1074,12403,2026-06-23 05:25:20,bug_report,10.3
1075,6600,2026-06-23 07:58:23,billing_complaint,8.5
1076,7623,2026-06-23 09:52:46,billing_complaint,16.2
1077,14872,2026-06-23 09:58:17,billing_complaint,7.8
1078,7902,2026-06-23 10:36:50,billing_complaint,10.2
1079,4947,2026-06-23 17:05:08,bug_report,8.3
1080,8698,2026-06-23 17:21:07,billing_complaint,7.9
1081,5562,2026-06-23 17:32:40,billing_complaint,18.1
1082,7848,2026-06-23 22:51:57,billing_complaint,9.2
1083,1205,2026-06-24 00:10:22,feature_request,4.7
1084,9602,2026-06-24 10:49:42,bug_report,6.5
1085,5582,2026-06-24 12:51:48,billing_complaint,2.8
1086,6304,2026-06-24 16:05:29,billing_complaint,9.5
1087,8007,2026-06-24 20:03:05,billing_complaint,11.5
1088,13820,2026-06-25 00:11:09,billing_complaint,14.6
1089,5184,2026-06-25 02:19:40,billing_complaint,12.7
1090,8770,2026-06-25 02:21:14,bug_report,6.1
1091,3078,2026-06-25 03:11:54,bug_report,6.3
1092,12934,2026-06-25 08:07:01,billing_complaint,6.8
1093,12143,2026-06-25 10:34:00,bug_report,14.5
1094,9970,2026-06-25 11:07:31,bug_report,13.6
1095,10530,2026-06-25 20:47:23,billing_complaint,9.9
1096,11583,2026-06-25 21:16:51,billing_complaint,13.9
1097,8822,2026-06-26 00:19:20,cancellation_request,1.2
1098,11427,2026-06-26 00:46:22,cancellation_request,7.4
1099,12630,2026-06-26 01:34:50,cancellation_request,9.3
1100,3358,2026-06-26 01:59:06,cancellation_request,3.6
1101,5615,2026-06-26 02:36:42,cancellation_request,7.4
1102,10855,2026-06-26 03:06:23,cancellation_request,3.9
1103,4515,2026-06-26 03:32:07,cancellation_request,5.1
1104,11874,2026-06-26 03:40:26,cancellation_request,20.1
1105,1808,2026-06-26 03:40:36,cancellation_request,6.7
1106,1467,2026-06-26 03:42:21,cancellation_request,9.9
1107,6567,2026-06-26 04:56:36,cancellation_request,11.5
1108,11886,2026-06-26 05:09:14,cancellation_request,5.7
1109,6012,2026-06-26 05:22:47,cancellation_request,2.8
1110,2457,2026-06-26 05:29:26,cancellation_request,3.1
1111,9584,2026-06-26 05:38:21,bug_report,17.7
1112,10729,2026-06-26 05:40:59,cancellation_request,11.0
1113,6381,2026-06-26 05:41:32,cancellation_request,7.1
1114,3143,2026-06-26 05:52:57,cancellation_request,9.2
1115,9565,2026-06-26 05:54:10,cancellation_request,9.1
1116,9609,2026-06-26 06:02:55,cancellation_request,12.8
1117,9870,2026-06-26 06:12:37,cancellation_request,11.3
1118,5732,2026-06-26 06:18:06,cancellation_request,4.1
1119,10701,2026-06-26 06:31:13,cancellation_request,10.8
1120,59,2026-06-26 06:32:07,feature_request,0.5
1121,8960,2026-06-26 07:11:38,cancellation_request,10.7
1122,10250,2026-06-26 07:34:46,cancellation_request,6.3
1123,425,2026-06-26 07:45:58,cancellation_request,18.3
1124,2007,2026-06-26 08:31:30,cancellation_request,4.2
1125,10477,2026-06-26 08:50:23,cancellation_request,6.5
1126,13271,2026-06-26 09:08:45,billing_complaint,5.8
1127,11436,2026-06-26 09:20:20,billing_complaint,1.9
1128,12102,2026-06-26 09:56:01,cancellation_request,14.7
1129,5338,2026-06-26 10:06:45,cancellation_request,14.3
1130,11959,2026-06-26 10:39:07,cancellation_request,4.9
1131,663,2026-06-26 10:53:31,cancellation_request,6.2
1132,13271,2026-06-26 11:17:45,billing_complaint,5.6
1133,12925,2026-06-26 11:45:06,cancellation_request,3.1
1134,8459,2026-06-26 12:15:43,cancellation_request,6.9
1135,2451,2026-06-26 12:15:49,cancellation_request,4.2
1136,10862,2026-06-26 12:30:24,cancellation_request,5.6
1137,11011,2026-06-26 13:10:20,cancellation_request,16.3
1138,3773,2026-06-26 13:13:48,cancellation_request,9.5
1139,7721,2026-06-26 13:23:00,cancellation_request,9.8
1140,2170,2026-06-26 14:08:07,cancellation_request,1.0
1141,12717,2026-06-26 14:24:48,cancellation_request,13.4
1142,10710,2026-06-26 14:48:14,billing_complaint,6.9
1143,11377,2026-06-26 15:16:23,cancellation_request,37.9
1144,1840,2026-06-26 15:19:15,cancellation_request,24.4
1145,8265,2026-06-26 15:31:23,cancellation_request,8.2
1146,6690,2026-06-26 15:36:41,cancellation_request,1.2
1147,13408,2026-06-26 16:07:03,cancellation_request,9.1
1148,14239,2026-06-26 16:12:59,billing_complaint,10.2
1149,2253,2026-06-26 16:28:20,cancellation_request,1.6
1150,9633,2026-06-26 16:50:58,cancellation_request,6.5
1151,3201,2026-06-26 17:08:48,cancellation_request,2.6
1152,8461,2026-06-26 17:11:00,cancellation_request,6.1
1153,13126,2026-06-26 17:26:54,cancellation_request,3.1
1154,4641,2026-06-26 18:08:38,billing_complaint,3.0
1155,12280,2026-06-26 18:22:59,cancellation_request,23.9
1156,802,2026-06-26 18:51:04,cancellation_request,15.9
1157,5481,2026-06-26 19:07:46,cancellation_request,5.4
1158,8905,2026-06-26 20:12:36,cancellation_request,4.1
1159,12072,2026-06-26 20:16:45,cancellation_request,17.3
1160,7182,2026-06-26 20:20:06,cancellation_request,6.4
1161,2606,2026-06-26 20:26:56,cancellation_request,2.0
1162,1033,2026-06-26 20:38:14,cancellation_request,6.3
1163,9705,2026-06-26 20:44:43,bug_report,1.2
1164,639,2026-06-26 21:08:08,cancellation_request,6.8
1165,5566,2026-06-26 21:33:04,cancellation_request,12.6
1166,9414,2026-06-26 21:33:21,cancellation_request,6.1
1167,2412,2026-06-26 21:51:40,cancellation_request,2.2
1168,1221,2026-06-26 21:51:53,cancellation_request,4.0
1169,14535,2026-06-26 22:13:11,cancellation_request,2.1
1170,2396,2026-06-26 22:19:22,cancellation_request,11.9
1171,13846,2026-06-26 22:35:47,cancellation_request,5.1
1172,13970,2026-06-26 23:26:38,cancellation_request,7.7
1173,7265,2026-06-26 23:40:47,cancellation_request,6.4
1174,6031,2026-06-26 23:45:21,cancellation_request,3.7
1175,1962,2026-06-26 23:58:20,cancellation_request,7.3
1176,1227,2026-06-27 00:38:10,cancellation_request,6.3
1177,576,2026-06-27 00:48:59,cancellation_request,4.4
1178,3938,2026-06-27 01:02:28,cancellation_request,9.5
1179,8743,2026-06-27 01:09:39,bug_report,5.1
1180,422,2026-06-27 01:29:17,cancellation_request,4.9
1181,12300,2026-06-27 01:36:26,cancellation_request,10.6
1182,883,2026-06-27 02:30:39,cancellation_request,7.1
1183,11566,2026-06-27 02:43:57,cancellation_request,4.9
1184,5777,2026-06-27 02:45:06,cancellation_request,2.4
1185,10118,2026-06-27 02:47:49,cancellation_request,2.6
1186,12905,2026-06-27 02:58:37,cancellation_request,14.1
1187,1854,2026-06-27 03:15:16,cancellation_request,19.8
1188,13579,2026-06-27 03:45:24,billing_complaint,21.8
1189,10517,2026-06-27 03:45:53,cancellation_request,3.0
1190,3347,2026-06-27 04:21:28,cancellation_request,2.4
1191,11660,2026-06-27 04:21:50,cancellation_request,21.6
1192,12810,2026-06-27 04:39:29,cancellation_request,8.9
1193,8362,2026-06-27 04:39:48,cancellation_request,8.3
1194,4891,2026-06-27 04:41:42,cancellation_request,3.6
1195,10371,2026-06-27 05:08:00,cancellation_request,3.1
1196,3187,2026-06-27 05:46:16,cancellation_request,10.4
1197,14633,2026-06-27 06:16:22,cancellation_request,5.2
1198,13684,2026-06-27 06:39:24,billing_complaint,13.7
1199,8879,2026-06-27 06:42:07,cancellation_request,16.5
1200,1628,2026-06-27 07:08:50,cancellation_request,1.7
1201,5157,2026-06-27 07:23:33,cancellation_request,4.0
1202,10966,2026-06-27 07:29:10,cancellation_request,9.6
1203,8648,2026-06-27 07:34:05,cancellation_request,17.9
1204,10495,2026-06-27 08:22:40,cancellation_request,6.0
1205,8538,2026-06-27 08:45:14,cancellation_request,5.7
1206,14532,2026-06-27 08:56:21,cancellation_request,12.1
1207,13371,2026-06-27 08:59:13,billing_complaint,13.0
1208,13145,2026-06-27 09:00:53,cancellation_request,2.9
1209,4573,2026-06-27 09:23:44,cancellation_request,4.8
1210,12001,2026-06-27 09:49:39,billing_complaint,14.6
1211,12628,2026-06-27 10:10:16,cancellation_request,22.9
1212,8830,2026-06-27 10:47:55,cancellation_request,9.8
1213,9929,2026-06-27 10:54:17,cancellation_request,8.0
1214,1475,2026-06-27 10:56:39,cancellation_request,4.3
1215,4334,2026-06-27 10:58:41,cancellation_request,23.0
1216,165,2026-06-27 11:12:49,cancellation_request,4.6
1217,8656,2026-06-27 11:20:43,cancellation_request,11.1
1218,7929,2026-06-27 11:41:31,cancellation_request,9.1
1219,10445,2026-06-27 11:50:23,cancellation_request,11.6
1220,7034,2026-06-27 11:51:04,cancellation_request,13.3
1221,2853,2026-06-27 11:52:00,cancellation_request,8.4
1222,14581,2026-06-27 11:56:05,billing_complaint,3.2
1223,10742,2026-06-27 12:11:57,cancellation_request,7.1
1224,7142,2026-06-27 12:52:05,cancellation_request,3.0
1225,1751,2026-06-27 12:58:39,cancellation_request,9.7
1226,9741,2026-06-27 13:10:41,cancellation_request,1.9
1227,616,2026-06-27 13:16:17,cancellation_request,15.4
1228,13826,2026-06-27 13:23:17,cancellation_request,4.5
1229,8135,2026-06-27 13:26:30,cancellation_request,3.8
1230,6410,2026-06-27 13:33:48,cancellation_request,3.0
1231,3998,2026-06-27 13:35:27,cancellation_request,8.7
1232,4621,2026-06-27 13:53:38,cancellation_request,5.2
1233,3758,2026-06-27 14:07:03,cancellation_request,12.2
1234,5392,2026-06-27 15:02:47,cancellation_request,8.6
1235,4586,2026-06-27 15:13:22,cancellation_request,16.3
1236,8839,2026-06-27 16:24:28,cancellation_request,4.9
1237,2967,2026-06-27 16:56:45,cancellation_request,1.6
1238,6496,2026-06-27 17:22:22,cancellation_request,27.0
1239,8251,2026-06-27 18:07:11,billing_complaint,5.6
1240,6123,2026-06-27 18:08:32,cancellation_request,13.8
1241,13263,2026-06-27 18:37:21,cancellation_request,12.8
1242,8257,2026-06-27 18:49:35,billing_complaint,3.6
1243,2275,2026-06-27 19:20:50,cancellation_request,8.0
1244,4264,2026-06-27 19:52:41,cancellation_request,9.6
1245,11205,2026-06-27 20:02:03,billing_complaint,13.3
1246,6910,2026-06-27 21:43:54,cancellation_request,4.0
1247,4175,2026-06-27 21:53:09,cancellation_request,2.3
1248,1457,2026-06-27 22:12:04,cancellation_request,3.2
1249,10891,2026-06-27 22:45:51,feature_request,5.8
1250,4487,2026-06-27 23:12:33,cancellation_request,5.2
1251,10121,2026-06-27 23:38:34,cancellation_request,9.4
1252,92,2026-06-28 00:15:13,cancellation_request,19.4
1253,9824,2026-06-28 00:23:34,cancellation_request,14.2
1254,2290,2026-06-28 00:37:10,cancellation_request,12.9
1255,3735,2026-06-28 00:53:22,cancellation_request,12.6
1256,14631,2026-06-28 00:54:21,cancellation_request,9.0
1257,3441,2026-06-28 01:06:05,billing_complaint,1.3
1258,9498,2026-06-28 01:22:35,cancellation_request,12.0
1259,2133,2026-06-28 01:40:05,cancellation_request,1.1
1260,12932,2026-06-28 01:50:17,cancellation_request,7.7
1261,1887,2026-06-28 01:51:16,cancellation_request,2.2
1262,13691,2026-06-28 02:12:44,cancellation_request,10.4
1263,4412,2026-06-28 02:24:46,cancellation_request,8.5
1264,12973,2026-06-28 02:33:18,cancellation_request,11.8
1265,10612,2026-06-28 03:47:47,cancellation_request,3.5
1266,13124,2026-06-28 04:30:15,cancellation_request,5.7
1267,6654,2026-06-28 04:37:29,cancellation_request,9.7
1268,2287,2026-06-28 04:51:33,cancellation_request,3.4
1269,11940,2026-06-28 05:10:35,bug_report,12.8
1270,3600,2026-06-28 05:18:57,cancellation_request,11.9
1271,11649,2026-06-28 05:58:51,cancellation_request,6.3
1272,8995,2026-06-28 06:15:02,billing_complaint,8.1
1273,4117,2026-06-28 06:17:20,feature_request,9.8
1274,7229,2026-06-28 06:25:47,cancellation_request,7.0
1275,9316,2026-06-28 06:28:47,cancellation_request,8.3
1276,9513,2026-06-28 06:32:03,cancellation_request,7.1
1277,1719,2026-06-28 06:39:50,cancellation_request,5.8
1278,1879,2026-06-28 06:53:00,feature_request,7.5
1279,1444,2026-06-28 06:56:20,cancellation_request,4.1
1280,6458,2026-06-28 07:09:09,cancellation_request,5.6
1281,9064,2026-06-28 07:16:08,cancellation_request,8.6
1282,9250,2026-06-28 07:31:13,cancellation_request,7.3
1283,10865,2026-06-28 07:31:51,cancellation_request,6.1
1284,1178,2026-06-28 07:41:40,cancellation_request,7.7
1285,14585,2026-06-28 07:53:02,cancellation_request,11.3
1286,5101,2026-06-28 07:58:22,cancellation_request,4.3
1287,6691,2026-06-28 08:03:03,bug_report,5.6
1288,10218,2026-06-28 08:52:35,cancellation_request,3.6
1289,7570,2026-06-28 08:59:41,billing_complaint,1.9
1290,4292,2026-06-28 09:06:33,cancellation_request,7.4
1291,11,2026-06-28 09:13:19,cancellation_request,5.5
1292,2986,2026-06-28 09:31:17,cancellation_request,14.6
1293,14577,2026-06-28 09:47:25,cancellation_request,5.5
1294,12415,2026-06-28 09:59:23,cancellation_request,7.6
1295,11153,2026-06-28 10:17:00,cancellation_request,2.7
1296,13038,2026-06-28 10:24:53,cancellation_request,11.6
1297,7653,2026-06-28 10:26:02,billing_complaint,3.9
1298,8701,2026-06-28 10:29:21,cancellation_request,1.7
1299,8294,2026-06-28 10:39:12,billing_complaint,2.1
1300,4897,2026-06-28 10:56:32,cancellation_request,2.4
1301,9172,2026-06-28 11:10:02,cancellation_request,1.5
1302,6105,2026-06-28 11:30:37,cancellation_request,4.2
1303,4630,2026-06-28 11:32:17,cancellation_request,7.1
1304,9217,2026-06-28 11:36:04,cancellation_request,3.8
1305,10222,2026-06-28 11:37:42,billing_complaint,19.1
1306,6362,2026-06-28 11:37:59,cancellation_request,13.8
1307,5668,2026-06-28 12:04:30,cancellation_request,16.9
1308,1052,2026-06-28 12:23:09,cancellation_request,12.1
1309,6181,2026-06-28 12:23:30,cancellation_request,24.9
1310,8244,2026-06-28 12:45:42,cancellation_request,12.4
1311,11735,2026-06-28 13:08:39,cancellation_request,1.9
1312,6725,2026-06-28 13:34:36,cancellation_request,9.0
1313,6621,2026-06-28 13:38:29,cancellation_request,26.5
1314,1649,2026-06-28 13:41:09,cancellation_request,10.8
1315,6862,2026-06-28 14:14:38,cancellation_request,4.5
1316,4815,2026-06-28 14:18:38,cancellation_request,4.3
1317,5002,2026-06-28 15:07:40,cancellation_request,11.6
1318,4702,2026-06-28 15:12:46,cancellation_request,7.9
1319,13222,2026-06-28 15:40:01,cancellation_request,3.7
1320,13412,2026-06-28 16:14:12,cancellation_request,13.5
1321,11597,2026-06-28 16:28:46,cancellation_request,21.9
1322,13306,2026-06-28 16:40:06,cancellation_request,10.4
1323,1110,2026-06-28 16:51:13,cancellation_request,5.5
1324,2962,2026-06-28 17:03:42,cancellation_request,9.2
1325,12008,2026-06-28 17:29:49,bug_report,2.6
1326,11311,2026-06-28 17:39:42,cancellation_request,4.3
1327,13979,2026-06-28 17:44:07,cancellation_request,8.1
1328,2895,2026-06-28 18:48:53,cancellation_request,9.1
1329,6069,2026-06-28 18:50:43,cancellation_request,1.6
1330,6600,2026-06-28 18:54:09,cancellation_request,2.6
1331,7415,2026-06-28 20:01:47,billing_complaint,10.2
1332,2946,2026-06-28 21:03:19,cancellation_request,2.3
1333,13317,2026-06-28 21:05:19,cancellation_request,1.3
1334,12258,2026-06-28 21:29:35,billing_complaint,7.1
1335,5687,2026-06-28 21:36:46,cancellation_request,8.0
1336,664,2026-06-28 21:38:16,billing_complaint,4.8
1337,10266,2026-06-28 22:14:51,cancellation_request,5.4
1338,1140,2026-06-28 22:24:53,cancellation_request,13.4
1339,8764,2026-06-28 22:45:10,cancellation_request,2.2
1340,3987,2026-06-28 23:30:51,cancellation_request,0.3
1341,11793,2026-06-28 23:53:47,cancellation_request,8.8
1342,8266,2026-06-28 23:57:09,cancellation_request,13.1
1343,5145,2026-06-29 00:10:26,cancellation_request,6.2
1344,11279,2026-06-29 01:48:45,cancellation_request,2.4
1345,12029,2026-06-29 01:54:28,cancellation_request,5.6
1346,1012,2026-06-29 03:20:51,cancellation_request,6.9
1347,5462,2026-06-29 03:26:12,cancellation_request,9.8
1348,6859,2026-06-29 03:45:49,billing_complaint,7.8
1349,5981,2026-06-29 03:57:55,cancellation_request,3.5
1350,12391,2026-06-29 04:09:31,cancellation_request,2.2
1351,866,2026-06-29 04:54:07,cancellation_request,6.3
1352,7286,2026-06-29 05:15:53,billing_complaint,2.8
1353,22,2026-06-29 06:09:49,cancellation_request,21.5
1354,11953,2026-06-29 06:39:24,cancellation_request,8.5
1355,11629,2026-06-29 06:47:09,cancellation_request,2.5
1356,8592,2026-06-29 06:59:48,cancellation_request,7.7
1357,226,2026-06-29 07:03:42,cancellation_request,15.5
1358,13265,2026-06-29 08:32:20,cancellation_request,6.0
1359,2736,2026-06-29 09:46:52,cancellation_request,13.1
1360,12499,2026-06-29 11:13:55,cancellation_request,3.9
1361,14108,2026-06-29 11:17:01,cancellation_request,7.5
1362,58,2026-06-29 12:02:52,cancellation_request,34.8
1363,14005,2026-06-29 12:06:28,cancellation_request,6.9
1364,6244,2026-06-29 12:14:33,cancellation_request,16.4
1365,902,2026-06-29 12:33:45,cancellation_request,7.5
1366,3849,2026-06-29 12:34:47,feature_request,2.9
1367,7203,2026-06-29 12:37:51,cancellation_request,7.4
1368,9611,2026-06-29 12:44:16,cancellation_request,8.3
1369,3108,2026-06-29 12:52:58,billing_complaint,4.0
1370,14218,2026-06-29 13:05:30,cancellation_request,10.2
1371,12402,2026-06-29 13:35:41,cancellation_request,8.2
1372,11978,2026-06-29 13:41:36,cancellation_request,19.9
1373,2625,2026-06-29 13:50:45,cancellation_request,2.1
1374,4571,2026-06-29 14:00:40,cancellation_request,9.3
1375,5529,2026-06-29 14:11:44,billing_complaint,6.1
1376,13250,2026-06-29 14:20:45,cancellation_request,6.6
1377,4285,2026-06-29 14:35:03,cancellation_request,8.9
1378,14229,2026-06-29 15:20:14,cancellation_request,4.1
1379,2584,2026-06-29 15:43:44,cancellation_request,1.1
1380,1567,2026-06-29 15:51:55,cancellation_request,2.5
1381,11747,2026-06-29 15:52:56,cancellation_request,3.9
1382,8811,2026-06-29 16:08:56,cancellation_request,2.8
1383,6085,2026-06-29 16:12:33,cancellation_request,4.3
1384,13201,2026-06-29 16:48:31,cancellation_request,11.6
1385,8183,2026-06-29 17:04:22,cancellation_request,9.6
1386,13118,2026-06-29 17:26:56,cancellation_request,26.1
1387,376,2026-06-29 17:44:35,cancellation_request,0.4
1388,3484,2026-06-29 17:45:58,cancellation_request,2.1
1389,8140,2026-06-29 18:04:13,cancellation_request,4.1
1390,2025,2026-06-29 18:09:29,cancellation_request,20.6
1391,3874,2026-06-29 18:40:26,cancellation_request,12.1
1392,2448,2026-06-29 18:59:09,cancellation_request,1.5
1393,5626,2026-06-29 19:12:37,cancellation_request,22.0
1394,1051,2026-06-29 19:18:04,feature_request,0.9
1395,1163,2026-06-29 20:05:44,cancellation_request,5.9
1396,2149,2026-06-29 20:11:17,cancellation_request,2.8
1397,1020,2026-06-29 20:29:20,billing_complaint,7.1
1398,10378,2026-06-29 20:38:38,cancellation_request,4.1
1399,1286,2026-06-29 20:40:02,cancellation_request,14.6
1400,13914,2026-06-29 20:53:31,cancellation_request,5.2
1401,1116,2026-06-29 20:57:21,cancellation_request,6.4
1402,10421,2026-06-29 21:22:41,cancellation_request,5.9
1403,8696,2026-06-29 21:43:33,cancellation_request,9.9
1404,5797,2026-06-29 21:46:39,cancellation_request,4.9
1405,2350,2026-06-29 21:54:54,cancellation_request,0.4
1406,377,2026-06-29 21:56:34,cancellation_request,13.5
1407,6036,2026-06-29 22:45:37,cancellation_request,3.6
1408,5643,2026-06-29 23:07:46,bug_report,5.9
1409,10975,2026-06-29 23:19:55,billing_complaint,1.1
1410,8615,2026-06-29 23:52:27,cancellation_request,8.6
1411,3081,2026-06-29 23:59:10,cancellation_request,2.9
1412,6217,2026-06-30 00:10:23,cancellation_request,4.3
1413,2518,2026-06-30 00:28:47,billing_complaint,11.6
1414,1161,2026-06-30 00:33:49,cancellation_request,6.8
1415,3723,2026-06-30 00:39:38,cancellation_request,5.6
1416,10552,2026-06-30 01:00:55,cancellation_request,4.9
1417,6055,2026-06-30 01:18:42,cancellation_request,3.9
1418,12888,2026-06-30 01:49:17,cancellation_request,2.7
1419,6408,2026-06-30 02:18:09,billing_complaint,3.7
1420,31,2026-06-30 02:29:11,cancellation_request,9.6
1421,6212,2026-06-30 03:11:34,cancellation_request,7.2
1422,11716,2026-06-30 03:15:28,billing_complaint,3.2
1423,1775,2026-06-30 03:15:57,cancellation_request,6.2
1424,14364,2026-06-30 04:39:06,cancellation_request,8.6
1425,13044,2026-06-30 04:49:53,cancellation_request,5.1
1426,497,2026-06-30 04:50:38,cancellation_request,9.2
1427,1460,2026-06-30 04:59:32,billing_complaint,2.5
1428,9775,2026-06-30 06:10:49,cancellation_request,11.4
1429,10038,2026-06-30 06:37:27,cancellation_request,4.7
1430,6949,2026-06-30 06:40:40,cancellation_request,6.4
1431,1619,2026-06-30 06:49:23,cancellation_request,7.2
1432,12378,2026-06-30 07:17:04,cancellation_request,8.2
1433,10817,2026-06-30 07:34:26,cancellation_request,9.1
1434,11632,2026-06-30 07:41:05,cancellation_request,9.8
1435,1657,2026-06-30 07:52:34,cancellation_request,10.6
1436,14893,2026-06-30 07:58:23,cancellation_request,4.8
1437,9218,2026-06-30 08:02:41,cancellation_request,5.7
1438,6731,2026-06-30 08:30:43,cancellation_request,7.4
1439,13391,2026-06-30 10:04:16,billing_complaint,7.8
1440,12667,2026-06-30 10:17:56,cancellation_request,4.0
1441,7071,2026-06-30 11:01:49,cancellation_request,3.6
1442,2013,2026-06-30 11:10:57,cancellation_request,6.7
1443,6446,2026-06-30 11:14:02,cancellation_request,15.2
1444,11797,2026-06-30 11:23:10,cancellation_request,10.5
1445,3512,2026-06-30 12:23:12,cancellation_request,7.0
1446,3170,2026-06-30 12:42:59,cancellation_request,11.1
1447,5346,2026-06-30 12:54:42,cancellation_request,1.6
1448,7880,2026-06-30 12:55:45,billing_complaint,6.1
1449,13051,2026-06-30 13:08:20,cancellation_request,11.4
1450,13767,2026-06-30 13:33:36,cancellation_request,3.6
1451,4430,2026-06-30 13:55:09,cancellation_request,5.2
1452,11240,2026-06-30 14:06:23,cancellation_request,2.8
1453,5636,2026-06-30 14:08:17,cancellation_request,5.1
1454,5986,2026-06-30 14:31:21,cancellation_request,4.2
1455,11763,2026-06-30 14:40:16,cancellation_request,8.7
1456,9499,2026-06-30 14:44:52,billing_complaint,10.9
1457,12452,2026-06-30 15:15:55,cancellation_request,1.4
1458,10994,2026-06-30 16:20:41,cancellation_request,10.8
1459,2124,2026-06-30 16:22:17,billing_complaint,3.1
1460,11853,2026-06-30 16:24:33,cancellation_request,17.5
1461,7288,2026-06-30 16:39:00,cancellation_request,5.6
1462,14526,2026-06-30 16:49:49,cancellation_request,9.4
1463,11559,2026-06-30 17:05:12,billing_complaint,5.5
1464,9103,2026-06-30 17:16:43,cancellation_request,18.8
1465,3522,2026-06-30 17:22:51,cancellation_request,12.1
1466,13818,2026-06-30 17:35:41,cancellation_request,26.3
1467,10744,2026-06-30 17:47:16,cancellation_request,1.7
1468,4801,2026-06-30 17:53:57,cancellation_request,6.3
1469,12300,2026-06-30 18:00:20,billing_complaint,0.6
1470,969,2026-06-30 18:19:32,cancellation_request,9.2
1471,9625,2026-06-30 18:36:19,cancellation_request,1.8
1472,1327,2026-06-30 19:22:35,cancellation_request,4.6
1473,6868,2026-06-30 20:15:27,cancellation_request,20.5
1474,11450,2026-06-30 20:45:03,cancellation_request,15.0
1475,1638,2026-06-30 21:14:03,cancellation_request,2.8
1476,3867,2026-06-30 22:34:35,cancellation_request,0.6
1477,9548,2026-06-30 23:01:16,cancellation_request,5.8
1478,7405,2026-06-30 23:15:37,cancellation_request,6.8
1479,10424,2026-06-30 23:32:14,cancellation_request,3.9
1480,849,2026-06-30 23:35:31,cancellation_request,12.5
1481,14122,2026-06-30 23:45:24,cancellation_request,14.9
1482,1699,2026-07-01 01:50:37,feature_request,3.7
1483,14800,2026-07-01 01:52:17,billing_complaint,18.3
1484,6013,2026-07-01 02:47:56,billing_complaint,0.7
1485,11097,2026-07-01 03:01:16,billing_complaint,11.6
1486,11034,2026-07-01 03:29:09,bug_report,6.1
1487,6588,2026-07-01 03:49:39,billing_complaint,12.8
1488,3212,2026-07-01 03:59:32,billing_complaint,6.9
1489,5349,2026-07-01 04:10:53,billing_complaint,6.6
1490,14544,2026-07-01 04:23:12,billing_complaint,14.9
1491,4196,2026-07-01 05:15:49,billing_complaint,4.9
1492,10292,2026-07-01 05:21:13,billing_complaint,8.1
1493,8712,2026-07-01 05:34:43,billing_complaint,1.7
1494,4818,2026-07-01 05:41:59,billing_complaint,11.2
1495,2392,2026-07-01 06:03:23,billing_complaint,14.5
1496,989,2026-07-01 06:39:29,billing_complaint,14.9
1497,7689,2026-07-01 06:55:20,billing_complaint,5.9
1498,4142,2026-07-01 06:57:55,billing_complaint,8.8
1499,13001,2026-07-01 06:58:30,billing_complaint,16.0
1500,4960,2026-07-01 07:49:03,billing_complaint,4.1
1501,12079,2026-07-01 07:53:37,billing_complaint,4.8
1502,13206,2026-07-01 08:25:45,billing_complaint,3.4
1503,1095,2026-07-01 08:41:30,billing_complaint,21.9
1504,12169,2026-07-01 08:43:59,billing_complaint,12.5
1505,700,2026-07-01 08:46:19,billing_complaint,2.5
1506,711,2026-07-01 08:49:38,billing_complaint,11.8
1507,10740,2026-07-01 08:54:01,billing_complaint,1.7
1508,4860,2026-07-01 08:56:49,billing_complaint,13.1
1509,5763,2026-07-01 08:59:41,billing_complaint,12.5
1510,5060,2026-07-01 09:03:00,billing_complaint,6.8
1511,8506,2026-07-01 09:39:50,billing_complaint,4.1
1512,8285,2026-07-01 09:39:54,billing_complaint,4.8
1513,3960,2026-07-01 09:40:35,billing_complaint,4.6
1514,2030,2026-07-01 09:43:31,billing_complaint,5.0
1515,10963,2026-07-01 09:57:59,billing_complaint,4.2
1516,8210,2026-07-01 10:14:19,billing_complaint,6.0
1517,2942,2026-07-01 10:18:16,billing_complaint,8.9
1518,12684,2026-07-01 10:39:11,billing_complaint,14.4
1519,12257,2026-07-01 10:42:16,billing_complaint,0.8
1520,8983,2026-07-01 10:47:04,billing_complaint,14.1
1521,664,2026-07-01 11:27:54,billing_complaint,3.8
1522,3570,2026-07-01 11:30:40,billing_complaint,7.7
1523,3570,2026-07-01 11:50:18,billing_complaint,3.5
1524,5985,2026-07-01 11:54:34,billing_complaint,4.7
1525,6162,2026-07-01 11:55:40,billing_complaint,7.3
1526,10824,2026-07-01 11:55:57,billing_complaint,0.6
1527,11128,2026-07-01 12:01:50,billing_complaint,0.3
1528,3796,2026-07-01 12:04:24,billing_complaint,4.6
1529,10461,2026-07-01 12:10:33,billing_complaint,4.0
1530,1759,2026-07-01 12:10:48,billing_complaint,6.8
1531,12358,2026-07-01 12:27:43,billing_complaint,15.4
1532,8715,2026-07-01 12:27:59,billing_complaint,1.7
1533,8006,2026-07-01 12:33:22,billing_complaint,3.3
1534,14032,2026-07-01 12:38:53,billing_complaint,4.3
1535,3796,2026-07-01 12:40:23,billing_complaint,6.0
1536,3746,2026-07-01 12:44:12,billing_complaint,8.8
1537,9398,2026-07-01 12:49:42,billing_complaint,3.5
1538,3678,2026-07-01 12:54:25,billing_complaint,6.6
1539,521,2026-07-01 13:03:50,billing_complaint,7.6
1540,13261,2026-07-01 13:12:30,billing_complaint,4.0
1541,2531,2026-07-01 13:18:06,billing_complaint,15.4
1542,14348,2026-07-01 13:35:46,billing_complaint,5.4
1543,8981,2026-07-01 13:39:59,billing_complaint,3.0
1544,11190,2026-07-01 13:41:32,billing_complaint,4.9
1545,5242,2026-07-01 14:08:24,billing_complaint,0.3
1546,14850,2026-07-01 14:09:52,billing_complaint,5.1
1547,9618,2026-07-01 14:11:33,billing_complaint,5.2
1548,4855,2026-07-01 14:21:29,billing_complaint,3.1
1549,7813,2026-07-01 14:45:17,billing_complaint,2.1
1550,6634,2026-07-01 15:00:19,billing_complaint,5.1
1551,3272,2026-07-01 15:01:53,billing_complaint,13.2
1552,5516,2026-07-01 15:16:13,billing_complaint,4.0
1553,12798,2026-07-01 15:18:02,billing_complaint,18.4
1554,12772,2026-07-01 15:22:02,billing_complaint,11.5
1555,6792,2026-07-01 15:22:28,billing_complaint,8.8
1556,5365,2026-07-01 15:38:53,billing_complaint,4.2
1557,544,2026-07-01 15:40:28,billing_complaint,11.8
1558,5355,2026-07-01 16:04:18,billing_complaint,9.0
1559,6417,2026-07-01 16:07:24,billing_complaint,9.4
1560,7334,2026-07-01 16:29:52,billing_complaint,1.8
1561,14721,2026-07-01 16:34:43,billing_complaint,3.2
1562,221,2026-07-01 16:36:54,billing_complaint,11.2
1563,10635,2026-07-01 16:49:57,billing_complaint,14.7
1564,4667,2026-07-01 16:55:28,billing_complaint,30.6
1565,11532,2026-07-01 17:03:25,billing_complaint,4.3
1566,6909,2026-07-01 17:11:53,billing_complaint,6.1
1567,11186,2026-07-01 17:16:19,billing_complaint,3.1
1568,2900,2026-07-01 17:21:29,billing_complaint,5.2
1569,9434,2026-07-01 17:27:06,billing_complaint,7.9
1570,10137,2026-07-01 17:40:00,billing_complaint,10.5
1571,9983,2026-07-01 17:53:35,billing_complaint,7.4
1572,13953,2026-07-01 17:54:26,billing_complaint,18.5
1573,9411,2026-07-01 18:11:52,billing_complaint,5.8
1574,1257,2026-07-01 18:30:37,billing_complaint,5.8
1575,3315,2026-07-01 18:33:23,billing_complaint,42.1
1576,3697,2026-07-01 18:52:15,billing_complaint,1.5
1577,10810,2026-07-01 18:53:48,billing_complaint,9.8
1578,292,2026-07-01 18:55:05,billing_complaint,8.6
1579,7133,2026-07-01 19:01:06,billing_complaint,5.2
1580,8734,2026-07-01 19:11:42,billing_complaint,3.3
1581,8562,2026-07-01 19:14:58,billing_complaint,3.3
1582,1586,2026-07-01 19:16:30,billing_complaint,4.5
1583,8683,2026-07-01 19:17:54,billing_complaint,4.9
1584,13189,2026-07-01 19:28:32,billing_complaint,4.8
1585,8943,2026-07-01 19:28:51,billing_complaint,4.0
1586,10275,2026-07-01 19:29:16,bug_report,5.8
1587,11583,2026-07-01 19:32:20,billing_complaint,8.9
1588,14758,2026-07-01 19:33:56,billing_complaint,5.2
1589,12475,2026-07-01 19:36:45,billing_complaint,1.2
1590,5206,2026-07-01 19:37:30,billing_complaint,1.5
1591,715,2026-07-01 19:40:13,billing_complaint,13.0
1592,13524,2026-07-01 19:52:31,billing_complaint,23.9
1593,10821,2026-07-01 20:19:37,billing_complaint,2.4
1594,3043,2026-07-01 20:23:19,billing_complaint,11.1
1595,2627,2026-07-01 20:25:33,billing_complaint,5.1
1596,6925,2026-07-01 20:31:19,billing_complaint,0.4
1597,1345,2026-07-01 20:31:21,billing_complaint,8.1
1598,2146,2026-07-01 20:39:35,billing_complaint,15.1
1599,11537,2026-07-01 20:59:18,billing_complaint,11.0
1600,2409,2026-07-01 21:05:02,billing_complaint,11.2
1601,5380,2026-07-01 21:09:10,billing_complaint,7.5
1602,7129,2026-07-01 21:20:44,billing_complaint,7.2
1603,3260,2026-07-01 21:22:59,billing_complaint,3.3
1604,13120,2026-07-01 21:24:28,billing_complaint,1.4
1605,12922,2026-07-01 21:27:37,billing_complaint,7.0
1606,3623,2026-07-01 21:32:22,billing_complaint,8.1
1607,8233,2026-07-01 21:33:18,billing_complaint,3.3
1608,7286,2026-07-01 21:38:44,billing_complaint,2.0
1609,6812,2026-07-01 21:39:58,billing_complaint,9.8
1610,10103,2026-07-01 21:42:48,billing_complaint,5.0
1611,13613,2026-07-01 21:56:38,billing_complaint,3.4
1612,11498,2026-07-01 22:00:07,billing_complaint,9.4
1613,11553,2026-07-01 22:01:37,billing_complaint,1.2
1614,11186,2026-07-01 22:02:54,billing_complaint,4.6
1615,12230,2026-07-01 22:08:35,billing_complaint,12.6
1616,10359,2026-07-01 22:10:58,billing_complaint,3.7
1617,11888,2026-07-01 22:14:39,billing_complaint,8.2
1618,79,2026-07-01 22:26:02,billing_complaint,6.8
1619,4452,2026-07-01 22:28:02,billing_complaint,7.0
1620,7511,2026-07-01 22:28:19,billing_complaint,4.5
1621,11771,2026-07-01 22:39:56,billing_complaint,3.1
1622,13806,2026-07-01 22:44:04,billing_complaint,1.6
1623,14567,2026-07-01 22:51:34,billing_complaint,4.2
1624,12802,2026-07-01 22:52:43,billing_complaint,9.9
1625,3882,2026-07-01 22:55:48,billing_complaint,5.8
1626,9053,2026-07-01 22:59:13,billing_complaint,3.4
1627,10962,2026-07-01 23:10:15,billing_complaint,6.4
1628,5395,2026-07-01 23:15:11,billing_complaint,16.5
1629,12870,2026-07-01 23:15:36,billing_complaint,13.5
1630,3727,2026-07-01 23:18:50,billing_complaint,7.3
1631,14581,2026-07-01 23:20:16,billing_complaint,3.8
1632,1279,2026-07-01 23:28:05,billing_complaint,9.2
1633,5511,2026-07-01 23:29:09,billing_complaint,7.2
1634,13702,2026-07-01 23:36:20,billing_complaint,0.3
1635,2372,2026-07-01 23:37:28,billing_complaint,4.6
1636,12771,2026-07-01 23:38:48,billing_complaint,10.3
1637,1791,2026-07-01 23:49:44,billing_complaint,9.8
1638,12312,2026-07-01 23:53:22,billing_complaint,2.4
1639,3736,2026-07-01 23:54:31,billing_complaint,9.9
1640,3778,2026-07-01 23:58:43,billing_complaint,5.3
1641,3831,2026-07-02 00:07:45,billing_complaint,3.0
1642,10265,2026-07-02 00:08:46,billing_complaint,16.8
1643,3049,2026-07-02 00:10:50,billing_complaint,14.4
1644,3618,2026-07-02 00:31:31,billing_complaint,1.2
1645,3972,2026-07-02 00:48:57,billing_complaint,5.8
1646,9116,2026-07-02 00:49:27,billing_complaint,11.6
1647,892,2026-07-02 00:53:13,billing_complaint,19.4
1648,14958,2026-07-02 00:57:20,billing_complaint,6.7
1649,9232,2026-07-02 01:01:24,billing_complaint,3.4
1650,12680,2026-07-02 01:01:27,billing_complaint,9.2
1651,7726,2026-07-02 01:15:32,billing_complaint,10.6
1652,4752,2026-07-02 01:24:07,billing_complaint,4.1
1653,4808,2026-07-02 01:32:26,billing_complaint,12.7
1654,13024,2026-07-02 01:33:52,billing_complaint,6.0
1655,8488,2026-07-02 01:53:17,billing_complaint,2.1
1656,5218,2026-07-02 01:53:54,billing_complaint,6.7
1657,9718,2026-07-02 01:54:56,billing_complaint,7.5
1658,588,2026-07-02 02:04:56,billing_complaint,17.3
1659,14435,2026-07-02 02:06:28,billing_complaint,10.4
1660,3242,2026-07-02 02:10:27,billing_complaint,1.3
1661,8474,2026-07-02 02:15:55,billing_complaint,4.8
1662,2972,2026-07-02 02:28:38,billing_complaint,20.9
1663,2242,2026-07-02 02:40:11,billing_complaint,6.2
1664,12864,2026-07-02 02:59:10,billing_complaint,9.6
1665,5929,2026-07-02 03:08:11,billing_complaint,5.7
1666,4634,2026-07-02 03:09:27,billing_complaint,24.2
1667,13775,2026-07-02 03:10:36,billing_complaint,7.3
1668,11330,2026-07-02 03:19:37,billing_complaint,5.4
1669,11780,2026-07-02 03:40:26,billing_complaint,2.3
1670,12695,2026-07-02 03:43:15,billing_complaint,3.8
1671,7829,2026-07-02 03:46:48,billing_complaint,4.0
1672,2295,2026-07-02 03:46:59,billing_complaint,8.4
1673,1855,2026-07-02 03:55:42,billing_complaint,7.2
1674,1529,2026-07-02 04:08:37,billing_complaint,15.5
1675,7213,2026-07-02 04:13:54,billing_complaint,4.3
1676,12931,2026-07-02 04:20:44,billing_complaint,5.5
1677,9920,2026-07-02 04:27:47,billing_complaint,10.4
1678,3212,2026-07-02 04:36:22,billing_complaint,2.1
1679,2543,2026-07-02 04:49:22,billing_complaint,2.0
1680,9541,2026-07-02 04:50:30,billing_complaint,10.3
1681,13600,2026-07-02 04:54:06,billing_complaint,0.6
1682,11384,2026-07-02 05:00:29,billing_complaint,3.8
1683,10456,2026-07-02 05:06:01,billing_complaint,11.3
1684,1830,2026-07-02 05:13:38,billing_complaint,5.5
1685,12842,2026-07-02 05:23:27,billing_complaint,4.4
1686,6319,2026-07-02 05:27:28,billing_complaint,12.7
1687,12187,2026-07-02 05:43:34,billing_complaint,5.8
1688,1017,2026-07-02 05:45:15,bug_report,8.1
1689,4539,2026-07-02 05:54:26,billing_complaint,8.6
1690,14365,2026-07-02 05:57:47,billing_complaint,4.5
1691,14324,2026-07-02 06:01:11,billing_complaint,1.3
1692,12167,2026-07-02 06:15:50,billing_complaint,15.4
1693,9623,2026-07-02 06:35:13,billing_complaint,10.4
1694,8007,2026-07-02 06:35:53,billing_complaint,17.9
1695,6243,2026-07-02 06:40:21,billing_complaint,1.5
1696,11193,2026-07-02 06:40:41,billing_complaint,1.7
1697,5228,2026-07-02 06:44:47,billing_complaint,5.6
1698,6736,2026-07-02 06:45:17,bug_report,3.3
1699,2097,2026-07-02 06:51:50,billing_complaint,7.6
1700,7184,2026-07-02 06:52:36,billing_complaint,4.2
1701,7595,2026-07-02 06:56:54,billing_complaint,19.8
1702,4946,2026-07-02 07:16:28,billing_complaint,11.7
1703,4657,2026-07-02 07:17:04,billing_complaint,4.3
1704,12432,2026-07-02 07:24:27,billing_complaint,1.6
1705,12751,2026-07-02 07:43:45,billing_complaint,5.6
1706,10175,2026-07-02 07:45:09,billing_complaint,10.8
1707,5348,2026-07-02 07:46:36,billing_complaint,12.2
1708,2942,2026-07-02 08:07:22,billing_complaint,25.8
1709,12893,2026-07-02 08:13:15,billing_complaint,4.5
1710,8787,2026-07-02 08:26:28,billing_complaint,5.6
1711,11518,2026-07-02 08:27:41,billing_complaint,4.6
1712,7716,2026-07-02 08:27:48,billing_complaint,3.0
1713,5453,2026-07-02 08:28:54,billing_complaint,5.1
1714,11607,2026-07-02 08:38:30,billing_complaint,2.6
1715,5871,2026-07-02 08:46:35,billing_complaint,15.4
1716,11052,2026-07-02 08:49:46,billing_complaint,7.2
1717,11698,2026-07-02 08:52:41,billing_complaint,5.3
1718,6248,2026-07-02 09:00:33,billing_complaint,13.1
1719,1910,2026-07-02 09:01:39,billing_complaint,9.4
1720,6551,2026-07-02 09:05:09,billing_complaint,8.1
1721,356,2026-07-02 09:10:55,billing_complaint,3.8
1722,10222,2026-07-02 09:28:13,billing_complaint,12.5
1723,6030,2026-07-02 09:32:54,billing_complaint,7.3
1724,14752,2026-07-02 09:38:56,billing_complaint,13.8
1725,1372,2026-07-02 09:41:04,billing_complaint,3.6
1726,10609,2026-07-02 09:54:01,billing_complaint,10.9
1727,7535,2026-07-02 09:58:22,billing_complaint,10.4
1728,7924,2026-07-02 09:58:44,billing_complaint,11.4
1729,3252,2026-07-02 10:19:54,billing_complaint,12.9
1730,4624,2026-07-02 10:20:44,billing_complaint,11.9
1731,8858,2026-07-02 10:20:54,billing_complaint,9.9
1732,6528,2026-07-02 10:26:01,billing_complaint,6.6
1733,1663,2026-07-02 10:34:34,billing_complaint,9.3
1734,11224,2026-07-02 10:49:06,billing_complaint,3.9
1735,2005,2026-07-02 10:58:08,billing_complaint,4.0
1736,26,2026-07-02 11:03:35,billing_complaint,13.8
1737,8233,2026-07-02 11:06:12,billing_complaint,14.0
1738,3178,2026-07-02 11:17:21,billing_complaint,15.0
1739,1225,2026-07-02 11:34:12,billing_complaint,4.5
1740,1264,2026-07-02 11:47:27,billing_complaint,11.4
1741,5100,2026-07-02 12:01:26,billing_complaint,1.9
1742,3378,2026-07-02 12:02:21,billing_complaint,14.8
1743,3082,2026-07-02 12:19:50,billing_complaint,6.4
1744,4923,2026-07-02 12:28:10,billing_complaint,2.8
1745,1213,2026-07-02 12:39:38,billing_complaint,4.5
1746,6808,2026-07-02 12:41:54,billing_complaint,4.1
1747,9864,2026-07-02 12:59:31,billing_complaint,2.9
1748,9645,2026-07-02 13:08:25,billing_complaint,15.9
1749,481,2026-07-02 13:10:37,billing_complaint,4.5
1750,10885,2026-07-02 13:33:47,billing_complaint,4.7
1751,10950,2026-07-02 13:42:39,billing_complaint,5.6
1752,688,2026-07-02 13:53:26,billing_complaint,12.8
1753,9955,2026-07-02 14:05:35,billing_complaint,9.6
1754,14192,2026-07-02 14:15:32,billing_complaint,4.9
1755,4807,2026-07-02 14:40:04,billing_complaint,2.3
1756,5984,2026-07-02 14:45:54,billing_complaint,8.5
1757,10399,2026-07-02 15:08:27,billing_complaint,14.6
1758,2748,2026-07-02 15:17:38,billing_complaint,13.8
1759,7902,2026-07-02 15:33:52,billing_complaint,12.9
1760,315,2026-07-02 15:54:16,billing_complaint,8.2
1761,11971,2026-07-02 15:54:55,billing_complaint,9.5
1762,4791,2026-07-02 16:00:31,billing_complaint,8.3
1763,8084,2026-07-02 16:04:58,billing_complaint,29.8
1764,7718,2026-07-02 16:08:50,billing_complaint,4.6
1765,14863,2026-07-02 16:12:04,billing_complaint,4.5
1766,4129,2026-07-02 16:15:27,billing_complaint,10.3
1767,12509,2026-07-02 16:30:19,billing_complaint,13.1
1768,11916,2026-07-02 17:11:58,billing_complaint,4.0
1769,4197,2026-07-02 17:15:20,billing_complaint,1.1
1770,6163,2026-07-02 17:24:19,billing_complaint,5.9
1771,11757,2026-07-02 17:30:35,billing_complaint,7.1
1772,12500,2026-07-02 17:31:16,billing_complaint,15.7
1773,7860,2026-07-02 17:44:00,billing_complaint,1.9
1774,12715,2026-07-02 17:44:24,billing_complaint,2.9
1775,9724,2026-07-02 17:45:35,billing_complaint,12.0
1776,1345,2026-07-02 17:59:10,billing_complaint,9.4
1777,7829,2026-07-02 18:13:44,billing_complaint,2.2
1778,14472,2026-07-02 18:14:09,billing_complaint,11.9
1779,5771,2026-07-02 18:24:07,billing_complaint,4.5
1780,12157,2026-07-02 18:28:00,billing_complaint,8.9
1781,14214,2026-07-02 18:29:31,billing_complaint,4.5
1782,8478,2026-07-02 18:32:25,billing_complaint,16.3
1783,2018,2026-07-02 18:44:43,billing_complaint,14.6
1784,14843,2026-07-02 18:51:09,bug_report,2.9
1785,716,2026-07-02 19:15:15,billing_complaint,14.8
1786,7509,2026-07-02 19:33:02,billing_complaint,8.3
1787,4256,2026-07-02 19:35:55,billing_complaint,16.4
1788,14880,2026-07-02 19:38:04,billing_complaint,3.4
1789,11499,2026-07-02 19:38:38,billing_complaint,15.6
1790,12987,2026-07-02 19:44:09,billing_complaint,3.8
1791,4087,2026-07-02 19:44:11,billing_complaint,4.7
1792,2028,2026-07-02 19:48:02,billing_complaint,1.6
1793,12262,2026-07-02 20:11:01,billing_complaint,18.1
1794,5857,2026-07-02 20:25:59,billing_complaint,5.0
1795,3086,2026-07-02 20:26:29,billing_complaint,8.4
1796,8109,2026-07-02 20:34:08,billing_complaint,13.1
1797,11265,2026-07-02 20:41:25,billing_complaint,6.5
1798,12493,2026-07-02 20:45:56,billing_complaint,5.5
1799,14984,2026-07-02 20:51:01,billing_complaint,7.5
1800,3463,2026-07-02 21:17:01,billing_complaint,13.2
1801,9310,2026-07-02 21:18:15,billing_complaint,3.7
1802,12413,2026-07-02 21:23:58,billing_complaint,10.9
1803,7700,2026-07-02 21:32:21,billing_complaint,10.4
1804,12293,2026-07-02 21:39:37,billing_complaint,10.5
1805,7640,2026-07-02 21:44:55,billing_complaint,5.3
1806,7077,2026-07-02 21:50:31,billing_complaint,12.5
1807,2060,2026-07-02 22:03:13,billing_complaint,1.3
1808,12611,2026-07-02 22:03:19,billing_complaint,3.7
1809,5721,2026-07-02 22:06:45,billing_complaint,5.5
1810,12172,2026-07-02 22:09:52,billing_complaint,6.2
1811,10279,2026-07-02 22:11:59,billing_complaint,9.8
1812,11572,2026-07-02 22:17:14,billing_complaint,3.9
1813,11163,2026-07-02 22:36:58,billing_complaint,1.1
1814,5830,2026-07-02 22:39:34,billing_complaint,7.0
1815,7703,2026-07-02 22:56:10,billing_complaint,10.9
1816,1978,2026-07-02 23:01:02,billing_complaint,17.4
1817,11736,2026-07-02 23:03:22,billing_complaint,3.3
1818,882,2026-07-02 23:04:20,billing_complaint,9.2
1819,3697,2026-07-02 23:05:51,billing_complaint,7.6
1820,2612,2026-07-02 23:21:43,billing_complaint,10.8
1821,14746,2026-07-02 23:42:02,billing_complaint,26.3
1822,12844,2026-07-02 23:58:02,billing_complaint,5.3
1823,4906,2026-07-03 00:01:29,billing_complaint,3.1
1824,10041,2026-07-03 00:02:21,billing_complaint,6.5
1825,7035,2026-07-03 00:05:00,billing_complaint,4.3
1826,727,2026-07-03 00:05:32,billing_complaint,4.5
1827,11491,2026-07-03 00:15:57,billing_complaint,1.5
1828,14661,2026-07-03 00:16:36,billing_complaint,10.0
1829,10916,2026-07-03 00:21:25,billing_complaint,6.6
1830,8787,2026-07-03 00:27:14,billing_complaint,1.2
1831,1945,2026-07-03 00:41:40,billing_complaint,5.5
1832,11115,2026-07-03 00:42:15,billing_complaint,2.7
1833,5283,2026-07-03 00:48:33,billing_complaint,8.5
1834,3703,2026-07-03 00:56:22,billing_complaint,1.4
1835,8377,2026-07-03 00:59:53,billing_complaint,3.2
1836,12128,2026-07-03 01:24:24,billing_complaint,1.4
1837,6901,2026-07-03 01:34:31,billing_complaint,8.6
1838,7537,2026-07-03 01:45:19,billing_complaint,17.2
1839,6924,2026-07-03 01:46:16,billing_complaint,22.4
1840,4396,2026-07-03 01:59:05,billing_complaint,16.1
1841,337,2026-07-03 02:06:42,billing_complaint,4.5
1842,4381,2026-07-03 02:11:03,billing_complaint,10.0
1843,353,2026-07-03 02:17:16,billing_complaint,16.4
1844,2109,2026-07-03 02:31:36,billing_complaint,2.1
1845,3335,2026-07-03 02:41:16,billing_complaint,4.0
1846,2201,2026-07-03 02:46:31,billing_complaint,10.3
1847,11214,2026-07-03 02:50:45,billing_complaint,8.3
1848,6935,2026-07-03 02:57:03,billing_complaint,2.5
1849,2769,2026-07-03 03:02:15,billing_complaint,5.5
1850,2621,2026-07-03 03:03:03,billing_complaint,3.7
1851,4740,2026-07-03 03:04:16,billing_complaint,7.0
1852,3764,2026-07-03 03:08:27,billing_complaint,4.5
1853,4410,2026-07-03 03:16:19,billing_complaint,6.7
1854,13261,2026-07-03 03:41:48,billing_complaint,3.9
1855,9078,2026-07-03 03:43:26,billing_complaint,2.8
1856,2335,2026-07-03 03:47:39,billing_complaint,2.9
1857,9072,2026-07-03 03:57:01,billing_complaint,7.7
1858,14611,2026-07-03 04:10:14,billing_complaint,8.5
1859,13198,2026-07-03 04:11:14,billing_complaint,2.1
1860,11626,2026-07-03 04:41:29,billing_complaint,10.0
1861,10376,2026-07-03 04:50:08,billing_complaint,8.4
1862,8286,2026-07-03 05:00:50,billing_complaint,2.6
1863,12840,2026-07-03 05:04:47,billing_complaint,10.5
1864,5786,2026-07-03 05:09:28,billing_complaint,4.9
1865,13720,2026-07-03 05:11:43,billing_complaint,12.0
1866,7208,2026-07-03 05:25:56,billing_complaint,2.9
1867,13518,2026-07-03 05:34:57,billing_complaint,2.2
1868,10112,2026-07-03 06:04:03,billing_complaint,1.4
1869,3331,2026-07-03 06:04:42,billing_complaint,18.8
1870,5334,2026-07-03 06:13:17,billing_complaint,9.7
1871,1305,2026-07-03 06:18:01,billing_complaint,3.6
1872,4306,2026-07-03 06:31:16,billing_complaint,3.6
1873,12364,2026-07-03 06:45:13,billing_complaint,22.2
1874,13633,2026-07-03 06:47:30,billing_complaint,5.4
1875,367,2026-07-03 06:51:57,billing_complaint,6.5
1876,7267,2026-07-03 06:57:53,billing_complaint,3.9
1877,14824,2026-07-03 07:06:16,billing_complaint,24.3
1878,6948,2026-07-03 07:35:53,billing_complaint,24.1
1879,269,2026-07-03 07:45:10,billing_complaint,1.7
1880,5528,2026-07-03 07:45:39,billing_complaint,9.6
1881,2591,2026-07-03 07:52:00,billing_complaint,8.6
1882,917,2026-07-03 07:55:25,billing_complaint,1.4
1883,8219,2026-07-03 07:55:28,billing_complaint,6.9
1884,8453,2026-07-03 08:04:38,billing_complaint,3.5
1885,12787,2026-07-03 08:39:10,billing_complaint,6.2
1886,6951,2026-07-03 08:59:51,billing_complaint,6.6
1887,12445,2026-07-03 09:00:38,billing_complaint,23.2
1888,8517,2026-07-03 09:00:57,billing_complaint,4.0
1889,9992,2026-07-03 09:03:50,billing_complaint,5.0
1890,6969,2026-07-03 09:05:12,billing_complaint,12.2
1891,7460,2026-07-03 09:15:04,billing_complaint,2.5
1892,9403,2026-07-03 09:18:33,billing_complaint,5.2
1893,10216,2026-07-03 09:26:45,feature_request,29.5
1894,8821,2026-07-03 09:31:09,billing_complaint,5.2
1895,4478,2026-07-03 09:43:55,bug_report,9.5
1896,13223,2026-07-03 09:49:16,billing_complaint,6.2
1897,7094,2026-07-03 09:55:04,billing_complaint,5.7
1898,2683,2026-07-03 09:56:48,billing_complaint,9.8
1899,8953,2026-07-03 10:16:54,billing_complaint,5.0
1900,5526,2026-07-03 10:41:21,billing_complaint,12.1
1901,10906,2026-07-03 10:51:09,billing_complaint,13.4
1902,11224,2026-07-03 10:56:54,billing_complaint,10.8
1903,1210,2026-07-03 11:33:05,billing_complaint,19.8
1904,1056,2026-07-03 11:59:12,billing_complaint,4.8
1905,7303,2026-07-03 12:07:33,billing_complaint,4.3
1906,8069,2026-07-03 12:31:36,billing_complaint,10.4
1907,5985,2026-07-03 12:36:01,billing_complaint,20.0
1908,10016,2026-07-03 12:36:13,billing_complaint,5.6
1909,4679,2026-07-03 12:38:35,billing_complaint,7.7
1910,10551,2026-07-03 12:40:54,billing_complaint,1.5
1911,5635,2026-07-03 12:41:53,billing_complaint,14.2
1912,9158,2026-07-03 12:50:08,billing_complaint,11.2
1913,1100,2026-07-03 13:04:14,billing_complaint,20.9
1914,3720,2026-07-03 13:08:45,billing_complaint,8.0
1915,12723,2026-07-03 13:14:42,billing_complaint,8.4
1916,9714,2026-07-03 13:45:38,billing_complaint,20.3
1917,5009,2026-07-03 14:00:40,billing_complaint,8.2
1918,3265,2026-07-03 14:01:52,billing_complaint,10.0
1919,4695,2026-07-03 14:06:30,billing_complaint,6.0
1920,11374,2026-07-03 14:17:42,billing_complaint,10.2
1921,6239,2026-07-03 14:42:50,billing_complaint,2.1
1922,5831,2026-07-03 14:57:15,billing_complaint,0.5
1923,1938,2026-07-03 15:09:38,billing_complaint,6.4
1924,4546,2026-07-03 15:15:06,billing_complaint,11.9
1925,13290,2026-07-03 15:25:05,billing_complaint,1.7
1926,13681,2026-07-03 15:34:37,billing_complaint,16.3
1927,3218,2026-07-03 15:38:59,billing_complaint,1.8
1928,4123,2026-07-03 15:48:54,feature_request,2.5
1929,2693,2026-07-03 15:57:52,billing_complaint,15.6
1930,1827,2026-07-03 15:59:24,billing_complaint,7.9
1931,8114,2026-07-03 16:05:55,billing_complaint,4.8
1932,7282,2026-07-03 16:17:07,billing_complaint,4.2
1933,11154,2026-07-03 16:41:58,billing_complaint,6.0
1934,13741,2026-07-03 16:52:49,billing_complaint,7.0
1935,439,2026-07-03 17:05:17,billing_complaint,4.3
1936,10044,2026-07-03 17:15:10,billing_complaint,10.2
1937,704,2026-07-03 17:18:47,billing_complaint,0.8
1938,13519,2026-07-03 17:27:28,billing_complaint,13.7
1939,12706,2026-07-03 17:33:14,billing_complaint,9.6
1940,11590,2026-07-03 17:42:10,billing_complaint,0.7
1941,1317,2026-07-03 17:43:46,billing_complaint,5.8
1942,9960,2026-07-03 17:51:43,billing_complaint,5.2
1943,940,2026-07-03 17:59:12,billing_complaint,14.5
1944,3482,2026-07-03 18:01:14,billing_complaint,9.2
1945,6884,2026-07-03 18:24:29,billing_complaint,4.9
1946,1427,2026-07-03 18:29:18,billing_complaint,29.3
1947,11176,2026-07-03 18:39:47,bug_report,10.2
1948,7764,2026-07-03 19:07:49,billing_complaint,4.6
1949,11061,2026-07-03 19:43:56,billing_complaint,7.2
1950,139,2026-07-03 19:44:58,billing_complaint,5.1
1951,12631,2026-07-03 19:58:56,billing_complaint,6.1
1952,5694,2026-07-03 20:14:45,billing_complaint,15.1
1953,13027,2026-07-03 20:21:47,billing_complaint,9.7
1954,5971,2026-07-03 20:27:47,billing_complaint,7.6
1955,6795,2026-07-03 20:34:50,billing_complaint,5.7
1956,1485,2026-07-03 20:53:38,billing_complaint,27.9
1957,6493,2026-07-03 21:09:57,billing_complaint,10.3
1958,4763,2026-07-03 21:30:17,billing_complaint,5.7
1959,6121,2026-07-03 21:34:35,billing_complaint,12.8
1960,14588,2026-07-03 21:40:11,billing_complaint,7.5
1961,2126,2026-07-03 21:50:06,billing_complaint,3.1
1962,650,2026-07-03 21:59:41,billing_complaint,12.7
1963,5112,2026-07-03 22:00:08,billing_complaint,2.8
1964,12010,2026-07-03 22:03:30,billing_complaint,3.5
1965,10992,2026-07-03 22:25:17,billing_complaint,7.3
1966,14848,2026-07-03 22:43:26,billing_complaint,22.7
1967,10540,2026-07-03 22:47:28,billing_complaint,0.0
1968,13138,2026-07-03 22:47:48,billing_complaint,4.6
1969,7732,2026-07-03 22:54:24,billing_complaint,2.7
1970,1906,2026-07-03 22:59:52,billing_complaint,7.1
1971,12222,2026-07-03 23:00:13,billing_complaint,16.2
1972,12862,2026-07-03 23:05:31,billing_complaint,8.1
1973,10052,2026-07-03 23:05:53,billing_complaint,4.1
1974,11865,2026-07-03 23:06:43,billing_complaint,10.7
1975,4670,2026-07-03 23:32:37,billing_complaint,5.0
1976,11262,2026-07-03 23:35:55,billing_complaint,8.9
1977,14609,2026-07-03 23:49:24,billing_complaint,3.3
1978,5390,2026-07-03 23:57:23,billing_complaint,6.0
1979,14983,2026-07-04 00:00:00,billing_complaint,17.0
1980,80,2026-07-04 00:05:23,billing_complaint,8.5
1981,9608,2026-07-04 00:07:20,billing_complaint,7.1
1982,11998,2026-07-04 00:13:40,billing_complaint,7.9
1983,1294,2026-07-04 00:21:40,billing_complaint,6.1
1984,6324,2026-07-04 00:58:26,billing_complaint,4.4
1985,1909,2026-07-04 01:04:10,billing_complaint,8.5
1986,4616,2026-07-04 01:24:06,billing_complaint,10.5
1987,13129,2026-07-04 01:29:14,billing_complaint,4.1
1988,12477,2026-07-04 02:01:04,billing_complaint,12.0
1989,4659,2026-07-04 02:09:09,billing_complaint,13.7
1990,724,2026-07-04 02:20:54,billing_complaint,1.0
1991,9971,2026-07-04 02:30:20,billing_complaint,7.3
1992,9030,2026-07-04 02:45:13,billing_complaint,8.3
1993,4673,2026-07-04 02:47:19,billing_complaint,3.5
1994,13255,2026-07-04 02:49:47,billing_complaint,0.7
1995,6135,2026-07-04 02:53:20,billing_complaint,20.6
1996,895,2026-07-04 03:26:47,billing_complaint,4.4
1997,3760,2026-07-04 03:37:41,billing_complaint,7.2
1998,12217,2026-07-04 03:55:48,billing_complaint,15.9
1999,10527,2026-07-04 04:04:04,billing_complaint,8.2
2000,11762,2026-07-04 04:33:54,billing_complaint,11.9
2001,1725,2026-07-04 04:37:44,billing_complaint,0.9
2002,5926,2026-07-04 05:09:52,billing_complaint,10.9
2003,14543,2026-07-04 05:10:47,billing_complaint,6.2
2004,8715,2026-07-04 05:12:19,billing_complaint,7.5
2005,11665,2026-07-04 05:24:36,billing_complaint,4.6
2006,4979,2026-07-04 05:30:56,billing_complaint,2.8
2007,10946,2026-07-04 05:34:12,billing_complaint,9.4
2008,13178,2026-07-04 05:34:39,billing_complaint,3.3
2009,2876,2026-07-04 05:39:13,billing_complaint,5.6
2010,12277,2026-07-04 05:50:22,billing_complaint,4.8
2011,3765,2026-07-04 05:54:46,billing_complaint,13.8
2012,1853,2026-07-04 05:59:59,billing_complaint,1.0
2013,14453,2026-07-04 06:08:56,billing_complaint,2.1
2014,838,2026-07-04 06:21:55,billing_complaint,3.6
2015,2686,2026-07-04 06:57:00,billing_complaint,9.0
2016,8007,2026-07-04 07:10:44,billing_complaint,5.1
2017,11532,2026-07-04 07:30:40,billing_complaint,5.4
2018,9967,2026-07-04 07:59:24,billing_complaint,3.3
2019,10341,2026-07-04 08:11:58,billing_complaint,11.9
2020,4684,2026-07-04 08:48:02,billing_complaint,2.6
2021,2384,2026-07-04 09:03:50,billing_complaint,11.7
2022,10007,2026-07-04 09:12:05,billing_complaint,5.9
2023,11610,2026-07-04 09:14:28,billing_complaint,3.5
2024,1279,2026-07-04 09:16:53,billing_complaint,9.1
2025,13335,2026-07-04 09:20:36,billing_complaint,1.7
2026,5023,2026-07-04 09:33:37,billing_complaint,13.5
2027,7149,2026-07-04 09:35:50,billing_complaint,4.8
2028,9457,2026-07-04 09:49:11,billing_complaint,7.9
2029,14680,2026-07-04 09:56:47,billing_complaint,7.4
2030,11650,2026-07-04 10:04:44,billing_complaint,6.3
2031,8708,2026-07-04 10:15:38,billing_complaint,5.2
2032,168,2026-07-04 10:20:48,billing_complaint,8.1
2033,8721,2026-07-04 10:31:52,billing_complaint,4.1
2034,244,2026-07-04 10:33:00,billing_complaint,3.5
2035,6963,2026-07-04 10:41:14,billing_complaint,3.1
2036,3715,2026-07-04 10:44:28,billing_complaint,1.2
2037,8355,2026-07-04 10:47:06,billing_complaint,2.8
2038,498,2026-07-04 10:49:54,billing_complaint,5.1
2039,10649,2026-07-04 11:35:58,bug_report,11.3
2040,14751,2026-07-04 11:51:38,billing_complaint,15.4
2041,2529,2026-07-04 12:06:01,billing_complaint,2.7
2042,7896,2026-07-04 12:08:53,billing_complaint,12.2
2043,12411,2026-07-04 12:39:27,billing_complaint,4.4
2044,7127,2026-07-04 13:03:25,billing_complaint,9.1
2045,14710,2026-07-04 13:09:23,billing_complaint,1.0
2046,11002,2026-07-04 13:10:07,billing_complaint,15.2
2047,12779,2026-07-04 13:54:32,bug_report,7.7
2048,1621,2026-07-04 13:55:37,billing_complaint,9.8
2049,13936,2026-07-04 14:49:45,billing_complaint,15.4
2050,6206,2026-07-04 15:18:40,billing_complaint,7.5
2051,14597,2026-07-04 15:53:13,billing_complaint,19.0
2052,12718,2026-07-04 16:13:12,billing_complaint,9.1
2053,10401,2026-07-04 19:30:57,billing_complaint,0.9
2054,8941,2026-07-04 22:23:57,feature_request,6.7
2055,7176,2026-07-05 02:29:52,feature_request,2.1
2056,7560,2026-07-05 05:58:55,billing_complaint,21.3
2057,10481,2026-07-05 08:30:42,billing_complaint,9.9
2058,13790,2026-07-05 09:01:39,billing_complaint,19.1
2059,3502,2026-07-05 11:43:10,billing_complaint,6.2
2060,803,2026-07-05 13:43:59,billing_complaint,11.1
2061,9348,2026-07-05 15:10:01,billing_complaint,1.4
2062,7771,2026-07-05 15:41:08,billing_complaint,15.4
2063,8934,2026-07-05 16:11:48,billing_complaint,6.9
2064,7533,2026-07-05 20:02:31,billing_complaint,8.3
2065,376,2026-07-05 22:47:50,bug_report,5.7
2066,10794,2026-07-06 00:46:20,billing_complaint,15.6
2067,7453,2026-07-06 02:06:44,bug_report,2.4
2068,9019,2026-07-06 03:09:45,billing_complaint,1.9
2069,2010,2026-07-06 04:58:34,billing_complaint,7.9
2070,7013,2026-07-06 05:11:01,billing_complaint,7.3
2071,3034,2026-07-06 05:15:22,billing_complaint,8.5
2072,12361,2026-07-06 06:41:12,billing_complaint,1.5
2073,13220,2026-07-06 11:36:32,billing_complaint,6.1
2074,8016,2026-07-06 14:24:38,feature_request,6.8
2075,14599,2026-07-06 17:15:27,billing_complaint,6.6
2076,1670,2026-07-06 17:17:37,billing_complaint,5.8
2077,1653,2026-07-06 21:39:56,billing_complaint,13.1
2078,2477,2026-07-07 00:02:42,billing_complaint,47.5
2079,2299,2026-07-07 00:02:44,bug_report,1.0
2080,6939,2026-07-07 02:43:23,billing_complaint,10.4
2081,6946,2026-07-07 03:06:32,billing_complaint,12.9
2082,11252,2026-07-07 03:08:46,bug_report,9.4
2083,11541,2026-07-07 07:59:40,billing_complaint,7.6
2084,7825,2026-07-07 10:41:26,feature_request,13.3
2085,14882,2026-07-07 14:36:38,billing_complaint,5.2
2086,12131,2026-07-07 15:26:45,billing_complaint,10.2
2087,8480,2026-07-07 21:41:51,billing_complaint,7.3
2088,5935,2026-07-07 22:43:19,billing_complaint,2.1
2089,1350,2026-07-07 22:46:00,feature_request,13.2
2090,2025,2026-07-07 23:23:24,bug_report,12.6
2091,14467,2026-07-08 03:03:04,feature_request,14.0
2092,6997,2026-07-08 04:15:54,billing_complaint,15.2
2093,13877,2026-07-08 07:27:28,bug_report,4.7
2094,653,2026-07-08 09:17:34,billing_complaint,11.8
2095,9547,2026-07-08 10:17:21,billing_complaint,6.0
2096,13594,2026-07-08 11:24:17,billing_complaint,18.5
2097,3832,2026-07-08 12:16:25,billing_complaint,11.9
2098,13019,2026-07-08 19:07:34,billing_complaint,5.3
2099,71,2026-07-08 22:57:38,billing_complaint,21.3
2100,8919,2026-07-08 23:26:04,billing_complaint,5.9
2101,11960,2026-07-08 23:28:44,billing_complaint,5.6
2102,13203,2026-07-08 23:40:36,bug_report,5.1
2103,2158,2026-07-09 00:33:14,feature_request,6.0
2104,11899,2026-07-09 00:59:55,billing_complaint,7.4
2105,9778,2026-07-09 03:40:44,bug_report,8.8
2106,5291,2026-07-09 04:12:24,billing_complaint,8.6
2107,4484,2026-07-09 04:37:41,bug_report,6.3
2108,347,2026-07-09 06:45:49,billing_complaint,7.6
2109,167,2026-07-09 07:53:00,billing_complaint,0.7
2110,4282,2026-07-09 09:57:15,bug_report,6.1
2111,11857,2026-07-09 13:03:00,billing_complaint,7.3
2112,10439,2026-07-09 13:10:34,feature_request,3.6
2113,13954,2026-07-09 13:56:10,billing_complaint,1.7
2114,11037,2026-07-09 14:33:07,feature_request,11.7
2115,5772,2026-07-09 16:06:33,bug_report,8.8
2116,14837,2026-07-09 19:18:56,billing_complaint,4.7
2117,2482,2026-07-09 19:33:01,billing_complaint,5.9
2118,11709,2026-07-09 19:52:32,billing_complaint,11.0
2119,11762,2026-07-09 22:22:38,feature_request,10.8
2120,9468,2026-07-10 00:05:39,feature_request,6.8
2121,3712,2026-07-10 00:37:42,billing_complaint,5.4
2122,12104,2026-07-10 02:45:47,billing_complaint,11.5
2123,8302,2026-07-10 04:07:57,bug_report,20.6
2124,6651,2026-07-10 06:35:25,billing_complaint,11.6
2125,5938,2026-07-10 07:01:40,billing_complaint,4.9
2126,9683,2026-07-10 07:40:21,billing_complaint,13.4
2127,3316,2026-07-10 07:57:16,billing_complaint,7.4
2128,3434,2026-07-10 08:22:25,bug_report,4.2
2129,11115,2026-07-10 08:25:49,bug_report,16.3
2130,9859,2026-07-10 10:04:10,billing_complaint,4.4
2131,7269,2026-07-10 14:35:34,feature_request,2.4
2132,148,2026-07-10 15:21:36,billing_complaint,2.4
2133,4553,2026-07-10 19:02:13,feature_request,0.5
2134,8489,2026-07-10 19:24:04,billing_complaint,9.8
2135,6260,2026-07-10 19:55:56,bug_report,3.1
2136,2,2026-07-10 20:01:35,billing_complaint,10.5
2137,3149,2026-07-11 01:44:55,billing_complaint,21.2
2138,12200,2026-07-11 01:46:46,billing_complaint,2.8
2139,3092,2026-07-11 02:15:37,billing_complaint,5.2
2140,1185,2026-07-11 04:47:14,bug_report,4.9
2141,3163,2026-07-11 05:29:25,feature_request,2.0
2142,6253,2026-07-11 05:58:56,billing_complaint,8.3
2143,6741,2026-07-11 08:06:15,billing_complaint,7.6
2144,3818,2026-07-11 08:22:38,billing_complaint,10.7
2145,4140,2026-07-11 09:12:06,billing_complaint,13.7
2146,13265,2026-07-11 10:49:54,feature_request,4.2
2147,12757,2026-07-11 14:03:41,bug_report,5.7
2148,8891,2026-07-11 14:05:25,billing_complaint,2.8
2149,6549,2026-07-11 14:08:41,bug_report,12.4
2150,11875,2026-07-11 14:26:42,billing_complaint,1.4
2151,14857,2026-07-11 17:22:57,billing_complaint,4.8
2152,6041,2026-07-11 19:44:18,bug_report,7.7
2153,5036,2026-07-11 20:11:40,billing_complaint,4.0
2154,9105,2026-07-12 05:36:04,billing_complaint,13.0
2155,10362,2026-07-12 08:40:22,billing_complaint,0.6
2156,4959,2026-07-12 09:44:39,bug_report,9.2
2157,8304,2026-07-12 11:49:26,bug_report,13.4
2158,4469,2026-07-12 12:28:23,billing_complaint,14.4
2159,298,2026-07-12 14:42:17,bug_report,1.2
2160,5331,2026-07-12 19:26:08,billing_complaint,3.8
2161,193,2026-07-12 20:11:28,billing_complaint,8.1
2162,5474,2026-07-12 20:27:21,feature_request,7.3
2163,3161,2026-07-12 20:44:04,billing_complaint,5.8
2164,5376,2026-07-12 22:35:56,billing_complaint,2.0
2165,9314,2026-07-13 04:07:12,billing_complaint,8.6
2166,222,2026-07-13 05:24:44,bug_report,6.8
2167,11875,2026-07-13 07:31:18,billing_complaint,8.7
2168,13211,2026-07-13 13:03:50,billing_complaint,1.6
2169,1356,2026-07-13 19:11:08,billing_complaint,5.7
2170,8925,2026-07-13 21:58:41,billing_complaint,3.0
2171,4131,2026-07-13 22:30:24,feature_request,5.3
2172,314,2026-07-14 00:19:56,billing_complaint,7.8
2173,5250,2026-07-14 00:27:10,billing_complaint,7.0
2174,8350,2026-07-14 01:19:54,billing_complaint,8.6
2175,8200,2026-07-14 04:41:14,billing_complaint,11.8
2176,6809,2026-07-14 06:42:09,billing_complaint,4.1
2177,9924,2026-07-14 10:43:11,billing_complaint,9.4
2178,4545,2026-07-14 11:29:36,bug_report,5.1
2179,10074,2026-07-14 12:10:59,billing_complaint,3.2
2180,5027,2026-07-14 13:28:08,billing_complaint,7.5
2181,5951,2026-07-14 14:47:33,bug_report,1.9
2182,9933,2026-07-14 14:56:43,billing_complaint,1.9
2183,9818,2026-07-14 17:08:20,billing_complaint,15.3
2184,966,2026-07-15 03:17:37,billing_complaint,13.4
2185,12863,2026-07-15 05:26:55,billing_complaint,12.6
2186,3529,2026-07-15 07:01:19,billing_complaint,8.7
2187,13532,2026-07-15 07:59:47,feature_request,7.3
2188,9818,2026-07-15 08:53:20,billing_complaint,3.9
2189,11686,2026-07-15 09:29:02,billing_complaint,6.5
2190,4499,2026-07-15 10:19:25,billing_complaint,9.5
2191,13574,2026-07-15 11:02:48,billing_complaint,6.2
2192,1600,2026-07-15 11:06:38,billing_complaint,21.9
2193,10699,2026-07-15 13:41:40,billing_complaint,10.8
2194,5370,2026-07-15 14:08:16,billing_complaint,10.7
2195,7596,2026-07-15 14:22:26,billing_complaint,3.6
2196,8400,2026-07-15 17:26:54,feature_request,20.0
2197,11885,2026-07-15 18:21:53,billing_complaint,6.3
2198,4788,2026-07-15 19:25:24,bug_report,5.7
2199,4501,2026-07-15 20:05:46,bug_report,4.2
2200,6293,2026-07-15 22:29:03,billing_complaint,13.7
2201,5945,2026-07-16 00:02:58,bug_report,6.8
2202,10475,2026-07-16 06:40:48,billing_complaint,14.1
2203,10361,2026-07-16 09:12:59,billing_complaint,10.5
2204,4862,2026-07-16 11:12:36,billing_complaint,7.1
2205,1729,2026-07-16 12:06:01,billing_complaint,8.9
2206,4972,2026-07-16 14:07:51,feature_request,6.1
2207,6157,2026-07-16 14:55:02,billing_complaint,2.9
2208,1216,2026-07-16 16:34:57,bug_report,6.5
2209,8126,2026-07-16 17:29:31,billing_complaint,2.4
2210,13582,2026-07-16 20:31:39,billing_complaint,8.7
2211,8353,2026-07-17 00:41:32,billing_complaint,12.9
2212,12983,2026-07-17 01:39:18,billing_complaint,12.3
2213,11298,2026-07-17 04:07:04,billing_complaint,27.8
2214,2805,2026-07-17 04:48:03,billing_complaint,5.6
2215,11045,2026-07-17 05:13:55,billing_complaint,3.3
2216,12289,2026-07-17 06:21:10,feature_request,12.5
2217,11122,2026-07-17 07:46:33,billing_complaint,1.5
2218,5937,2026-07-17 09:52:05,billing_complaint,4.0
2219,11679,2026-07-17 10:58:53,billing_complaint,1.8
2220,8222,2026-07-17 12:39:31,bug_report,4.7
2221,11866,2026-07-17 12:39:46,feature_request,10.2
2222,12012,2026-07-17 15:58:44,billing_complaint,19.0
2223,7998,2026-07-17 21:21:44,billing_complaint,14.3
2224,11391,2026-07-17 22:01:05,billing_complaint,5.6
2225,14433,2026-07-18 03:48:28,billing_complaint,11.8
2226,13152,2026-07-18 05:25:15,billing_complaint,6.1
2227,12857,2026-07-18 06:48:39,billing_complaint,1.9
2228,6522,2026-07-18 13:38:59,billing_complaint,5.3
2229,11727,2026-07-18 14:08:30,billing_complaint,12.4
2230,9433,2026-07-18 16:07:27,billing_complaint,5.3
2231,8528,2026-07-18 16:17:09,billing_complaint,2.9
2232,9420,2026-07-18 16:32:13,bug_report,9.7
2233,1936,2026-07-18 17:47:29,billing_complaint,7.6
2234,13664,2026-07-18 20:13:32,bug_report,10.1
2235,9881,2026-07-18 20:51:24,billing_complaint,7.5
2236,13181,2026-07-18 23:40:52,bug_report,8.4
2237,8230,2026-07-19 03:27:37,billing_complaint,5.0
2238,9673,2026-07-19 03:38:06,billing_complaint,18.8
2239,14134,2026-07-19 05:41:29,billing_complaint,3.7
2240,4357,2026-07-19 09:42:30,billing_complaint,20.5
2241,1060,2026-07-19 11:03:38,bug_report,6.1
2242,4416,2026-07-19 11:19:47,billing_complaint,12.9
2243,8971,2026-07-19 13:09:05,bug_report,10.0
2244,6941,2026-07-19 13:14:43,billing_complaint,2.2
2245,11585,2026-07-19 15:33:48,bug_report,0.3
2246,7618,2026-07-19 16:36:28,billing_complaint,16.6
2247,8278,2026-07-19 16:48:02,feature_request,3.7
2248,8005,2026-07-19 17:00:30,billing_complaint,9.9
2249,4527,2026-07-19 17:49:31,billing_complaint,3.8
2250,11707,2026-07-19 19:14:37,billing_complaint,4.4
2251,11353,2026-07-20 01:55:17,billing_complaint,5.5
2252,7814,2026-07-20 02:30:24,billing_complaint,8.8
2253,9231,2026-07-20 02:37:51,bug_report,3.3
2254,2653,2026-07-20 03:05:09,billing_complaint,5.0
2255,8247,2026-07-20 03:25:51,billing_complaint,17.4
2256,8007,2026-07-20 04:33:42,bug_report,11.4
2257,9909,2026-07-20 05:57:17,billing_complaint,1.7
2258,3364,2026-07-20 06:59:59,bug_report,6.2
2259,12653,2026-07-20 08:49:02,billing_complaint,1.2
2260,903,2026-07-20 15:26:54,feature_request,4.9
2261,13243,2026-07-20 16:32:35,billing_complaint,4.7
2262,10504,2026-07-20 17:29:49,billing_complaint,22.4
2263,5335,2026-07-20 18:06:38,bug_report,4.2
2264,2779,2026-07-20 18:18:16,billing_complaint,2.6
2265,74,2026-07-20 19:55:03,billing_complaint,7.3
2266,13610,2026-07-20 20:04:52,billing_complaint,9.0
2267,2124,2026-07-20 20:47:38,bug_report,3.2
2268,14768,2026-07-20 22:17:21,billing_complaint,24.2
2269,7295,2026-07-21 02:21:28,billing_complaint,20.7
2270,306,2026-07-21 03:14:13,billing_complaint,18.2
2271,9524,2026-07-21 07:47:02,billing_complaint,20.9
2272,9863,2026-07-21 07:54:00,feature_request,15.1
2273,3985,2026-07-21 10:25:50,billing_complaint,7.5
2274,6018,2026-07-21 13:10:24,billing_complaint,6.5
2275,13033,2026-07-21 13:19:34,feature_request,9.4
2276,12131,2026-07-21 15:14:31,feature_request,5.3
2277,10324,2026-07-21 20:27:27,billing_complaint,5.2
2278,6740,2026-07-21 23:31:52,billing_complaint,7.7
2279,4965,2026-07-22 00:53:03,bug_report,16.6
2280,1094,2026-07-22 01:37:34,billing_complaint,1.3
2281,9183,2026-07-22 04:47:21,billing_complaint,7.7
2282,10574,2026-07-22 05:26:55,billing_complaint,4.8
2283,8985,2026-07-22 07:10:29,billing_complaint,9.0
2284,870,2026-07-22 09:14:19,billing_complaint,3.7
2285,4448,2026-07-22 09:20:26,bug_report,13.2
2286,10574,2026-07-22 17:33:18,billing_complaint,10.3
2287,13681,2026-07-22 18:57:43,bug_report,6.0
2288,10879,2026-07-22 20:11:47,billing_complaint,6.9
2289,974,2026-07-22 21:46:06,billing_complaint,9.2
2290,493,2026-07-23 00:36:25,feature_request,5.5
2291,2392,2026-07-23 04:35:16,bug_report,4.5
2292,714,2026-07-23 06:49:43,billing_complaint,15.7
2293,12853,2026-07-23 07:25:23,billing_complaint,8.1
2294,5476,2026-07-23 08:07:48,feature_request,2.3
2295,4453,2026-07-23 12:16:51,feature_request,16.6
2296,13096,2026-07-23 13:32:34,billing_complaint,8.5
2297,3840,2026-07-23 13:35:34,feature_request,6.0
2298,9919,2026-07-23 13:41:38,bug_report,5.7
2299,7612,2026-07-23 14:57:48,bug_report,6.7
2300,805,2026-07-23 19:07:39,billing_complaint,3.4
2301,13912,2026-07-23 20:01:01,bug_report,7.6
2302,9803,2026-07-23 20:03:52,feature_request,22.8
2303,599,2026-07-23 20:57:03,billing_complaint,9.2
2304,7015,2026-07-23 21:22:32,billing_complaint,2.1
2305,3664,2026-07-23 21:23:40,billing_complaint,4.3
2306,6579,2026-07-23 22:14:02,billing_complaint,12.0
2307,11071,2026-07-24 00:20:13,bug_report,3.7
2308,2442,2026-07-24 03:31:12,billing_complaint,6.5
2309,3825,2026-07-24 06:21:58,billing_complaint,7.6
2310,5301,2026-07-24 06:54:26,bug_report,5.0
2311,6809,2026-07-24 12:03:18,bug_report,4.7
2312,2058,2026-07-24 13:17:20,billing_complaint,6.4
2313,4686,2026-07-24 18:03:24,billing_complaint,17.0
2314,6335,2026-07-24 21:12:49,billing_complaint,1.1
2315,14552,2026-07-24 23:41:40,billing_complaint,17.2
2316,5274,2026-07-25 02:01:35,billing_complaint,23.7
2317,8512,2026-07-25 02:58:32,billing_complaint,8.4
2318,14105,2026-07-25 03:41:47,feature_request,4.0
2319,10112,2026-07-25 09:36:30,bug_report,5.7
2320,3881,2026-07-25 13:01:25,billing_complaint,16.4
2321,11013,2026-07-25 13:23:59,feature_request,5.5
2322,7261,2026-07-25 19:36:45,billing_complaint,8.5
2323,10762,2026-07-25 21:56:15,billing_complaint,5.5
2324,523,2026-07-25 23:19:08,billing_complaint,1.1
2325,12621,2026-07-25 23:56:24,billing_complaint,7.3
2326,7282,2026-07-26 01:08:31,bug_report,7.1
2327,8328,2026-07-26 02:49:33,feature_request,7.7
2328,13154,2026-07-26 04:22:09,bug_report,6.1
2329,230,2026-07-26 08:54:00,billing_complaint,5.4
2330,1922,2026-07-26 11:43:00,billing_complaint,8.5
2331,10745,2026-07-26 12:13:00,billing_complaint,7.7
2332,5791,2026-07-26 12:57:32,bug_report,16.3
2333,11567,2026-07-26 14:54:01,bug_report,5.2
2334,14272,2026-07-26 14:57:29,billing_complaint,5.9
2335,8455,2026-07-26 16:55:45,billing_complaint,10.5
2336,7295,2026-07-26 17:28:41,feature_request,7.5
2337,14444,2026-07-26 19:00:55,bug_report,11.6
2338,9424,2026-07-26 20:43:16,bug_report,8.7
2339,4139,2026-07-26 21:47:34,billing_complaint,2.7
2340,4847,2026-07-26 21:57:21,billing_complaint,1.6
2341,843,2026-07-26 22:23:28,feature_request,16.2
2342,10465,2026-07-26 23:04:42,billing_complaint,5.7
2343,5788,2026-07-27 00:18:24,cancellation_request,10.9
2344,7837,2026-07-27 00:48:24,cancellation_request,25.5
2345,5798,2026-07-27 01:01:42,cancellation_request,4.9
2346,5361,2026-07-27 01:26:54,cancellation_request,5.9
2347,7791,2026-07-27 01:28:22,cancellation_request,6.7
2348,8808,2026-07-27 01:33:52,cancellation_request,5.5
2349,2842,2026-07-27 02:06:00,cancellation_request,6.9
2350,11113,2026-07-27 02:26:06,cancellation_request,9.4
2351,10625,2026-07-27 02:37:44,cancellation_request,6.5
2352,13223,2026-07-27 02:49:22,cancellation_request,6.9
2353,7632,2026-07-27 03:26:18,cancellation_request,5.2
2354,2346,2026-07-27 03:30:14,cancellation_request,11.8
2355,10399,2026-07-27 03:34:16,cancellation_request,3.7
2356,11059,2026-07-27 03:43:43,cancellation_request,6.4
2357,13132,2026-07-27 03:43:53,cancellation_request,3.4
2358,4871,2026-07-27 04:01:51,cancellation_request,5.9
2359,5486,2026-07-27 04:37:42,cancellation_request,6.1
2360,14796,2026-07-27 04:51:52,cancellation_request,8.8
2361,12275,2026-07-27 05:06:04,cancellation_request,2.2
2362,6696,2026-07-27 05:10:01,cancellation_request,7.0
2363,932,2026-07-27 05:17:41,cancellation_request,5.8
2364,14470,2026-07-27 05:38:17,cancellation_request,7.1
2365,1488,2026-07-27 05:48:47,cancellation_request,9.3
2366,8193,2026-07-27 06:26:27,cancellation_request,18.3
2367,11386,2026-07-27 06:57:56,billing_complaint,19.8
2368,4514,2026-07-27 07:43:45,cancellation_request,8.8
2369,5576,2026-07-27 07:52:16,cancellation_request,5.2
2370,1739,2026-07-27 08:04:58,cancellation_request,0.4
2371,7657,2026-07-27 08:11:45,cancellation_request,3.8
2372,12456,2026-07-27 08:37:31,cancellation_request,5.8
2373,5339,2026-07-27 08:45:59,cancellation_request,8.5
2374,6761,2026-07-27 08:55:26,cancellation_request,12.1
2375,6246,2026-07-27 08:57:15,cancellation_request,8.0
2376,11561,2026-07-27 09:12:41,cancellation_request,10.0
2377,8296,2026-07-27 09:14:59,cancellation_request,3.1
2378,9001,2026-07-27 09:20:44,cancellation_request,5.4
2379,1350,2026-07-27 09:22:12,cancellation_request,3.2
2380,2159,2026-07-27 09:34:24,cancellation_request,10.2
2381,135,2026-07-27 11:25:33,cancellation_request,7.7
2382,11193,2026-07-27 11:43:56,cancellation_request,6.1
2383,4572,2026-07-27 11:45:34,cancellation_request,14.4
2384,5617,2026-07-27 12:14:21,cancellation_request,0.7
2385,9795,2026-07-27 12:50:30,cancellation_request,6.6
2386,4911,2026-07-27 12:53:48,cancellation_request,2.6
2387,7272,2026-07-27 12:57:06,billing_complaint,14.3
2388,10609,2026-07-27 13:05:16,cancellation_request,13.5
2389,1568,2026-07-27 13:20:38,cancellation_request,4.3
2390,8623,2026-07-27 13:40:05,cancellation_request,13.6
2391,8767,2026-07-27 14:29:44,cancellation_request,7.6
2392,12828,2026-07-27 14:38:30,cancellation_request,2.8
2393,12700,2026-07-27 14:43:57,cancellation_request,12.4
2394,9903,2026-07-27 14:47:53,cancellation_request,4.1
2395,11141,2026-07-27 14:51:29,cancellation_request,14.8
2396,14161,2026-07-27 15:27:09,cancellation_request,7.6
2397,13875,2026-07-27 16:04:50,billing_complaint,4.1
2398,10122,2026-07-27 16:06:25,bug_report,4.2
2399,9499,2026-07-27 16:15:59,cancellation_request,6.7
2400,4282,2026-07-27 16:34:13,cancellation_request,9.0
2401,6586,2026-07-27 17:05:34,cancellation_request,7.8
2402,11956,2026-07-27 17:25:52,cancellation_request,6.0
2403,6451,2026-07-27 17:48:53,cancellation_request,9.5
2404,2436,2026-07-27 18:16:32,cancellation_request,9.9
2405,3775,2026-07-27 18:31:30,cancellation_request,8.6
2406,6084,2026-07-27 18:31:43,cancellation_request,8.4
2407,9669,2026-07-27 18:38:17,cancellation_request,10.0
2408,3842,2026-07-27 19:16:58,cancellation_request,4.3
2409,11654,2026-07-27 19:20:55,cancellation_request,9.3
2410,1194,2026-07-27 19:33:57,billing_complaint,10.3
2411,10270,2026-07-27 19:45:24,cancellation_request,1.4
2412,9589,2026-07-27 20:09:17,cancellation_request,12.9
2413,3181,2026-07-27 20:16:14,cancellation_request,10.9
2414,12931,2026-07-27 20:32:15,cancellation_request,3.0
2415,3388,2026-07-27 20:33:48,cancellation_request,8.6
2416,12172,2026-07-27 21:00:03,cancellation_request,13.9
2417,8453,2026-07-27 21:18:49,cancellation_request,1.0
2418,3403,2026-07-27 21:22:28,cancellation_request,14.4
2419,6513,2026-07-27 21:52:56,cancellation_request,7.3
2420,12690,2026-07-27 22:17:41,cancellation_request,2.6
2421,12225,2026-07-27 22:19:03,cancellation_request,19.8
2422,10745,2026-07-27 22:20:18,cancellation_request,4.0
2423,10761,2026-07-27 22:21:42,cancellation_request,8.3
2424,13345,2026-07-27 22:49:22,cancellation_request,7.0
2425,14430,2026-07-27 22:54:23,bug_report,1.2
2426,1668,2026-07-27 23:15:02,cancellation_request,21.4
2427,7152,2026-07-27 23:17:01,cancellation_request,4.4
2428,6882,2026-07-27 23:19:45,cancellation_request,3.6
2429,11111,2026-07-27 23:50:45,billing_complaint,7.2
2430,7847,2026-07-28 00:07:14,cancellation_request,5.8
2431,6937,2026-07-28 00:16:36,cancellation_request,3.2
2432,2997,2026-07-28 00:27:47,billing_complaint,0.9
2433,13181,2026-07-28 00:40:08,cancellation_request,11.9
2434,2307,2026-07-28 00:54:37,billing_complaint,4.3
2435,9568,2026-07-28 00:56:32,cancellation_request,2.0
2436,7698,2026-07-28 01:55:27,cancellation_request,4.9
2437,13339,2026-07-28 01:57:04,billing_complaint,1.8
2438,1014,2026-07-28 02:08:14,bug_report,13.6
2439,3057,2026-07-28 02:30:27,cancellation_request,2.5
2440,2215,2026-07-28 03:01:02,cancellation_request,3.3
2441,4446,2026-07-28 04:15:44,cancellation_request,9.1
2442,6140,2026-07-28 04:19:40,cancellation_request,4.6
2443,753,2026-07-28 04:21:46,cancellation_request,11.1
2444,6487,2026-07-28 04:29:17,cancellation_request,3.7
2445,8718,2026-07-28 05:11:39,cancellation_request,8.7
2446,77,2026-07-28 05:14:31,cancellation_request,10.1
2447,9319,2026-07-28 05:45:40,cancellation_request,9.2
2448,6603,2026-07-28 05:51:14,cancellation_request,4.2
2449,8993,2026-07-28 06:00:19,cancellation_request,9.2
2450,7047,2026-07-28 06:04:09,cancellation_request,7.1
2451,2824,2026-07-28 06:09:25,feature_request,3.4
2452,282,2026-07-28 06:23:16,bug_report,6.2
2453,4727,2026-07-28 06:23:53,cancellation_request,3.7
2454,10772,2026-07-28 06:24:34,cancellation_request,18.6
2455,846,2026-07-28 06:24:46,cancellation_request,3.1
2456,6,2026-07-28 06:26:41,cancellation_request,2.3
2457,2194,2026-07-28 06:33:59,cancellation_request,14.6
2458,5779,2026-07-28 07:02:58,billing_complaint,18.9
2459,5320,2026-07-28 07:10:43,cancellation_request,10.2
2460,2915,2026-07-28 07:17:49,cancellation_request,8.8
2461,3886,2026-07-28 07:22:22,cancellation_request,4.1
2462,5011,2026-07-28 07:52:27,cancellation_request,20.2
2463,1630,2026-07-28 08:08:50,cancellation_request,1.8
2464,1627,2026-07-28 08:52:50,bug_report,10.7
2465,11839,2026-07-28 10:20:49,cancellation_request,17.8
2466,7419,2026-07-28 10:29:48,cancellation_request,2.7
2467,2645,2026-07-28 10:36:04,cancellation_request,5.6
2468,8062,2026-07-28 10:48:13,cancellation_request,15.1
2469,5378,2026-07-28 11:15:57,cancellation_request,6.8
2470,1556,2026-07-28 11:16:12,cancellation_request,2.1
2471,5890,2026-07-28 11:25:07,cancellation_request,4.4
2472,4391,2026-07-28 11:30:26,bug_report,5.0
2473,7809,2026-07-28 11:57:00,cancellation_request,11.8
2474,13120,2026-07-28 12:17:46,cancellation_request,11.7
2475,10016,2026-07-28 12:30:58,cancellation_request,3.2
2476,12487,2026-07-28 12:47:57,cancellation_request,1.4
2477,395,2026-07-28 12:51:36,cancellation_request,2.7
2478,7654,2026-07-28 13:14:21,cancellation_request,13.6
2479,8613,2026-07-28 13:20:56,cancellation_request,6.7
2480,13668,2026-07-28 13:57:47,cancellation_request,4.4
2481,14069,2026-07-28 14:08:34,cancellation_request,11.0
2482,7972,2026-07-28 14:34:56,cancellation_request,1.8
2483,3933,2026-07-28 14:50:13,cancellation_request,13.2
2484,5696,2026-07-28 14:55:54,cancellation_request,23.9
2485,8971,2026-07-28 15:03:42,cancellation_request,11.2
2486,14276,2026-07-28 15:09:29,cancellation_request,3.8
2487,11780,2026-07-28 15:21:48,cancellation_request,3.8
2488,1344,2026-07-28 15:25:39,cancellation_request,1.0
2489,665,2026-07-28 15:26:31,cancellation_request,9.6
2490,2324,2026-07-28 15:28:20,cancellation_request,8.0
2491,6264,2026-07-28 15:46:21,billing_complaint,2.7
2492,9541,2026-07-28 16:09:42,cancellation_request,3.0
2493,14088,2026-07-28 16:27:44,cancellation_request,4.0
2494,2410,2026-07-28 16:37:40,cancellation_request,7.7
2495,3447,2026-07-28 16:38:49,cancellation_request,14.5
2496,1042,2026-07-28 16:39:52,cancellation_request,3.6
2497,1823,2026-07-28 16:47:14,cancellation_request,11.4
2498,9528,2026-07-28 16:56:19,cancellation_request,2.2
2499,6306,2026-07-28 17:09:04,cancellation_request,4.5
2500,9011,2026-07-28 17:14:30,cancellation_request,5.7
2501,797,2026-07-28 17:29:30,cancellation_request,10.5
2502,14262,2026-07-28 17:42:06,billing_complaint,8.4
2503,7175,2026-07-28 17:50:48,cancellation_request,8.6
2504,7113,2026-07-28 18:11:26,cancellation_request,21.6
2505,1179,2026-07-28 18:19:05,cancellation_request,4.0
2506,12604,2026-07-28 18:58:47,cancellation_request,9.4
2507,1129,2026-07-28 19:31:26,cancellation_request,10.5
2508,7979,2026-07-28 19:56:18,billing_complaint,6.6
2509,10786,2026-07-28 19:56:18,cancellation_request,8.7
2510,7610,2026-07-28 20:26:30,cancellation_request,4.4
2511,6660,2026-07-28 20:42:00,cancellation_request,3.9
2512,8959,2026-07-28 21:04:13,cancellation_request,3.5
2513,5721,2026-07-28 21:21:06,cancellation_request,19.4
2514,1801,2026-07-28 21:25:35,cancellation_request,7.9
2515,10107,2026-07-28 21:34:10,cancellation_request,4.5
2516,1225,2026-07-28 21:50:12,cancellation_request,7.7
2517,6444,2026-07-28 21:51:14,cancellation_request,13.3
2518,3922,2026-07-28 21:56:22,cancellation_request,11.2
2519,13234,2026-07-28 22:09:24,cancellation_request,4.4
2520,10077,2026-07-28 22:13:43,cancellation_request,7.6
2521,4715,2026-07-28 22:34:18,cancellation_request,24.8
2522,14324,2026-07-28 22:35:44,cancellation_request,2.2
2523,7582,2026-07-28 22:52:34,cancellation_request,18.6
2524,13116,2026-07-28 23:09:40,cancellation_request,8.2
2525,10686,2026-07-28 23:11:56,cancellation_request,4.8
2526,4644,2026-07-28 23:51:12,cancellation_request,22.3
2527,6810,2026-07-29 00:05:33,cancellation_request,0.6
2528,3452,2026-07-29 00:07:33,cancellation_request,4.4
2529,13933,2026-07-29 00:17:10,cancellation_request,11.4
2530,7687,2026-07-29 00:56:04,cancellation_request,10.9
2531,14801,2026-07-29 01:12:56,cancellation_request,9.3
2532,7329,2026-07-29 01:25:50,cancellation_request,1.5
2533,10323,2026-07-29 01:26:21,cancellation_request,0.5
2534,10341,2026-07-29 01:35:06,cancellation_request,10.0
2535,8104,2026-07-29 01:40:01,cancellation_request,6.4
2536,12080,2026-07-29 01:47:49,cancellation_request,20.4
2537,10955,2026-07-29 02:05:35,cancellation_request,5.2
2538,3094,2026-07-29 02:22:53,cancellation_request,11.0
2539,9375,2026-07-29 02:26:00,cancellation_request,10.6
2540,12971,2026-07-29 02:45:17,cancellation_request,16.2
2541,14466,2026-07-29 03:42:58,cancellation_request,7.3
2542,2649,2026-07-29 03:54:33,cancellation_request,4.1
2543,45,2026-07-29 04:20:17,cancellation_request,15.4
2544,5332,2026-07-29 04:48:17,cancellation_request,7.5
2545,12188,2026-07-29 04:55:19,cancellation_request,14.0
2546,6415,2026-07-29 05:20:29,cancellation_request,10.8
2547,8458,2026-07-29 05:53:45,cancellation_request,11.9
2548,13493,2026-07-29 05:55:22,cancellation_request,18.5
2549,14522,2026-07-29 05:59:39,cancellation_request,10.3
2550,109,2026-07-29 06:11:30,cancellation_request,7.0
2551,6675,2026-07-29 06:20:08,cancellation_request,6.9
2552,6361,2026-07-29 07:05:50,cancellation_request,9.9
2553,9071,2026-07-29 07:32:55,cancellation_request,6.4
2554,4438,2026-07-29 07:52:44,cancellation_request,7.9
2555,11017,2026-07-29 07:57:29,cancellation_request,13.0
2556,2406,2026-07-29 09:00:06,cancellation_request,3.8
2557,9733,2026-07-29 09:45:57,cancellation_request,5.5
2558,14723,2026-07-29 09:58:47,cancellation_request,4.4
2559,13834,2026-07-29 10:02:49,cancellation_request,2.4
2560,5771,2026-07-29 10:06:40,cancellation_request,5.5
2561,151,2026-07-29 10:26:14,cancellation_request,3.4
2562,3624,2026-07-29 11:08:41,billing_complaint,21.4
2563,11250,2026-07-29 11:35:31,cancellation_request,9.0
2564,2118,2026-07-29 11:45:56,cancellation_request,6.9
2565,8985,2026-07-29 11:46:15,cancellation_request,11.2
2566,842,2026-07-29 11:57:29,cancellation_request,0.4
2567,701,2026-07-29 12:10:21,cancellation_request,2.9
2568,1621,2026-07-29 12:16:11,cancellation_request,5.7
2569,3069,2026-07-29 12:57:14,cancellation_request,3.5
2570,7067,2026-07-29 13:24:07,cancellation_request,8.5
2571,6191,2026-07-29 13:24:12,cancellation_request,11.5
2572,4932,2026-07-29 13:27:22,cancellation_request,1.6
2573,467,2026-07-29 13:31:33,bug_report,12.3
2574,1724,2026-07-29 14:21:26,cancellation_request,10.8
2575,13524,2026-07-29 14:36:25,cancellation_request,16.7
2576,1272,2026-07-29 14:50:23,cancellation_request,5.8
2577,9502,2026-07-29 15:01:58,cancellation_request,3.1
2578,4297,2026-07-29 15:20:25,cancellation_request,2.0
2579,14651,2026-07-29 15:26:34,cancellation_request,2.4
2580,12127,2026-07-29 15:39:27,cancellation_request,3.4
2581,13174,2026-07-29 15:48:30,cancellation_request,16.3
2582,11715,2026-07-29 16:23:54,cancellation_request,6.2
2583,10985,2026-07-29 16:28:14,cancellation_request,5.9
2584,1529,2026-07-29 16:40:17,cancellation_request,2.4
2585,11673,2026-07-29 16:51:26,cancellation_request,23.8
2586,10715,2026-07-29 16:55:14,cancellation_request,6.0
2587,6334,2026-07-29 17:12:42,cancellation_request,3.3
2588,6683,2026-07-29 17:21:40,cancellation_request,1.1
2589,7140,2026-07-29 17:26:32,cancellation_request,26.4
2590,6714,2026-07-29 17:47:31,billing_complaint,30.7
2591,11723,2026-07-29 17:51:07,cancellation_request,0.8
2592,9118,2026-07-29 17:52:19,cancellation_request,11.7
2593,3448,2026-07-29 18:00:13,cancellation_request,2.4
2594,13767,2026-07-29 18:08:32,bug_report,8.5
2595,147,2026-07-29 18:10:35,cancellation_request,4.6
2596,6512,2026-07-29 18:14:39,cancellation_request,1.9
2597,13455,2026-07-29 18:21:41,cancellation_request,6.7
2598,910,2026-07-29 18:34:14,cancellation_request,4.1
2599,14256,2026-07-29 19:22:33,cancellation_request,11.2
2600,8980,2026-07-29 19:23:19,cancellation_request,8.3
2601,10928,2026-07-29 20:08:29,cancellation_request,17.4
2602,6416,2026-07-29 20:13:23,cancellation_request,4.7
2603,12599,2026-07-29 20:18:20,cancellation_request,3.1
2604,4693,2026-07-29 20:28:14,bug_report,3.8
2605,8629,2026-07-29 20:31:58,cancellation_request,13.6
2606,6871,2026-07-29 20:36:37,billing_complaint,2.3
2607,9234,2026-07-29 20:46:24,cancellation_request,8.3
2608,8911,2026-07-29 21:18:54,cancellation_request,8.0
2609,13912,2026-07-29 21:43:02,cancellation_request,3.1
2610,13215,2026-07-29 22:04:31,cancellation_request,4.7
2611,8426,2026-07-29 22:07:15,cancellation_request,4.2
2612,4123,2026-07-29 22:43:08,cancellation_request,19.5
2613,5541,2026-07-29 23:11:13,cancellation_request,2.6
2614,6929,2026-07-29 23:28:41,cancellation_request,10.8
2615,8548,2026-07-29 23:29:06,cancellation_request,7.7
2616,6746,2026-07-30 00:02:04,cancellation_request,11.1
2617,12246,2026-07-30 00:04:29,cancellation_request,13.9
2618,2965,2026-07-30 00:08:25,billing_complaint,18.4
2619,9942,2026-07-30 00:31:21,cancellation_request,6.8
2620,7631,2026-07-30 00:32:57,cancellation_request,7.8
2621,9010,2026-07-30 00:34:59,cancellation_request,2.1
2622,8513,2026-07-30 00:52:23,cancellation_request,0.7
2623,10190,2026-07-30 00:58:07,cancellation_request,6.8
2624,12044,2026-07-30 01:09:15,cancellation_request,5.4
2625,9583,2026-07-30 01:48:07,cancellation_request,6.0
2626,10409,2026-07-30 02:10:52,cancellation_request,11.3
2627,4955,2026-07-30 02:16:56,billing_complaint,7.4
2628,6873,2026-07-30 02:23:40,cancellation_request,1.5
2629,12716,2026-07-30 02:27:46,cancellation_request,6.8
2630,7052,2026-07-30 02:32:48,cancellation_request,25.4
2631,7614,2026-07-30 03:19:13,feature_request,2.6
2632,6798,2026-07-30 03:53:06,cancellation_request,2.0
2633,6074,2026-07-30 03:55:21,cancellation_request,7.8
2634,14546,2026-07-30 04:21:54,cancellation_request,7.5
2635,14118,2026-07-30 04:53:23,cancellation_request,2.2
2636,13776,2026-07-30 05:00:35,cancellation_request,8.0
2637,9127,2026-07-30 05:01:00,billing_complaint,8.2
2638,14949,2026-07-30 05:04:15,cancellation_request,5.8
2639,9521,2026-07-30 05:08:05,cancellation_request,7.1
2640,6652,2026-07-30 05:09:01,cancellation_request,4.5
2641,7885,2026-07-30 05:50:23,cancellation_request,1.0
2642,2548,2026-07-30 05:55:23,bug_report,4.8
2643,10459,2026-07-30 05:59:35,cancellation_request,10.8
2644,2929,2026-07-30 06:28:02,cancellation_request,9.0
2645,3526,2026-07-30 06:51:45,billing_complaint,6.7
2646,1237,2026-07-30 07:51:40,cancellation_request,13.1
2647,9259,2026-07-30 08:10:06,cancellation_request,3.5
2648,11567,2026-07-30 08:16:33,cancellation_request,8.5
2649,3886,2026-07-30 08:18:22,billing_complaint,10.1
2650,10447,2026-07-30 08:24:55,cancellation_request,11.5
2651,14739,2026-07-30 08:35:13,cancellation_request,3.7
2652,13458,2026-07-30 08:53:40,cancellation_request,2.9
2653,8212,2026-07-30 09:12:05,cancellation_request,13.3
2654,10204,2026-07-30 09:33:38,cancellation_request,5.4
2655,12070,2026-07-30 09:42:26,cancellation_request,0.9
2656,8186,2026-07-30 10:15:43,billing_complaint,1.4
2657,7924,2026-07-30 10:45:44,cancellation_request,9.2
2658,14725,2026-07-30 11:44:19,cancellation_request,6.2
2659,5029,2026-07-30 12:03:50,cancellation_request,4.0
2660,4800,2026-07-30 12:16:24,cancellation_request,5.1
2661,3950,2026-07-30 12:54:00,cancellation_request,4.1
2662,12498,2026-07-30 13:01:46,feature_request,7.9
2663,7215,2026-07-30 13:32:54,cancellation_request,5.0
2664,10853,2026-07-30 14:13:13,cancellation_request,2.2
2665,7374,2026-07-30 14:13:22,cancellation_request,0.9
2666,14767,2026-07-30 14:39:49,cancellation_request,5.5
2667,8562,2026-07-30 14:52:32,cancellation_request,8.0
2668,3958,2026-07-30 15:12:50,cancellation_request,7.3
2669,12007,2026-07-30 15:20:26,cancellation_request,3.7
2670,805,2026-07-30 15:32:22,cancellation_request,5.3
2671,5243,2026-07-30 16:04:46,cancellation_request,9.2
2672,12776,2026-07-30 16:11:34,cancellation_request,4.8
2673,13078,2026-07-30 16:49:42,cancellation_request,13.0
2674,8391,2026-07-30 17:07:15,cancellation_request,18.4
2675,1811,2026-07-30 17:23:40,cancellation_request,5.5
2676,12598,2026-07-30 17:27:56,cancellation_request,12.1
2677,14403,2026-07-30 18:20:55,cancellation_request,19.4
2678,516,2026-07-30 18:39:49,cancellation_request,15.2
2679,5612,2026-07-30 19:09:21,cancellation_request,1.9
2680,13758,2026-07-30 19:58:18,cancellation_request,24.5
2681,1301,2026-07-30 20:58:23,cancellation_request,8.6
2682,14507,2026-07-30 20:59:15,cancellation_request,4.3
2683,2495,2026-07-30 20:59:37,cancellation_request,6.1
2684,14433,2026-07-30 21:12:24,cancellation_request,1.7
2685,4267,2026-07-30 21:35:23,cancellation_request,3.5
2686,6756,2026-07-30 21:58:27,cancellation_request,5.4
2687,11441,2026-07-30 22:05:35,cancellation_request,4.3
2688,368,2026-07-30 22:08:42,cancellation_request,1.0
2689,4989,2026-07-30 22:10:54,cancellation_request,7.0
2690,11027,2026-07-30 22:49:55,cancellation_request,5.1
2691,8823,2026-07-30 22:58:18,cancellation_request,7.9
2692,4979,2026-07-30 23:26:37,cancellation_request,9.3
2693,13994,2026-07-30 23:28:39,cancellation_request,1.7
2694,10483,2026-07-30 23:30:30,cancellation_request,15.5
2695,265,2026-07-30 23:50:34,cancellation_request,3.3
2696,6892,2026-07-31 00:13:15,cancellation_request,12.9
2697,13931,2026-07-31 00:19:49,cancellation_request,12.7
2698,3471,2026-07-31 00:21:33,cancellation_request,4.2
2699,6891,2026-07-31 00:42:16,cancellation_request,3.5
2700,11422,2026-07-31 01:02:33,cancellation_request,2.6
2701,9999,2026-07-31 01:18:50,cancellation_request,6.7
2702,14259,2026-07-31 01:54:54,billing_complaint,5.1
2703,12798,2026-07-31 02:12:15,cancellation_request,11.2
2704,10976,2026-07-31 02:56:49,cancellation_request,1.2
2705,5199,2026-07-31 03:00:34,cancellation_request,8.1
2706,5071,2026-07-31 03:28:06,cancellation_request,6.5
2707,8625,2026-07-31 03:55:09,cancellation_request,4.0
2708,3334,2026-07-31 05:09:57,cancellation_request,10.4
2709,9221,2026-07-31 05:21:14,cancellation_request,9.1
2710,5826,2026-07-31 05:57:58,cancellation_request,0.9
2711,13190,2026-07-31 06:07:19,billing_complaint,1.7
2712,5915,2026-07-31 06:37:11,cancellation_request,11.6
2713,1360,2026-07-31 06:58:10,cancellation_request,4.6
2714,750,2026-07-31 07:18:05,cancellation_request,0.9
2715,14787,2026-07-31 07:34:34,cancellation_request,2.9
2716,14743,2026-07-31 07:37:42,billing_complaint,34.3
2717,12862,2026-07-31 07:45:13,feature_request,3.1
2718,4278,2026-07-31 07:51:11,cancellation_request,3.6
2719,650,2026-07-31 08:05:54,cancellation_request,6.7
2720,5393,2026-07-31 08:07:03,billing_complaint,1.8
2721,9912,2026-07-31 09:01:43,cancellation_request,10.3
2722,8723,2026-07-31 09:04:12,cancellation_request,5.1
2723,11924,2026-07-31 09:28:21,cancellation_request,8.3
2724,5508,2026-07-31 10:06:07,cancellation_request,7.0
2725,5548,2026-07-31 10:07:05,cancellation_request,0.6
2726,3774,2026-07-31 10:27:43,cancellation_request,2.0
2727,5435,2026-07-31 10:38:31,cancellation_request,7.6
2728,13516,2026-07-31 10:54:54,cancellation_request,9.0
2729,8344,2026-07-31 11:04:17,cancellation_request,4.4
2730,11646,2026-07-31 11:14:19,cancellation_request,9.0
2731,14716,2026-07-31 11:22:28,cancellation_request,6.1
2732,14995,2026-07-31 11:25:41,cancellation_request,5.5
2733,203,2026-07-31 11:32:07,cancellation_request,7.9
2734,13485,2026-07-31 11:32:54,cancellation_request,20.1
2735,13231,2026-07-31 11:39:07,cancellation_request,9.5
2736,11999,2026-07-31 11:47:30,cancellation_request,4.6
2737,7943,2026-07-31 12:04:02,cancellation_request,17.6
2738,10337,2026-07-31 12:08:18,cancellation_request,4.3
2739,9671,2026-07-31 12:10:56,cancellation_request,4.7
2740,450,2026-07-31 12:13:49,cancellation_request,6.4
2741,12847,2026-07-31 12:29:46,cancellation_request,13.8
2742,10602,2026-07-31 12:31:34,billing_complaint,6.0
2743,3670,2026-07-31 12:47:45,cancellation_request,2.9
2744,9534,2026-07-31 12:49:34,bug_report,1.9
2745,4090,2026-07-31 12:51:57,billing_complaint,13.3
2746,13932,2026-07-31 13:23:21,cancellation_request,7.4
2747,4759,2026-07-31 13:38:01,cancellation_request,3.2
2748,13673,2026-07-31 14:25:53,cancellation_request,11.5
2749,11912,2026-07-31 14:30:15,cancellation_request,8.7
2750,8240,2026-07-31 14:51:58,cancellation_request,10.3
2751,4075,2026-07-31 14:59:20,cancellation_request,5.4
2752,7771,2026-07-31 15:30:02,cancellation_request,3.9
2753,1425,2026-07-31 15:35:27,cancellation_request,2.6
2754,8975,2026-07-31 15:51:13,cancellation_request,7.6
2755,12118,2026-07-31 16:02:07,cancellation_request,4.3
2756,1382,2026-07-31 16:30:17,cancellation_request,11.1
2757,6449,2026-07-31 16:42:56,cancellation_request,12.6
2758,6424,2026-07-31 17:01:22,cancellation_request,3.6
2759,10274,2026-07-31 17:02:33,billing_complaint,11.0
2760,12255,2026-07-31 17:14:57,billing_complaint,12.5
2761,1967,2026-07-31 17:24:53,cancellation_request,17.0
2762,9,2026-07-31 17:27:05,cancellation_request,7.2
2763,12193,2026-07-31 17:41:58,cancellation_request,11.0
2764,9978,2026-07-31 18:02:10,bug_report,5.5
2765,7388,2026-07-31 18:14:55,cancellation_request,4.9
2766,12035,2026-07-31 18:17:00,cancellation_request,9.1
2767,10864,2026-07-31 19:03:51,cancellation_request,5.5
2768,12901,2026-07-31 19:04:27,cancellation_request,7.2
2769,2102,2026-07-31 19:08:48,cancellation_request,5.3
2770,3532,2026-07-31 19:20:55,cancellation_request,12.1
2771,12137,2026-07-31 19:21:41,cancellation_request,2.2
2772,8333,2026-07-31 19:32:51,cancellation_request,15.3
2773,13724,2026-07-31 19:41:24,cancellation_request,2.8
2774,12984,2026-07-31 19:59:59,cancellation_request,9.5
2775,12410,2026-07-31 20:06:19,billing_complaint,4.9
2776,12936,2026-07-31 20:09:58,cancellation_request,10.6
2777,2773,2026-07-31 20:15:20,cancellation_request,4.0
2778,1634,2026-07-31 20:18:48,cancellation_request,17.5
2779,1053,2026-07-31 20:33:34,cancellation_request,7.1
2780,11221,2026-07-31 20:51:57,cancellation_request,25.3
2781,143,2026-07-31 20:54:15,cancellation_request,21.8
2782,4046,2026-07-31 21:05:57,cancellation_request,16.5
2783,5728,2026-07-31 21:12:59,cancellation_request,10.2
2784,4065,2026-07-31 21:13:36,feature_request,1.2
2785,5349,2026-07-31 21:14:01,cancellation_request,3.9
2786,7882,2026-07-31 21:36:50,cancellation_request,2.9
2787,4550,2026-07-31 21:48:53,cancellation_request,18.1
2788,11022,2026-07-31 21:55:15,cancellation_request,10.2
2789,8618,2026-07-31 21:58:16,cancellation_request,4.9
2790,10085,2026-07-31 22:17:09,cancellation_request,5.0
2791,56,2026-07-31 22:35:00,cancellation_request,5.6
2792,3050,2026-07-31 22:48:19,cancellation_request,6.8
2793,12605,2026-07-31 22:55:39,cancellation_request,10.1
2794,2670,2026-07-31 23:31:22,billing_complaint,4.8
2795,13213,2026-07-31 23:44:00,cancellation_request,7.5
2796,623,2026-07-31 23:59:38,cancellation_request,6.3
2797,1211,2026-08-01 00:56:25,bug_report,12.6
2798,14766,2026-08-01 01:28:47,feature_request,18.3
2799,9301,2026-08-01 03:16:33,billing_complaint,5.6
2800,5545,2026-08-01 07:01:24,billing_complaint,12.3
2801,14676,2026-08-01 07:07:49,billing_complaint,15.2
2802,8346,2026-08-01 07:39:50,billing_complaint,13.3
2803,10482,2026-08-01 07:47:12,billing_complaint,3.4
2804,1659,2026-08-01 08:47:45,billing_complaint,2.9
2805,2942,2026-08-01 08:49:15,billing_complaint,10.5
2806,12738,2026-08-01 08:53:29,billing_complaint,7.8
2807,11152,2026-08-01 09:29:50,bug_report,1.0
2808,10896,2026-08-01 10:14:58,billing_complaint,6.8
2809,13438,2026-08-01 10:17:47,billing_complaint,9.9
2810,11846,2026-08-01 11:22:24,billing_complaint,12.8
2811,4015,2026-08-01 11:44:15,billing_complaint,4.8
2812,14245,2026-08-01 11:56:26,feature_request,10.5
2813,2408,2026-08-01 13:27:41,billing_complaint,2.2
2814,1938,2026-08-01 13:30:28,billing_complaint,3.4
2815,2605,2026-08-01 13:35:28,billing_complaint,4.3
2816,14962,2026-08-01 13:35:29,billing_complaint,4.1
2817,12680,2026-08-01 13:43:23,billing_complaint,9.9
2818,11108,2026-08-01 13:53:37,billing_complaint,15.1
2819,816,2026-08-01 13:54:16,billing_complaint,10.4
2820,14452,2026-08-01 14:38:49,billing_complaint,9.2
2821,8684,2026-08-01 16:29:11,feature_request,10.8
2822,11971,2026-08-01 16:42:40,billing_complaint,1.2
2823,5926,2026-08-01 16:47:22,billing_complaint,16.9
2824,5075,2026-08-01 17:14:40,bug_report,4.4
2825,13173,2026-08-01 17:32:30,billing_complaint,6.0
2826,5991,2026-08-01 17:55:12,billing_complaint,20.2
2827,14887,2026-08-01 17:58:33,billing_complaint,1.6
2828,14823,2026-08-01 18:35:46,billing_complaint,5.2
2829,8803,2026-08-01 18:41:40,billing_complaint,6.9
2830,3876,2026-08-01 19:20:37,billing_complaint,22.9
2831,4904,2026-08-01 19:25:28,billing_complaint,4.7
2832,11813,2026-08-01 20:11:02,billing_complaint,6.2
2833,13423,2026-08-01 20:11:55,billing_complaint,6.7
2834,10751,2026-08-01 20:12:35,billing_complaint,6.1
2835,4804,2026-08-01 20:22:42,billing_complaint,4.5
2836,13791,2026-08-01 20:23:46,billing_complaint,3.8
2837,11205,2026-08-01 20:33:51,bug_report,13.2
2838,11866,2026-08-01 21:42:44,billing_complaint,1.5
2839,3283,2026-08-01 22:48:55,billing_complaint,19.5
2840,12659,2026-08-01 23:12:23,billing_complaint,4.7
2841,3363,2026-08-01 23:23:29,billing_complaint,7.5
2842,8289,2026-08-02 00:14:37,billing_complaint,1.9
2843,12727,2026-08-02 00:26:06,bug_report,3.7
2844,4855,2026-08-02 01:07:11,billing_complaint,9.7
2845,8471,2026-08-02 01:19:49,billing_complaint,5.6
2846,5436,2026-08-02 01:31:19,billing_complaint,10.7
2847,6275,2026-08-02 01:33:52,billing_complaint,3.4
2848,9104,2026-08-02 01:51:51,billing_complaint,1.7
2849,3903,2026-08-02 02:01:37,billing_complaint,9.8
2850,5238,2026-08-02 02:05:38,feature_request,16.0
2851,14578,2026-08-02 02:14:11,billing_complaint,10.6
2852,11645,2026-08-02 02:40:53,billing_complaint,5.3
2853,3568,2026-08-02 02:50:13,billing_complaint,9.8
2854,2423,2026-08-02 03:23:28,billing_complaint,12.1
2855,6675,2026-08-02 03:28:09,billing_complaint,8.4
2856,4476,2026-08-02 03:29:27,billing_complaint,3.6
2857,5867,2026-08-02 03:31:28,billing_complaint,20.9
2858,562,2026-08-02 03:31:32,billing_complaint,6.6
2859,7380,2026-08-02 03:37:10,billing_complaint,4.9
2860,2640,2026-08-02 04:00:06,billing_complaint,6.3
2861,5905,2026-08-02 04:06:04,billing_complaint,1.1
2862,13329,2026-08-02 04:58:18,billing_complaint,1.3
2863,8598,2026-08-02 05:33:38,billing_complaint,15.1
2864,8540,2026-08-02 05:57:46,billing_complaint,4.0
2865,3249,2026-08-02 06:10:24,billing_complaint,10.1
2866,2985,2026-08-02 06:57:20,billing_complaint,3.6
2867,13551,2026-08-02 07:56:12,billing_complaint,8.5
2868,5931,2026-08-02 08:10:10,billing_complaint,17.0
2869,12931,2026-08-02 08:30:34,bug_report,6.0
2870,9280,2026-08-02 09:15:09,billing_complaint,14.2
2871,5556,2026-08-02 09:18:59,billing_complaint,7.3
2872,14450,2026-08-02 09:25:00,billing_complaint,6.6
2873,13798,2026-08-02 09:45:39,billing_complaint,2.7
2874,4364,2026-08-02 11:02:46,billing_complaint,7.8
2875,3654,2026-08-02 12:07:58,billing_complaint,8.7
2876,4683,2026-08-02 12:19:23,billing_complaint,3.5
2877,14557,2026-08-02 13:37:34,billing_complaint,1.7
2878,950,2026-08-02 13:43:14,billing_complaint,11.0
2879,14491,2026-08-02 15:36:58,billing_complaint,7.2
2880,14975,2026-08-02 15:50:24,feature_request,6.9
2881,1814,2026-08-02 16:40:14,billing_complaint,6.0
2882,653,2026-08-02 17:49:20,billing_complaint,0.4
2883,8077,2026-08-02 18:14:29,billing_complaint,11.5
2884,11106,2026-08-02 18:14:45,bug_report,7.9
2885,13661,2026-08-02 18:50:50,billing_complaint,5.4
2886,10156,2026-08-02 22:44:19,billing_complaint,11.1
2887,11659,2026-08-03 02:43:17,bug_report,9.5
2888,3198,2026-08-03 03:27:07,billing_complaint,12.6
2889,14456,2026-08-03 04:10:21,billing_complaint,10.8
2890,2609,2026-08-03 06:24:26,bug_report,7.6
2891,750,2026-08-03 14:02:17,bug_report,1.6
2892,5930,2026-08-03 17:37:18,billing_complaint,16.1
2893,8579,2026-08-03 20:03:10,bug_report,15.2
2894,6563,2026-08-03 20:44:53,billing_complaint,7.5
2895,8191,2026-08-03 23:04:26,billing_complaint,3.2
2896,12465,2026-08-03 23:52:00,bug_report,7.1
2897,12691,2026-08-04 00:07:41,billing_complaint,6.2
2898,4019,2026-08-04 10:25:52,feature_request,13.0
2899,13906,2026-08-04 10:27:17,bug_report,6.1
2900,5946,2026-08-04 14:07:37,bug_report,9.3
2901,11314,2026-08-04 15:10:18,billing_complaint,10.8
2902,5382,2026-08-04 17:13:58,bug_report,4.6
2903,8074,2026-08-04 23:34:42,billing_complaint,5.6
2904,5465,2026-08-05 04:50:14,feature_request,1.1
2905,14784,2026-08-05 14:24:54,billing_complaint,2.3
2906,9488,2026-08-05 23:01:12,feature_request,3.2
2907,455,2026-08-06 02:41:11,feature_request,2.0
2908,11351,2026-08-06 06:23:47,bug_report,5.0
2909,13420,2026-08-06 07:11:15,bug_report,0.7
2910,434,2026-08-07 10:15:27,bug_report,8.3
2911,8580,2026-08-07 12:41:53,bug_report,9.6
2912,6247,2026-08-07 14:31:31,bug_report,10.9
2913,6168,2026-08-07 16:18:22,bug_report,12.5
2914,4904,2026-08-07 16:52:50,feature_request,5.4
2915,1675,2026-08-07 17:48:55,billing_complaint,12.7
2916,9819,2026-08-08 14:23:46,feature_request,1.5
2917,14032,2026-08-08 16:00:33,feature_request,7.9
2918,14006,2026-08-08 19:19:25,bug_report,8.0
2919,12230,2026-08-09 11:16:16,feature_request,10.9
2920,3917,2026-08-09 12:03:47,feature_request,1.9
2921,6752,2026-08-09 16:38:20,billing_complaint,0.6
2922,1138,2026-08-09 22:02:56,bug_report,3.6
2923,1163,2026-08-10 00:48:56,bug_report,13.8
2924,12298,2026-08-10 10:02:04,bug_report,6.3
2925,551,2026-08-10 10:16:54,billing_complaint,6.9
2926,5321,2026-08-10 16:00:34,feature_request,11.7
2927,13475,2026-08-10 19:17:01,billing_complaint,13.3
2928,266,2026-08-11 03:36:10,feature_request,4.0
2929,9690,2026-08-11 04:57:16,feature_request,2.3
2930,1960,2026-08-11 05:13:38,bug_report,5.5
2931,8351,2026-08-11 06:04:26,billing_complaint,10.8
2932,14737,2026-08-11 09:56:30,billing_complaint,23.2
2933,12432,2026-08-11 11:39:46,bug_report,8.5
2934,10021,2026-08-11 11:43:38,billing_complaint,22.8
2935,1973,2026-08-11 16:45:42,bug_report,1.6
2936,6886,2026-08-11 17:03:39,billing_complaint,13.1
2937,2837,2026-08-11 17:29:20,bug_report,8.9
2938,3371,2026-08-11 20:59:43,bug_report,10.3
2939,7154,2026-08-11 22:02:36,feature_request,10.3
2940,14327,2026-08-11 23:01:40,feature_request,4.1
2941,1273,2026-08-11 23:05:04,feature_request,10.2
2942,10041,2026-08-12 01:33:38,feature_request,6.1
2943,8596,2026-08-12 09:25:49,feature_request,15.6
2944,7055,2026-08-12 09:54:03,billing_complaint,3.4
2945,9650,2026-08-12 12:39:39,bug_report,8.6
2946,1543,2026-08-12 14:05:03,bug_report,9.1
2947,2592,2026-08-12 18:13:12,bug_report,6.1
2948,2062,2026-08-12 18:38:03,bug_report,9.7
2949,4759,2026-08-12 18:58:51,bug_report,13.4
2950,9263,2026-08-13 04:19:47,billing_complaint,7.2
2951,1066,2026-08-14 02:12:51,feature_request,10.3
2952,11544,2026-08-14 06:04:03,bug_report,3.2
2953,9396,2026-08-14 14:04:58,billing_complaint,10.1
2954,11022,2026-08-14 18:08:25,bug_report,4.4
2955,1234,2026-08-14 18:28:41,bug_report,14.0
2956,11772,2026-08-14 21:00:27,billing_complaint,3.5
2957,3361,2026-08-14 21:06:03,feature_request,17.2
2958,1629,2026-08-15 00:05:02,bug_report,5.9
2959,93,2026-08-15 03:42:23,bug_report,5.4
2960,8331,2026-08-15 04:34:40,billing_complaint,2.5
2961,5647,2026-08-15 07:11:25,billing_complaint,1.9
2962,9570,2026-08-15 07:42:33,bug_report,5.1
2963,13621,2026-08-15 09:04:10,bug_report,3.4
2964,6270,2026-08-15 14:46:11,billing_complaint,7.5
2965,13003,2026-08-15 16:54:08,billing_complaint,8.0
2966,3853,2026-08-15 17:01:49,feature_request,21.7
2967,11902,2026-08-16 05:38:42,bug_report,3.6
2968,4663,2026-08-16 13:30:34,bug_report,9.3
2969,4020,2026-08-16 15:12:48,billing_complaint,4.2
2970,11828,2026-08-16 22:51:09,bug_report,3.0
2971,9730,2026-08-17 02:09:09,billing_complaint,5.8
2972,14915,2026-08-17 04:15:18,billing_complaint,14.1
2973,12346,2026-08-17 13:55:49,bug_report,31.6
2974,5259,2026-08-17 14:30:42,feature_request,2.6
2975,2593,2026-08-17 19:01:46,billing_complaint,7.0
2976,5330,2026-08-17 20:38:34,feature_request,5.4
2977,14338,2026-08-17 21:32:15,bug_report,13.9
2978,6870,2026-08-17 23:41:42,bug_report,24.2
2979,7577,2026-08-18 00:15:51,feature_request,1.7
2980,9918,2026-08-18 07:20:27,feature_request,16.1
2981,7248,2026-08-18 13:52:12,bug_report,0.9
2982,10792,2026-08-18 15:54:09,billing_complaint,13.5
2983,2448,2026-08-18 19:04:28,bug_report,2.4
2984,5437,2026-08-19 01:37:43,feature_request,11.5
2985,6520,2026-08-19 07:52:13,feature_request,18.9
2986,147,2026-08-19 08:34:27,feature_request,9.0
2987,10750,2026-08-19 14:28:57,feature_request,5.7
2988,1178,2026-08-19 16:11:34,feature_request,1.9
2989,4988,2026-08-19 16:33:50,bug_report,7.1
2990,12162,2026-08-19 20:29:58,feature_request,4.6
2991,13983,2026-08-20 01:06:58,bug_report,3.4
2992,4767,2026-08-20 06:11:25,feature_request,12.4
2993,14817,2026-08-20 09:02:31,feature_request,2.4
2994,6569,2026-08-20 19:29:57,bug_report,5.4
2995,12210,2026-08-20 19:30:53,billing_complaint,15.1
2996,7678,2026-08-20 19:35:33,bug_report,8.9
2997,2925,2026-08-20 19:53:19,feature_request,16.2
2998,8732,2026-08-20 23:11:07,bug_report,6.8
2999,12817,2026-08-20 23:20:16,billing_complaint,17.5
3000,9711,2026-08-20 23:53:35,billing_complaint,3.0
3001,11302,2026-08-21 00:46:34,feature_request,4.9
3002,1654,2026-08-21 05:22:24,billing_complaint,10.1
3003,11876,2026-08-21 12:07:15,billing_complaint,5.3
3004,10509,2026-08-21 13:33:40,bug_report,0.4
3005,1741,2026-08-22 02:08:31,bug_report,2.0
3006,12046,2026-08-22 07:00:59,bug_report,2.4
3007,14432,2026-08-22 11:28:25,billing_complaint,5.5
3008,14557,2026-08-22 12:40:49,feature_request,5.9
3009,1666,2026-08-22 19:43:44,feature_request,2.9
3010,11127,2026-08-22 21:58:39,bug_report,8.2
3011,14258,2026-08-23 06:19:05,bug_report,19.8
3012,9874,2026-08-23 09:32:22,bug_report,3.8
3013,9312,2026-08-23 11:16:38,bug_report,1.6
3014,5425,2026-08-23 14:12:47,billing_complaint,7.1
3015,6514,2026-08-23 22:53:59,billing_complaint,6.7
3016,7520,2026-08-24 03:10:13,bug_report,3.3
3017,5582,2026-08-24 03:29:07,bug_report,7.1
3018,6606,2026-08-24 08:01:35,feature_request,6.0
3019,1000,2026-08-24 11:29:21,feature_request,13.2
3020,1283,2026-08-24 17:32:03,bug_report,8.4
3021,7291,2026-08-24 20:06:21,feature_request,3.0
3022,12676,2026-08-24 20:27:26,feature_request,4.0
3023,3509,2026-08-25 02:28:50,feature_request,9.7
3024,4643,2026-08-25 10:26:53,billing_complaint,10.0
3025,5905,2026-08-25 15:56:58,feature_request,23.0
3026,3855,2026-08-26 00:43:09,bug_report,17.3
3027,3404,2026-08-26 02:49:52,feature_request,6.5
3028,6872,2026-08-26 13:11:08,bug_report,7.3
3029,7904,2026-08-26 15:38:02,bug_report,1.9
3030,42,2026-08-26 16:06:58,bug_report,20.4
3031,10272,2026-08-26 21:22:50,billing_complaint,5.6
3032,11471,2026-08-26 21:31:17,feature_request,3.4
3033,4100,2026-08-27 03:06:42,billing_complaint,8.3
3034,10804,2026-08-27 04:30:44,billing_complaint,10.7
3035,4914,2026-08-27 05:06:59,bug_report,5.5
3036,3372,2026-08-27 05:37:07,feature_request,9.6
3037,8518,2026-08-27 11:31:21,billing_complaint,9.9
3038,6091,2026-08-27 12:52:46,billing_complaint,2.2
3039,2517,2026-08-27 13:36:58,bug_report,9.9
3040,4918,2026-08-27 14:24:20,feature_request,0.8
3041,14791,2026-08-27 15:17:29,bug_report,8.5
3042,6472,2026-08-27 18:26:52,feature_request,10.7
3043,11565,2026-08-27 22:48:18,feature_request,22.6
3044,5237,2026-08-28 04:13:44,billing_complaint,9.9
3045,2057,2026-08-28 04:17:51,bug_report,3.2
3046,12123,2026-08-28 07:05:03,bug_report,1.2
3047,10298,2026-08-28 12:23:31,billing_complaint,8.2
3048,7118,2026-08-28 12:37:10,bug_report,10.5
3049,8365,2026-08-28 14:42:05,billing_complaint,7.0
3050,8384,2026-08-29 05:36:32,bug_report,18.2
3051,2393,2026-08-29 14:32:16,feature_request,13.3
3052,8439,2026-08-29 15:31:25,bug_report,8.4
3053,14835,2026-08-29 16:25:00,billing_complaint,5.1
3054,2406,2026-08-29 17:35:39,bug_report,11.6
3055,13470,2026-08-30 03:44:04,feature_request,18.3
3056,2897,2026-08-30 04:47:15,bug_report,8.6
3057,13880,2026-08-30 08:15:41,bug_report,13.0
3058,8071,2026-08-30 09:39:35,billing_complaint,1.9
3059,7833,2026-08-30 09:59:40,feature_request,11.8
3060,348,2026-08-30 11:57:06,billing_complaint,11.4
3061,5752,2026-08-30 21:42:41,feature_request,11.5
3062,8138,2026-08-30 22:50:12,bug_report,1.2
3063,12176,2026-08-31 03:56:47,feature_request,12.5
3064,10983,2026-08-31 08:28:43,billing_complaint,5.3
3065,4927,2026-08-31 08:31:04,billing_complaint,8.8
3066,9579,2026-08-31 08:42:43,billing_complaint,6.5
3067,1456,2026-08-31 12:31:26,bug_report,7.2
3068,1173,2026-08-31 17:20:22,bug_report,20.0
