user_id,signup_ts,channel,plan_type,device_os
1,2026-07-28 04:10:16,referral,annual,ios
2,2026-07-10 09:23:08,referral,monthly,ios
3,2026-04-21 06:13:57,organic,monthly,ios
4,2026-04-09 03:08:25,influencer,annual,android
5,2026-05-12 17:50:06,paid_search,monthly,ios
6,2026-04-03 00:36:00,paid_search,annual,ios
7,2026-05-05 01:44:39,paid_search,monthly,ios
8,2026-04-21 05:14:46,organic,annual,ios
9,2026-06-17 10:14:51,organic,monthly,ios
10,2026-08-19 16:04:22,referral,monthly,ios
11,2026-05-30 04:02:59,referral,monthly,android
12,2026-07-24 09:37:28,paid_search,annual,android
13,2026-06-23 09:19:30,organic,monthly,web
14,2026-06-12 17:47:15,organic,monthly,android
15,2026-07-07 18:10:04,influencer,monthly,android
16,2026-08-23 11:33:39,influencer,monthly,ios
17,2026-08-18 20:09:39,referral,annual,android
18,2026-07-18 17:48:10,influencer,monthly,android
19,2026-03-28 08:54:45,referral,monthly,android
20,2026-08-17 22:18:30,referral,monthly,ios
21,2026-07-17 15:32:19,organic,monthly,web
22,2026-05-13 21:40:21,paid_search,annual,ios
23,2026-04-17 02:32:22,organic,monthly,android
24,2026-08-18 01:37:36,referral,annual,android
25,2026-08-02 16:27:25,organic,annual,android
26,2026-05-11 04:59:49,organic,monthly,web
27,2026-08-26 15:25:11,paid_search,monthly,android
28,2026-07-12 05:37:13,influencer,annual,android
29,2026-03-09 16:00:44,paid_search,monthly,web
30,2026-05-19 06:45:18,paid_search,monthly,ios
31,2026-04-01 00:57:28,referral,monthly,android
32,2026-05-14 21:59:42,influencer,monthly,android
33,2026-08-27 15:33:35,paid_search,monthly,android
34,2026-06-27 09:16:06,organic,annual,ios
35,2026-05-21 03:11:34,influencer,monthly,ios
36,2026-04-10 08:07:18,referral,annual,android
37,2026-04-29 15:54:55,organic,monthly,android
38,2026-07-17 18:58:08,referral,annual,web
39,2026-08-19 01:44:25,referral,monthly,web
40,2026-05-27 15:34:49,paid_search,monthly,web
41,2026-04-10 22:19:14,organic,monthly,android
42,2026-06-10 00:26:44,organic,annual,web
43,2026-08-04 14:53:08,paid_search,monthly,web
44,2026-05-15 07:00:58,referral,monthly,ios
45,2026-06-08 21:04:49,paid_search,monthly,ios
46,2026-06-22 03:09:08,organic,monthly,web
47,2026-08-12 00:30:57,referral,monthly,web
48,2026-07-14 16:19:07,referral,monthly,ios
49,2026-08-04 13:02:44,paid_search,monthly,android
50,2026-04-20 02:47:33,organic,annual,web
51,2026-05-15 20:30:59,organic,monthly,android
52,2026-03-02 18:04:33,influencer,annual,android
53,2026-08-30 17:54:22,influencer,monthly,android
54,2026-03-31 09:23:37,organic,annual,android
55,2026-07-17 15:16:13,paid_search,monthly,android
56,2026-07-28 01:08:52,influencer,monthly,web
57,2026-08-03 15:03:39,organic,monthly,ios
58,2026-04-21 14:46:54,referral,monthly,android
59,2026-05-02 14:20:15,paid_search,monthly,ios
60,2026-07-05 08:43:55,paid_search,annual,android
61,2026-04-22 22:11:20,paid_search,monthly,ios
62,2026-07-17 12:01:11,influencer,monthly,web
63,2026-04-26 02:32:32,influencer,monthly,ios
64,2026-05-15 04:03:26,organic,monthly,ios
65,2026-06-16 11:37:01,influencer,monthly,ios
66,2026-08-10 07:06:49,paid_search,annual,web
67,2026-06-20 21:03:44,paid_search,annual,android
68,2026-07-15 03:45:44,paid_search,monthly,web
69,2026-08-21 19:16:35,referral,monthly,ios
70,2026-08-20 01:45:30,referral,monthly,ios
71,2026-07-07 23:45:23,referral,monthly,ios
72,2026-04-19 21:48:23,organic,annual,android
73,2026-06-29 00:30:17,paid_search,monthly,ios
74,2026-07-18 20:33:58,referral,monthly,ios
75,2026-06-02 22:48:33,referral,annual,android
76,2026-07-21 08:47:11,paid_search,monthly,android
77,2026-06-07 11:43:48,referral,monthly,web
78,2026-06-05 02:28:07,referral,monthly,ios
79,2026-04-08 06:03:44,influencer,monthly,android
80,2026-06-20 03:03:55,paid_search,monthly,android
81,2026-03-02 00:38:53,paid_search,monthly,android
82,2026-03-22 02:03:39,organic,monthly,ios
83,2026-05-26 19:16:30,influencer,annual,ios
84,2026-08-08 15:20:56,organic,annual,ios
85,2026-03-17 23:19:08,paid_search,annual,android
86,2026-06-14 18:31:07,influencer,annual,android
87,2026-03-14 23:59:02,influencer,annual,android
88,2026-04-11 12:24:12,referral,annual,ios
89,2026-04-12 13:05:26,paid_search,annual,ios
90,2026-07-23 19:45:44,paid_search,annual,android
91,2026-05-27 16:33:09,influencer,annual,android
92,2026-03-18 16:54:27,organic,monthly,ios
93,2026-05-14 02:35:26,referral,monthly,web
94,2026-05-06 04:25:31,paid_search,monthly,ios
95,2026-03-31 01:55:17,organic,annual,android
96,2026-06-27 11:51:47,influencer,annual,android
97,2026-06-03 07:03:02,referral,annual,web
98,2026-06-21 03:21:08,paid_search,annual,ios
99,2026-05-07 03:36:10,referral,monthly,android
100,2026-08-31 03:02:45,paid_search,monthly,ios
101,2026-05-06 07:24:24,paid_search,monthly,android
102,2026-07-14 00:47:57,organic,monthly,android
103,2026-07-17 16:52:47,paid_search,monthly,android
104,2026-03-12 04:22:59,paid_search,monthly,android
105,2026-03-14 11:28:03,influencer,monthly,ios
106,2026-04-18 20:13:31,paid_search,annual,android
107,2026-07-31 16:39:01,paid_search,annual,android
108,2026-08-01 02:15:37,organic,monthly,ios
109,2026-04-11 00:23:08,paid_search,monthly,android
110,2026-06-09 10:04:15,organic,monthly,android
111,2026-06-07 15:29:49,referral,monthly,ios
112,2026-06-15 07:09:13,influencer,annual,android
113,2026-04-02 14:58:43,influencer,monthly,ios
114,2026-08-27 11:18:10,organic,monthly,ios
115,2026-03-17 06:58:22,paid_search,monthly,ios
116,2026-05-19 12:36:39,influencer,monthly,android
117,2026-07-12 15:28:47,paid_search,annual,android
118,2026-06-19 12:23:32,referral,annual,web
119,2026-05-21 18:52:11,paid_search,monthly,ios
120,2026-04-30 09:04:09,referral,monthly,android
121,2026-06-04 05:06:47,paid_search,annual,android
122,2026-08-16 07:37:23,paid_search,monthly,ios
123,2026-07-21 02:19:05,paid_search,monthly,ios
124,2026-07-06 16:01:01,paid_search,monthly,ios
125,2026-07-08 05:25:10,referral,annual,ios
126,2026-07-18 00:10:32,organic,monthly,android
127,2026-05-04 16:54:53,influencer,monthly,android
128,2026-07-29 18:34:38,organic,monthly,ios
129,2026-07-03 19:38:25,organic,monthly,android
130,2026-07-20 13:23:16,paid_search,monthly,web
131,2026-08-14 12:12:15,organic,monthly,android
132,2026-06-30 14:18:57,organic,annual,ios
133,2026-05-06 12:31:03,organic,annual,web
134,2026-05-12 08:42:34,organic,monthly,android
135,2026-03-29 07:37:52,organic,monthly,android
136,2026-08-17 00:28:04,referral,monthly,android
137,2026-04-17 01:25:39,influencer,monthly,android
138,2026-06-26 01:15:37,referral,monthly,ios
139,2026-05-09 09:59:58,referral,monthly,android
140,2026-05-18 20:58:32,organic,annual,ios
141,2026-04-29 21:44:56,organic,monthly,android
142,2026-08-26 19:22:10,referral,monthly,android
143,2026-03-16 04:21:14,paid_search,monthly,android
144,2026-07-27 01:33:41,influencer,annual,ios
145,2026-06-09 20:25:29,paid_search,annual,web
146,2026-08-01 23:38:09,paid_search,monthly,android
147,2026-07-01 05:10:19,paid_search,monthly,ios
148,2026-07-08 20:37:13,influencer,monthly,ios
149,2026-08-29 04:34:56,paid_search,annual,android
150,2026-08-23 04:29:17,paid_search,monthly,ios
151,2026-03-22 02:44:06,paid_search,monthly,ios
152,2026-06-01 22:29:20,paid_search,annual,android
153,2026-03-03 01:24:56,referral,monthly,web
154,2026-07-10 04:31:22,organic,monthly,android
155,2026-06-15 06:34:54,organic,monthly,android
156,2026-04-10 20:41:10,organic,annual,ios
157,2026-04-10 20:08:02,paid_search,monthly,ios
158,2026-08-28 18:26:10,organic,monthly,android
159,2026-07-14 04:03:48,referral,monthly,android
160,2026-04-21 20:30:14,influencer,monthly,android
161,2026-04-03 02:12:00,referral,monthly,web
162,2026-06-12 10:53:34,paid_search,monthly,web
163,2026-05-18 04:05:44,influencer,monthly,ios
164,2026-07-15 19:45:02,organic,annual,android
165,2026-05-11 04:40:17,paid_search,monthly,ios
166,2026-06-19 00:10:04,paid_search,monthly,ios
167,2026-07-06 22:17:36,organic,monthly,android
168,2026-04-05 20:28:47,organic,monthly,android
169,2026-08-13 20:54:09,paid_search,monthly,android
170,2026-04-13 17:13:59,organic,monthly,android
171,2026-07-10 20:30:30,organic,monthly,android
172,2026-06-28 19:31:22,organic,monthly,android
173,2026-08-05 12:26:49,referral,monthly,ios
174,2026-08-25 17:13:41,organic,monthly,android
175,2026-08-30 16:24:07,referral,monthly,ios
176,2026-07-04 04:22:42,referral,monthly,ios
177,2026-05-15 19:12:20,organic,annual,android
178,2026-07-01 04:47:17,organic,monthly,android
179,2026-08-22 04:08:19,referral,annual,android
180,2026-04-06 13:34:56,organic,monthly,ios
181,2026-05-18 18:26:17,influencer,monthly,web
182,2026-08-15 22:32:10,referral,monthly,android
183,2026-03-03 11:07:35,referral,monthly,android
184,2026-07-15 00:09:55,influencer,monthly,web
185,2026-05-17 01:09:38,organic,monthly,ios
186,2026-08-08 06:09:57,organic,monthly,android
187,2026-05-03 20:56:38,organic,monthly,android
188,2026-04-09 02:43:16,referral,monthly,android
189,2026-03-09 09:08:27,organic,annual,ios
190,2026-06-08 00:24:41,paid_search,monthly,web
191,2026-05-26 09:48:41,referral,annual,android
192,2026-05-13 03:14:43,organic,monthly,ios
193,2026-07-09 06:52:17,organic,monthly,android
194,2026-07-18 13:19:07,organic,annual,ios
195,2026-08-10 02:51:29,organic,annual,web
196,2026-08-29 18:12:52,paid_search,monthly,web
197,2026-07-14 04:57:55,paid_search,monthly,android
198,2026-04-25 03:40:07,referral,annual,android
199,2026-06-18 05:40:32,influencer,annual,ios
200,2026-07-04 08:31:23,paid_search,monthly,ios
201,2026-06-29 09:31:15,paid_search,annual,android
202,2026-07-04 23:07:06,influencer,monthly,ios
203,2026-06-26 15:34:01,referral,monthly,android
204,2026-03-19 10:43:42,organic,monthly,web
205,2026-03-02 20:38:04,paid_search,monthly,android
206,2026-05-10 09:59:14,referral,monthly,web
207,2026-08-01 06:59:02,influencer,monthly,web
208,2026-04-30 18:11:04,paid_search,monthly,android
209,2026-07-08 15:11:08,paid_search,monthly,ios
210,2026-05-13 22:23:31,paid_search,monthly,web
211,2026-04-23 07:38:51,organic,monthly,ios
212,2026-08-01 01:11:54,organic,monthly,android
213,2026-07-20 04:16:13,paid_search,monthly,android
214,2026-07-23 13:03:58,organic,monthly,ios
215,2026-05-27 18:58:56,paid_search,monthly,android
216,2026-08-05 20:36:27,referral,monthly,android
217,2026-05-17 23:29:33,influencer,annual,ios
218,2026-08-09 05:14:26,referral,monthly,android
219,2026-03-12 01:01:00,influencer,monthly,web
220,2026-05-08 19:31:52,paid_search,monthly,android
221,2026-06-30 08:59:25,influencer,monthly,web
222,2026-05-22 11:40:18,organic,monthly,android
223,2026-07-28 12:25:22,paid_search,monthly,ios
224,2026-07-28 08:27:13,referral,monthly,android
225,2026-07-04 00:40:19,paid_search,monthly,android
226,2026-03-17 06:09:24,paid_search,monthly,ios
227,2026-08-29 09:03:31,paid_search,monthly,ios
228,2026-05-24 03:53:16,referral,monthly,android
229,2026-06-10 20:00:01,organic,annual,web
230,2026-07-23 16:09:45,organic,monthly,android
231,2026-08-24 00:27:48,paid_search,annual,android
232,2026-04-10 09:21:48,referral,monthly,android
233,2026-05-01 14:04:16,influencer,annual,web
234,2026-04-03 06:23:12,paid_search,monthly,ios
235,2026-07-07 20:37:41,organic,monthly,ios
236,2026-04-13 00:40:25,organic,monthly,ios
237,2026-07-16 19:30:05,influencer,monthly,ios
238,2026-03-14 09:34:15,referral,monthly,android
239,2026-08-07 13:06:04,referral,annual,web
240,2026-07-27 08:08:51,organic,monthly,ios
241,2026-06-20 16:13:35,paid_search,monthly,ios
242,2026-07-16 07:50:19,paid_search,monthly,android
243,2026-05-14 08:19:25,organic,monthly,ios
244,2026-04-04 21:22:16,paid_search,monthly,web
245,2026-05-15 16:06:03,paid_search,annual,ios
246,2026-04-05 10:30:28,referral,monthly,android
247,2026-03-16 08:49:22,influencer,monthly,ios
248,2026-05-12 10:09:09,organic,monthly,ios
249,2026-07-20 04:34:38,referral,monthly,ios
250,2026-08-11 23:44:15,organic,monthly,ios
251,2026-08-28 06:06:17,referral,monthly,ios
252,2026-07-25 23:02:45,paid_search,monthly,ios
253,2026-05-13 15:29:53,influencer,monthly,web
254,2026-03-23 14:24:49,organic,monthly,android
255,2026-08-24 06:29:36,paid_search,annual,ios
256,2026-04-29 15:32:18,referral,monthly,web
257,2026-03-01 19:05:59,referral,monthly,web
258,2026-04-25 06:30:51,paid_search,annual,ios
259,2026-07-30 17:39:31,paid_search,monthly,android
260,2026-08-29 06:41:17,referral,monthly,web
261,2026-05-05 11:11:02,organic,annual,web
262,2026-07-03 08:28:33,referral,monthly,android
263,2026-07-10 14:01:02,organic,monthly,ios
264,2026-05-25 14:00:04,organic,monthly,ios
265,2026-07-18 09:39:56,paid_search,monthly,ios
266,2026-07-14 23:49:07,referral,monthly,ios
267,2026-08-03 00:55:19,influencer,monthly,web
268,2026-07-12 04:58:11,organic,monthly,web
269,2026-05-10 22:21:18,influencer,monthly,android
270,2026-05-26 20:14:54,paid_search,monthly,ios
271,2026-08-29 07:05:57,influencer,monthly,android
272,2026-05-09 16:11:00,organic,monthly,android
273,2026-03-31 20:36:08,paid_search,monthly,web
274,2026-07-09 06:02:07,paid_search,monthly,android
275,2026-05-23 13:52:25,paid_search,annual,ios
276,2026-06-13 03:20:18,paid_search,monthly,ios
277,2026-08-14 03:46:54,organic,monthly,ios
278,2026-03-14 07:22:25,referral,annual,ios
279,2026-04-20 19:15:01,paid_search,monthly,ios
280,2026-04-13 12:26:50,organic,monthly,web
281,2026-08-10 08:33:03,organic,annual,web
282,2026-06-21 03:51:48,influencer,monthly,web
283,2026-05-16 05:29:58,organic,monthly,android
284,2026-06-28 05:27:16,organic,annual,android
285,2026-08-16 12:18:37,influencer,monthly,android
286,2026-03-11 00:58:58,paid_search,monthly,ios
287,2026-08-24 00:31:40,referral,monthly,ios
288,2026-08-22 03:10:12,referral,annual,ios
289,2026-03-05 17:23:08,paid_search,monthly,web
290,2026-06-15 15:18:07,paid_search,monthly,ios
291,2026-03-16 12:22:57,influencer,monthly,android
292,2026-05-19 03:24:55,organic,monthly,android
293,2026-08-30 12:32:12,organic,monthly,android
294,2026-04-15 11:29:49,organic,annual,android
295,2026-07-20 23:48:33,organic,monthly,android
296,2026-05-10 16:52:49,organic,monthly,ios
297,2026-08-08 21:12:09,paid_search,monthly,ios
298,2026-06-21 17:01:05,paid_search,monthly,ios
299,2026-05-03 01:18:42,organic,annual,ios
300,2026-08-18 14:27:55,paid_search,monthly,ios
301,2026-03-10 05:00:16,organic,annual,web
302,2026-03-17 00:05:11,paid_search,annual,android
303,2026-07-29 20:31:50,paid_search,monthly,ios
304,2026-08-22 05:09:17,paid_search,monthly,web
305,2026-04-21 00:30:59,paid_search,monthly,android
306,2026-07-18 05:54:36,referral,monthly,ios
307,2026-04-26 02:17:21,paid_search,annual,web
308,2026-06-10 02:50:10,referral,monthly,ios
309,2026-07-07 20:16:23,paid_search,monthly,android
310,2026-06-28 06:28:21,paid_search,monthly,android
311,2026-08-21 10:35:45,organic,annual,ios
312,2026-06-12 22:05:24,paid_search,monthly,ios
313,2026-03-19 03:22:18,paid_search,monthly,ios
314,2026-07-12 12:52:08,organic,monthly,ios
315,2026-06-13 17:03:08,organic,monthly,android
316,2026-04-03 21:18:16,paid_search,monthly,android
317,2026-08-12 02:53:39,influencer,annual,ios
318,2026-08-09 00:26:07,organic,monthly,android
319,2026-03-10 07:14:38,organic,annual,web
320,2026-04-12 20:56:21,organic,monthly,android
321,2026-06-22 23:39:33,referral,annual,web
322,2026-03-30 04:19:12,influencer,monthly,ios
323,2026-05-06 02:36:33,referral,monthly,web
324,2026-03-03 23:09:03,paid_search,monthly,android
325,2026-08-13 14:43:54,influencer,annual,ios
326,2026-07-30 01:49:59,paid_search,monthly,android
327,2026-08-03 16:36:51,referral,monthly,android
328,2026-06-22 03:09:11,paid_search,monthly,android
329,2026-05-18 05:59:16,organic,monthly,web
330,2026-03-28 03:11:24,referral,annual,android
331,2026-05-15 05:21:33,organic,monthly,android
332,2026-04-02 05:50:06,referral,monthly,web
333,2026-08-11 12:03:41,referral,monthly,android
334,2026-04-17 06:59:45,organic,monthly,android
335,2026-08-14 10:48:26,organic,monthly,android
336,2026-07-02 04:23:44,referral,monthly,android
337,2026-04-06 05:42:37,referral,monthly,ios
338,2026-05-20 12:10:59,influencer,monthly,ios
339,2026-04-19 22:27:58,paid_search,annual,web
340,2026-05-14 16:11:26,organic,monthly,ios
341,2026-06-23 23:52:49,referral,annual,ios
342,2026-05-11 01:42:23,referral,annual,ios
343,2026-08-23 22:01:36,referral,annual,ios
344,2026-08-26 19:21:24,influencer,monthly,android
345,2026-05-29 00:56:29,organic,monthly,ios
346,2026-05-30 16:54:05,referral,monthly,android
347,2026-07-08 05:15:42,organic,monthly,ios
348,2026-08-28 21:54:41,paid_search,monthly,ios
349,2026-08-07 13:15:58,referral,monthly,android
350,2026-07-10 16:42:55,paid_search,annual,ios
351,2026-07-24 12:54:34,paid_search,monthly,web
352,2026-06-20 22:41:21,referral,monthly,web
353,2026-03-03 05:50:03,organic,monthly,ios
354,2026-06-07 00:15:53,referral,annual,ios
355,2026-08-31 04:06:00,paid_search,monthly,android
356,2026-06-26 05:51:08,referral,monthly,ios
357,2026-04-24 01:19:20,organic,annual,ios
358,2026-05-16 06:23:06,paid_search,annual,ios
359,2026-03-13 10:15:44,organic,annual,web
360,2026-08-04 08:34:15,organic,monthly,android
361,2026-07-23 06:03:22,organic,monthly,android
362,2026-05-12 19:35:17,paid_search,monthly,web
363,2026-04-23 04:41:21,organic,annual,web
364,2026-08-21 23:04:14,organic,monthly,ios
365,2026-04-24 18:18:13,paid_search,monthly,ios
366,2026-05-27 20:52:23,referral,annual,android
367,2026-05-04 19:51:22,organic,monthly,ios
368,2026-04-18 03:21:47,paid_search,monthly,android
369,2026-04-20 13:56:38,organic,monthly,ios
370,2026-04-04 22:49:25,organic,annual,web
371,2026-07-27 02:31:52,referral,monthly,android
372,2026-08-29 04:17:04,influencer,annual,ios
373,2026-07-26 09:19:16,paid_search,monthly,ios
374,2026-07-05 04:49:21,organic,monthly,ios
375,2026-07-22 03:28:03,organic,annual,android
376,2026-05-05 04:22:22,influencer,annual,ios
377,2026-03-06 15:27:04,organic,monthly,android
378,2026-08-14 20:13:10,referral,annual,ios
379,2026-06-04 09:28:46,paid_search,annual,ios
380,2026-05-07 08:22:28,referral,monthly,android
381,2026-07-22 15:06:00,influencer,monthly,android
382,2026-05-21 02:25:50,influencer,annual,ios
383,2026-04-13 11:53:48,referral,annual,ios
384,2026-08-18 16:00:23,referral,monthly,android
385,2026-07-17 07:07:16,organic,monthly,android
386,2026-04-30 01:36:31,paid_search,annual,ios
387,2026-05-10 07:12:53,referral,monthly,ios
388,2026-05-10 19:16:15,referral,monthly,android
389,2026-05-22 11:07:20,influencer,annual,android
390,2026-08-24 18:48:07,paid_search,annual,ios
391,2026-08-24 21:41:13,paid_search,annual,android
392,2026-04-08 07:48:04,influencer,annual,android
393,2026-06-18 08:58:29,organic,monthly,ios
394,2026-06-12 14:09:52,referral,annual,ios
395,2026-03-03 21:37:07,paid_search,annual,android
396,2026-05-19 10:05:45,organic,annual,ios
397,2026-04-15 22:07:23,paid_search,monthly,web
398,2026-05-09 09:35:09,paid_search,annual,android
399,2026-03-02 21:45:13,paid_search,annual,ios
400,2026-04-12 08:24:43,referral,annual,ios
401,2026-03-24 00:47:17,organic,monthly,ios
402,2026-03-03 13:20:38,influencer,annual,android
403,2026-04-18 09:54:06,referral,monthly,ios
404,2026-03-13 06:14:16,organic,monthly,android
405,2026-08-01 19:30:15,paid_search,monthly,web
406,2026-08-02 17:44:58,organic,annual,android
407,2026-05-07 04:54:57,referral,monthly,android
408,2026-03-18 01:24:01,organic,monthly,ios
409,2026-05-29 14:33:26,referral,annual,ios
410,2026-06-11 06:21:01,paid_search,annual,ios
411,2026-03-22 07:48:44,organic,annual,ios
412,2026-04-21 07:38:35,paid_search,annual,android
413,2026-07-15 16:07:28,organic,monthly,android
414,2026-03-15 11:10:58,organic,monthly,android
415,2026-08-30 20:05:41,influencer,monthly,android
416,2026-05-23 15:10:55,referral,annual,ios
417,2026-06-21 18:55:03,referral,monthly,android
418,2026-03-22 22:48:42,organic,annual,android
419,2026-05-19 01:02:42,organic,monthly,ios
420,2026-07-18 22:11:50,influencer,monthly,android
421,2026-08-25 11:29:55,paid_search,monthly,ios
422,2026-03-21 05:24:48,paid_search,annual,web
423,2026-07-31 16:42:12,referral,monthly,android
424,2026-05-23 10:53:16,influencer,monthly,web
425,2026-04-25 14:59:36,organic,monthly,android
426,2026-08-28 11:36:11,paid_search,monthly,android
427,2026-05-03 10:57:01,organic,annual,android
428,2026-06-05 18:47:12,referral,annual,ios
429,2026-05-22 03:02:19,influencer,monthly,web
430,2026-03-10 00:35:01,paid_search,monthly,web
431,2026-07-26 10:13:50,referral,annual,web
432,2026-05-16 14:27:10,organic,monthly,web
433,2026-04-12 08:00:37,paid_search,annual,web
434,2026-06-14 14:41:23,influencer,monthly,android
435,2026-08-21 01:34:28,paid_search,monthly,web
436,2026-07-22 09:10:05,referral,monthly,android
437,2026-08-19 21:03:53,paid_search,annual,web
438,2026-05-04 16:47:49,organic,monthly,android
439,2026-05-18 19:21:10,organic,monthly,android
440,2026-06-06 01:54:42,paid_search,monthly,ios
441,2026-06-23 01:28:18,organic,monthly,android
442,2026-06-04 12:55:16,organic,monthly,android
443,2026-08-17 10:38:18,paid_search,monthly,ios
444,2026-08-13 16:16:28,paid_search,monthly,web
445,2026-07-30 18:55:31,paid_search,monthly,ios
446,2026-03-29 03:06:17,referral,monthly,web
447,2026-07-20 20:21:21,paid_search,monthly,web
448,2026-04-22 13:46:28,referral,monthly,web
449,2026-05-21 00:33:11,organic,monthly,ios
450,2026-06-17 21:01:26,organic,monthly,web
451,2026-05-05 12:25:53,organic,monthly,ios
452,2026-08-06 09:34:50,paid_search,monthly,ios
453,2026-08-26 05:48:35,organic,annual,web
454,2026-08-12 10:55:44,organic,annual,ios
455,2026-06-30 00:23:23,paid_search,monthly,ios
456,2026-08-25 17:55:37,referral,annual,web
457,2026-07-10 19:57:19,organic,monthly,android
458,2026-07-31 05:33:15,influencer,monthly,ios
459,2026-03-17 19:59:06,organic,annual,android
460,2026-07-03 16:31:25,referral,monthly,ios
461,2026-06-10 13:16:38,referral,annual,android
462,2026-05-26 20:31:07,organic,monthly,ios
463,2026-05-29 08:03:11,paid_search,monthly,web
464,2026-07-31 03:10:23,organic,monthly,ios
465,2026-06-29 21:58:12,organic,annual,ios
466,2026-07-03 15:24:04,organic,annual,ios
467,2026-07-27 15:08:06,organic,monthly,ios
468,2026-08-03 11:06:07,paid_search,monthly,web
469,2026-07-01 14:09:09,referral,monthly,web
470,2026-06-17 02:03:38,influencer,monthly,android
471,2026-07-14 04:53:25,influencer,monthly,ios
472,2026-03-10 14:03:16,paid_search,monthly,ios
473,2026-05-31 07:09:23,organic,annual,ios
474,2026-07-08 07:13:20,organic,monthly,android
475,2026-08-24 01:40:54,paid_search,annual,web
476,2026-07-04 01:01:19,organic,annual,ios
477,2026-03-20 21:33:52,paid_search,monthly,android
478,2026-03-09 08:55:50,influencer,monthly,android
479,2026-07-20 16:55:59,organic,annual,web
480,2026-05-02 10:08:03,organic,annual,ios
481,2026-06-19 12:46:32,referral,monthly,ios
482,2026-07-25 16:42:26,influencer,annual,ios
483,2026-05-07 04:02:49,organic,monthly,ios
484,2026-04-26 01:25:42,referral,monthly,web
485,2026-06-03 03:14:12,referral,monthly,web
486,2026-08-31 06:40:47,referral,monthly,android
487,2026-07-28 23:25:15,paid_search,monthly,web
488,2026-08-07 21:58:35,organic,monthly,web
489,2026-08-19 01:26:21,organic,annual,android
490,2026-06-23 21:36:09,organic,annual,web
491,2026-04-27 06:18:35,paid_search,monthly,ios
492,2026-07-20 13:36:11,paid_search,monthly,ios
493,2026-07-17 15:17:24,paid_search,monthly,web
494,2026-03-20 16:58:58,paid_search,monthly,ios
495,2026-05-19 05:47:36,influencer,monthly,ios
496,2026-04-17 14:50:56,organic,monthly,web
497,2026-03-22 02:07:17,organic,monthly,web
498,2026-06-21 14:03:52,paid_search,monthly,android
499,2026-05-03 05:30:06,referral,monthly,web
500,2026-04-23 04:53:06,influencer,monthly,ios
501,2026-07-31 04:17:21,referral,annual,android
502,2026-05-14 23:35:04,referral,monthly,android
503,2026-04-21 06:41:22,paid_search,annual,ios
504,2026-08-12 16:51:18,paid_search,annual,android
505,2026-06-25 15:15:25,referral,annual,ios
506,2026-06-20 11:36:20,paid_search,monthly,ios
507,2026-06-07 22:30:30,organic,monthly,ios
508,2026-04-02 12:50:29,paid_search,monthly,android
509,2026-07-20 00:01:02,influencer,annual,ios
510,2026-03-03 12:59:17,organic,monthly,ios
511,2026-07-26 07:35:41,paid_search,monthly,web
512,2026-03-18 20:53:22,organic,monthly,web
513,2026-08-16 20:51:30,organic,monthly,android
514,2026-06-15 04:17:32,paid_search,monthly,android
515,2026-08-20 05:55:21,organic,monthly,ios
516,2026-04-16 02:23:56,influencer,monthly,android
517,2026-06-18 00:46:13,influencer,monthly,android
518,2026-05-13 16:53:27,paid_search,annual,web
519,2026-06-01 09:06:37,organic,monthly,ios
520,2026-04-14 14:55:47,referral,monthly,ios
521,2026-05-25 05:36:35,referral,monthly,web
522,2026-08-23 23:20:05,influencer,monthly,ios
523,2026-07-25 02:31:03,referral,monthly,android
524,2026-07-22 12:23:42,influencer,monthly,android
525,2026-06-18 04:34:32,organic,annual,web
526,2026-06-17 02:05:08,paid_search,annual,android
527,2026-03-29 04:24:23,referral,monthly,web
528,2026-08-22 10:38:09,referral,monthly,ios
529,2026-07-27 17:33:10,paid_search,annual,ios
530,2026-06-27 01:37:14,paid_search,monthly,android
531,2026-05-07 04:24:57,organic,annual,ios
532,2026-03-16 17:11:47,organic,monthly,ios
533,2026-03-06 13:30:34,paid_search,monthly,ios
534,2026-08-04 14:10:52,referral,monthly,android
535,2026-08-16 20:56:29,referral,monthly,android
536,2026-05-17 00:01:22,referral,monthly,android
537,2026-06-18 00:31:00,referral,monthly,android
538,2026-04-08 00:44:43,paid_search,annual,ios
539,2026-03-22 02:54:57,paid_search,monthly,android
540,2026-04-21 10:15:07,influencer,monthly,ios
541,2026-07-19 09:04:06,influencer,annual,android
542,2026-07-20 07:04:14,paid_search,annual,ios
543,2026-03-13 03:37:46,influencer,monthly,android
544,2026-05-06 22:13:07,paid_search,monthly,android
545,2026-03-10 15:12:36,paid_search,monthly,web
546,2026-03-09 21:29:12,paid_search,annual,ios
547,2026-07-15 19:31:53,paid_search,monthly,web
548,2026-05-01 02:36:40,referral,monthly,ios
549,2026-04-21 12:16:52,paid_search,monthly,android
550,2026-08-02 10:06:02,paid_search,monthly,web
551,2026-08-10 06:14:59,referral,annual,android
552,2026-04-18 10:23:20,paid_search,monthly,android
553,2026-05-21 03:34:19,referral,monthly,ios
554,2026-05-29 20:11:12,influencer,annual,ios
555,2026-07-02 07:52:17,referral,monthly,ios
556,2026-08-24 00:47:18,influencer,annual,android
557,2026-07-06 14:18:03,organic,annual,ios
558,2026-05-16 10:03:26,influencer,monthly,android
559,2026-05-21 13:51:13,referral,monthly,ios
560,2026-07-11 20:24:33,organic,annual,ios
561,2026-03-24 09:23:18,paid_search,monthly,android
562,2026-06-25 21:12:26,influencer,monthly,ios
563,2026-05-02 07:13:30,paid_search,annual,android
564,2026-08-06 02:00:08,organic,annual,android
565,2026-07-01 23:51:59,paid_search,monthly,web
566,2026-05-05 20:08:40,influencer,monthly,ios
567,2026-04-09 07:42:01,organic,annual,ios
568,2026-05-21 07:19:55,organic,annual,ios
569,2026-08-24 22:21:54,referral,annual,android
570,2026-03-10 14:26:12,referral,monthly,android
571,2026-03-18 18:22:46,paid_search,monthly,android
572,2026-05-09 10:56:45,referral,monthly,android
573,2026-08-01 23:29:41,organic,monthly,android
574,2026-04-07 00:52:11,paid_search,monthly,android
575,2026-03-07 03:56:26,organic,annual,android
576,2026-03-17 03:59:13,paid_search,monthly,android
577,2026-07-06 21:03:55,referral,monthly,web
578,2026-07-11 23:12:03,influencer,annual,web
579,2026-08-17 14:41:32,paid_search,monthly,android
580,2026-06-20 07:15:03,organic,monthly,android
581,2026-05-25 08:55:44,paid_search,annual,android
582,2026-06-18 13:53:03,organic,annual,android
583,2026-06-09 23:35:52,organic,annual,ios
584,2026-06-06 19:13:14,influencer,annual,web
585,2026-06-04 20:27:46,organic,monthly,android
586,2026-08-03 12:08:56,organic,annual,ios
587,2026-05-27 07:55:17,referral,monthly,web
588,2026-06-19 11:25:41,influencer,monthly,android
589,2026-04-26 10:11:05,influencer,monthly,android
590,2026-03-08 15:00:18,influencer,annual,ios
591,2026-04-26 12:56:08,referral,monthly,ios
592,2026-07-10 06:04:46,organic,annual,android
593,2026-07-31 20:24:36,referral,monthly,android
594,2026-06-10 01:46:34,organic,monthly,android
595,2026-06-08 04:12:34,organic,annual,android
596,2026-08-03 13:14:30,referral,annual,web
597,2026-04-30 22:28:30,influencer,annual,ios
598,2026-06-22 05:08:00,organic,monthly,ios
599,2026-07-21 18:31:05,referral,monthly,android
600,2026-06-19 16:10:43,referral,monthly,web
601,2026-04-07 04:54:07,organic,monthly,ios
602,2026-05-11 11:51:43,paid_search,annual,web
603,2026-05-03 10:46:16,organic,monthly,ios
604,2026-07-24 06:36:19,referral,annual,ios
605,2026-03-15 09:23:06,referral,monthly,ios
606,2026-04-06 15:51:59,organic,monthly,web
607,2026-04-03 16:01:31,influencer,monthly,ios
608,2026-07-26 02:31:18,referral,monthly,android
609,2026-08-05 11:55:40,referral,monthly,ios
610,2026-08-27 10:22:13,influencer,annual,ios
611,2026-03-07 11:29:34,organic,monthly,android
612,2026-06-01 20:38:04,influencer,monthly,ios
613,2026-05-05 20:59:01,organic,annual,android
614,2026-04-27 22:40:15,organic,annual,ios
615,2026-05-12 01:27:08,paid_search,monthly,web
616,2026-04-28 18:57:38,paid_search,monthly,android
617,2026-07-08 10:27:29,influencer,monthly,web
618,2026-06-02 01:49:04,paid_search,monthly,ios
619,2026-04-09 10:14:42,paid_search,monthly,ios
620,2026-04-09 10:12:13,referral,monthly,ios
621,2026-07-16 05:32:49,organic,monthly,web
622,2026-08-08 06:51:13,referral,monthly,web
623,2026-07-04 12:32:03,referral,monthly,web
624,2026-04-22 06:43:09,referral,monthly,ios
625,2026-08-18 06:31:33,referral,monthly,android
626,2026-05-20 12:39:45,organic,annual,ios
627,2026-04-01 11:12:03,influencer,monthly,web
628,2026-06-26 19:01:41,paid_search,monthly,android
629,2026-08-08 09:36:54,paid_search,monthly,web
630,2026-05-22 15:10:28,organic,monthly,web
631,2026-05-31 15:49:53,paid_search,monthly,android
632,2026-04-18 08:27:46,paid_search,annual,android
633,2026-06-26 00:28:29,organic,annual,ios
634,2026-08-31 18:46:45,referral,monthly,ios
635,2026-06-19 05:59:08,paid_search,annual,android
636,2026-06-03 13:52:41,referral,annual,ios
637,2026-05-14 18:48:53,organic,monthly,android
638,2026-06-01 06:58:50,organic,monthly,ios
639,2026-04-10 23:10:00,paid_search,monthly,android
640,2026-06-03 09:57:39,organic,monthly,web
641,2026-08-07 20:51:41,organic,monthly,android
642,2026-05-04 07:34:08,organic,monthly,android
643,2026-08-01 09:13:05,organic,annual,android
644,2026-07-05 00:57:23,organic,monthly,web
645,2026-05-01 04:30:00,organic,monthly,android
646,2026-07-24 02:52:39,paid_search,monthly,web
647,2026-04-21 23:59:15,paid_search,monthly,web
648,2026-04-24 08:54:03,organic,monthly,web
649,2026-08-15 18:42:56,paid_search,monthly,web
650,2026-05-29 18:40:44,paid_search,monthly,ios
651,2026-06-27 12:26:37,organic,monthly,ios
652,2026-08-19 21:02:47,influencer,annual,android
653,2026-07-06 17:53:51,paid_search,monthly,ios
654,2026-03-08 20:05:17,organic,annual,android
655,2026-08-22 19:30:24,organic,annual,android
656,2026-03-20 03:31:49,referral,annual,ios
657,2026-06-26 06:22:26,paid_search,monthly,ios
658,2026-05-08 13:42:44,organic,monthly,web
659,2026-07-18 21:33:20,influencer,monthly,android
660,2026-08-04 09:06:23,paid_search,monthly,ios
661,2026-05-29 00:11:06,influencer,monthly,ios
662,2026-03-05 14:01:08,influencer,monthly,web
663,2026-05-22 15:34:54,referral,monthly,ios
664,2026-06-27 21:43:25,organic,monthly,ios
665,2026-07-16 19:03:14,organic,monthly,ios
666,2026-05-04 10:18:11,organic,monthly,ios
667,2026-06-03 16:29:06,paid_search,monthly,web
668,2026-07-03 12:55:37,referral,monthly,ios
669,2026-03-16 19:01:51,paid_search,monthly,android
670,2026-03-26 12:03:48,referral,annual,web
671,2026-05-14 04:04:34,paid_search,annual,ios
672,2026-06-22 13:40:36,paid_search,monthly,ios
673,2026-04-13 04:16:20,paid_search,monthly,android
674,2026-07-21 01:28:46,organic,annual,web
675,2026-07-04 23:49:13,influencer,monthly,android
676,2026-07-07 00:20:56,paid_search,monthly,ios
677,2026-06-20 13:39:52,paid_search,monthly,ios
678,2026-05-17 08:12:50,paid_search,monthly,ios
679,2026-08-11 21:52:08,organic,annual,android
680,2026-04-02 20:43:36,paid_search,monthly,ios
681,2026-04-24 00:53:42,referral,annual,ios
682,2026-05-27 03:45:37,paid_search,annual,android
683,2026-07-11 01:48:00,organic,monthly,ios
684,2026-04-02 12:04:57,referral,monthly,android
685,2026-08-27 20:09:38,organic,annual,android
686,2026-07-27 16:51:34,referral,annual,web
687,2026-05-10 04:01:15,organic,monthly,android
688,2026-06-04 21:04:41,paid_search,monthly,android
689,2026-04-26 03:36:35,referral,annual,ios
690,2026-06-07 02:55:54,organic,annual,web
691,2026-07-27 23:56:04,referral,annual,android
692,2026-06-16 03:20:15,influencer,monthly,web
693,2026-08-10 08:39:57,paid_search,annual,ios
694,2026-06-01 02:21:06,organic,monthly,ios
695,2026-08-20 10:34:21,referral,monthly,ios
696,2026-06-28 16:00:54,referral,monthly,web
697,2026-06-09 23:52:50,organic,monthly,ios
698,2026-08-08 11:14:43,paid_search,annual,android
699,2026-08-25 20:03:04,referral,monthly,ios
700,2026-04-10 01:57:01,paid_search,monthly,web
701,2026-03-15 04:47:50,paid_search,monthly,android
702,2026-07-11 16:08:52,organic,monthly,android
703,2026-07-20 19:16:38,referral,monthly,web
704,2026-03-17 02:02:49,referral,monthly,android
705,2026-07-20 20:16:50,organic,monthly,ios
706,2026-07-22 07:40:27,referral,monthly,web
707,2026-08-06 18:50:12,referral,monthly,android
708,2026-04-22 19:07:32,referral,annual,ios
709,2026-08-16 19:15:49,organic,annual,ios
710,2026-08-12 12:54:29,paid_search,annual,web
711,2026-06-17 10:52:23,organic,monthly,web
712,2026-05-13 19:52:05,organic,annual,android
713,2026-08-08 15:24:18,influencer,monthly,web
714,2026-07-23 02:29:12,paid_search,monthly,ios
715,2026-06-30 18:20:07,organic,monthly,ios
716,2026-04-15 08:01:01,paid_search,monthly,android
717,2026-06-04 02:25:17,referral,monthly,ios
718,2026-08-23 19:10:11,referral,annual,ios
719,2026-05-30 16:43:52,influencer,annual,web
720,2026-07-29 06:05:05,referral,annual,android
721,2026-05-05 23:24:24,paid_search,annual,web
722,2026-04-22 14:24:19,referral,monthly,ios
723,2026-06-07 22:16:21,referral,monthly,ios
724,2026-03-23 03:47:37,influencer,monthly,web
725,2026-05-30 01:53:39,organic,annual,ios
726,2026-03-02 07:21:49,paid_search,monthly,ios
727,2026-06-26 19:26:47,paid_search,monthly,android
728,2026-08-04 01:57:03,referral,annual,android
729,2026-03-07 13:46:24,organic,monthly,android
730,2026-05-21 04:03:02,paid_search,monthly,android
731,2026-08-03 23:06:35,organic,annual,ios
732,2026-08-25 22:12:56,referral,monthly,ios
733,2026-05-20 12:29:07,organic,monthly,ios
734,2026-06-27 01:49:21,referral,monthly,android
735,2026-07-02 05:33:31,organic,monthly,android
736,2026-08-22 11:57:27,influencer,monthly,ios
737,2026-06-18 12:23:41,influencer,monthly,android
738,2026-08-11 10:06:43,paid_search,annual,android
739,2026-07-08 00:05:17,organic,monthly,android
740,2026-07-21 02:33:32,organic,monthly,ios
741,2026-03-03 02:37:12,referral,monthly,android
742,2026-05-18 07:21:50,organic,monthly,web
743,2026-03-30 23:22:42,influencer,annual,ios
744,2026-05-05 19:27:10,influencer,monthly,ios
745,2026-08-03 08:19:29,paid_search,monthly,android
746,2026-04-07 19:53:22,paid_search,annual,android
747,2026-08-23 09:05:50,paid_search,monthly,web
748,2026-08-29 03:49:13,influencer,monthly,android
749,2026-07-30 23:46:04,organic,monthly,web
750,2026-07-06 15:31:39,referral,monthly,web
751,2026-03-25 02:53:56,paid_search,monthly,web
752,2026-04-17 20:57:30,paid_search,monthly,android
753,2026-05-15 06:08:16,influencer,annual,android
754,2026-04-28 15:35:38,influencer,monthly,web
755,2026-08-23 09:04:11,organic,annual,android
756,2026-05-11 14:32:01,paid_search,monthly,android
757,2026-03-15 08:48:15,organic,annual,android
758,2026-07-19 06:37:26,influencer,monthly,web
759,2026-03-11 19:18:35,organic,annual,android
760,2026-08-22 12:08:15,organic,monthly,ios
761,2026-04-04 02:18:57,referral,monthly,web
762,2026-06-14 16:36:24,influencer,annual,ios
763,2026-03-23 13:30:43,organic,annual,web
764,2026-03-30 05:05:52,paid_search,annual,android
765,2026-03-16 21:43:10,influencer,annual,android
766,2026-05-31 15:50:53,paid_search,annual,web
767,2026-03-22 00:30:42,referral,annual,android
768,2026-05-04 06:00:02,paid_search,monthly,ios
769,2026-07-03 22:27:17,organic,annual,android
770,2026-08-24 18:16:11,organic,monthly,ios
771,2026-08-08 00:29:59,influencer,monthly,ios
772,2026-05-26 03:23:21,paid_search,monthly,android
773,2026-08-21 17:00:59,referral,annual,ios
774,2026-07-11 06:36:21,paid_search,monthly,ios
775,2026-04-18 16:42:21,influencer,monthly,ios
776,2026-03-17 15:50:06,paid_search,monthly,ios
777,2026-04-27 00:40:48,influencer,annual,ios
778,2026-08-31 06:26:39,influencer,annual,ios
779,2026-07-19 02:19:28,paid_search,monthly,web
780,2026-03-28 14:42:24,organic,monthly,android
781,2026-07-20 09:07:41,paid_search,annual,ios
782,2026-04-26 07:38:31,paid_search,monthly,web
783,2026-08-27 18:20:39,referral,monthly,android
784,2026-08-20 19:04:40,organic,annual,web
785,2026-07-26 12:44:00,organic,monthly,web
786,2026-06-16 15:57:14,referral,annual,android
787,2026-07-13 17:35:17,referral,annual,android
788,2026-06-30 20:24:42,organic,monthly,android
789,2026-04-14 12:21:03,paid_search,monthly,android
790,2026-05-10 12:17:29,referral,annual,android
791,2026-05-13 19:30:27,organic,annual,ios
792,2026-08-28 14:23:37,organic,monthly,ios
793,2026-07-23 01:39:16,organic,monthly,ios
794,2026-08-05 11:45:23,paid_search,annual,ios
795,2026-04-21 05:10:56,referral,monthly,ios
796,2026-06-10 10:47:40,influencer,annual,web
797,2026-03-01 07:21:16,organic,monthly,android
798,2026-04-29 07:37:23,influencer,monthly,ios
799,2026-08-14 10:17:48,organic,annual,ios
800,2026-06-17 07:58:37,referral,monthly,web
801,2026-08-05 03:22:56,influencer,annual,ios
802,2026-06-15 16:34:28,influencer,monthly,android
803,2026-07-05 03:28:10,influencer,monthly,android
804,2026-07-11 08:46:04,paid_search,monthly,web
805,2026-07-20 15:58:48,paid_search,monthly,ios
806,2026-04-27 02:21:47,paid_search,monthly,android
807,2026-05-15 21:17:47,paid_search,monthly,android
808,2026-08-22 23:56:48,organic,monthly,ios
809,2026-08-31 05:25:32,organic,monthly,android
810,2026-04-29 04:54:21,paid_search,monthly,web
811,2026-03-20 05:12:31,influencer,monthly,android
812,2026-08-02 10:38:11,influencer,monthly,ios
813,2026-04-05 18:20:31,referral,monthly,android
814,2026-07-08 01:12:06,organic,monthly,ios
815,2026-03-21 13:22:42,referral,monthly,ios
816,2026-06-27 02:55:34,paid_search,monthly,android
817,2026-04-20 08:28:07,organic,monthly,ios
818,2026-03-06 04:09:01,paid_search,monthly,web
819,2026-04-18 23:27:33,influencer,monthly,web
820,2026-04-02 23:24:49,paid_search,monthly,web
821,2026-05-13 07:59:12,paid_search,annual,ios
822,2026-08-10 06:56:06,paid_search,monthly,web
823,2026-07-12 09:49:51,paid_search,annual,android
824,2026-06-20 04:58:50,referral,monthly,web
825,2026-05-10 07:38:57,organic,monthly,web
826,2026-08-22 13:15:09,influencer,annual,web
827,2026-03-07 16:43:03,influencer,monthly,android
828,2026-07-30 16:05:27,paid_search,monthly,web
829,2026-07-28 13:44:28,organic,monthly,ios
830,2026-04-03 20:17:56,organic,monthly,ios
831,2026-07-22 05:44:32,organic,monthly,ios
832,2026-03-18 05:16:33,paid_search,monthly,ios
833,2026-05-08 07:40:55,referral,monthly,android
834,2026-07-02 16:59:14,influencer,annual,android
835,2026-06-23 19:40:02,organic,annual,ios
836,2026-08-06 04:16:33,organic,monthly,android
837,2026-04-01 03:36:32,referral,annual,ios
838,2026-05-01 07:15:42,paid_search,monthly,ios
839,2026-05-25 15:41:01,organic,monthly,ios
840,2026-03-12 00:31:50,organic,annual,web
841,2026-05-04 08:52:55,referral,monthly,ios
842,2026-05-05 12:25:34,paid_search,monthly,android
843,2026-05-09 03:02:52,referral,monthly,ios
844,2026-04-17 04:21:48,organic,monthly,web
845,2026-08-22 22:32:18,organic,annual,web
846,2026-07-30 14:45:34,referral,monthly,android
847,2026-07-27 19:03:07,paid_search,monthly,ios
848,2026-06-10 23:30:53,paid_search,monthly,android
849,2026-06-09 23:56:43,paid_search,monthly,web
850,2026-03-07 11:03:24,referral,annual,android
851,2026-08-05 03:39:32,influencer,monthly,web
852,2026-07-18 11:07:40,paid_search,annual,android
853,2026-05-30 07:08:30,paid_search,annual,android
854,2026-06-27 21:10:46,paid_search,annual,android
855,2026-06-01 07:44:11,referral,monthly,web
856,2026-08-16 13:51:44,organic,annual,android
857,2026-06-01 09:44:09,organic,monthly,ios
858,2026-04-17 16:10:26,paid_search,monthly,android
859,2026-07-17 02:10:57,organic,monthly,ios
860,2026-08-26 18:03:25,referral,annual,ios
861,2026-06-28 03:03:36,influencer,annual,ios
862,2026-07-27 09:13:03,paid_search,annual,ios
863,2026-08-25 05:48:09,referral,monthly,ios
864,2026-08-28 07:21:47,paid_search,annual,ios
865,2026-03-04 17:42:06,paid_search,monthly,android
866,2026-05-18 05:54:36,organic,monthly,ios
867,2026-07-18 11:21:42,organic,annual,android
868,2026-03-04 02:01:18,influencer,annual,ios
869,2026-08-10 10:02:46,influencer,monthly,android
870,2026-07-20 09:57:37,paid_search,monthly,web
871,2026-05-12 15:30:20,influencer,monthly,web
872,2026-07-20 09:44:00,organic,monthly,web
873,2026-03-09 02:47:25,referral,monthly,android
874,2026-06-28 16:48:39,paid_search,monthly,ios
875,2026-07-24 07:53:24,organic,monthly,android
876,2026-08-07 15:44:15,influencer,monthly,android
877,2026-04-24 14:49:17,referral,annual,web
878,2026-06-12 11:20:11,referral,annual,ios
879,2026-05-31 19:45:00,paid_search,annual,ios
880,2026-04-11 19:55:24,paid_search,annual,web
881,2026-07-14 03:35:12,organic,annual,ios
882,2026-05-12 01:11:19,referral,monthly,web
883,2026-03-24 20:01:03,paid_search,monthly,ios
884,2026-08-21 13:39:02,referral,monthly,ios
885,2026-04-27 20:03:18,influencer,monthly,android
886,2026-03-23 16:19:08,organic,annual,android
887,2026-05-18 05:25:34,influencer,monthly,android
888,2026-08-30 11:23:40,organic,monthly,ios
889,2026-04-21 17:36:48,referral,monthly,web
890,2026-03-04 06:20:19,organic,monthly,ios
891,2026-05-31 17:11:06,referral,monthly,android
892,2026-04-29 17:43:26,referral,monthly,android
893,2026-05-02 15:05:17,paid_search,annual,ios
894,2026-05-15 02:47:56,organic,monthly,web
895,2026-04-02 01:52:24,paid_search,monthly,web
896,2026-06-25 02:11:09,referral,annual,web
897,2026-08-17 15:36:32,influencer,monthly,android
898,2026-03-23 17:35:13,organic,monthly,android
899,2026-07-13 12:39:27,organic,annual,ios
900,2026-05-26 14:24:37,referral,monthly,ios
901,2026-07-13 15:37:52,influencer,monthly,ios
902,2026-04-22 04:04:00,influencer,monthly,web
903,2026-05-14 06:22:33,organic,annual,android
904,2026-06-01 09:41:59,organic,annual,ios
905,2026-04-03 02:07:25,paid_search,annual,android
906,2026-07-14 06:18:48,organic,annual,web
907,2026-03-02 10:07:38,influencer,annual,ios
908,2026-03-03 08:02:13,organic,annual,ios
909,2026-07-29 11:08:01,organic,monthly,ios
910,2026-03-15 18:43:44,organic,monthly,web
911,2026-04-08 02:20:45,referral,annual,ios
912,2026-05-08 18:14:02,referral,monthly,ios
913,2026-04-08 22:23:12,referral,monthly,ios
914,2026-03-23 04:46:31,paid_search,annual,ios
915,2026-07-13 13:34:03,organic,monthly,ios
916,2026-03-03 07:33:28,referral,annual,web
917,2026-06-09 11:37:12,organic,monthly,android
918,2026-06-30 00:51:31,paid_search,monthly,web
919,2026-08-13 23:32:28,organic,annual,android
920,2026-08-16 11:42:12,referral,monthly,ios
921,2026-07-31 12:47:49,referral,monthly,android
922,2026-08-01 00:52:05,influencer,annual,ios
923,2026-05-22 16:56:58,paid_search,monthly,ios
924,2026-04-29 08:08:19,referral,annual,ios
925,2026-03-22 01:27:11,influencer,monthly,ios
926,2026-05-03 21:09:31,influencer,monthly,android
927,2026-06-24 04:45:49,organic,monthly,web
928,2026-07-05 23:40:41,referral,annual,android
929,2026-07-14 04:06:45,paid_search,monthly,web
930,2026-07-12 11:12:14,referral,annual,ios
931,2026-06-22 18:16:08,referral,monthly,android
932,2026-06-09 18:31:07,organic,monthly,android
933,2026-05-25 06:20:50,organic,monthly,android
934,2026-08-27 08:38:44,referral,monthly,android
935,2026-08-28 06:45:35,influencer,monthly,android
936,2026-05-11 09:47:50,organic,monthly,web
937,2026-07-31 08:00:24,referral,monthly,ios
938,2026-07-25 10:52:12,paid_search,monthly,ios
939,2026-06-09 03:48:08,paid_search,annual,ios
940,2026-06-09 06:55:02,paid_search,monthly,android
941,2026-04-14 18:39:54,paid_search,annual,ios
942,2026-08-17 04:49:37,organic,monthly,ios
943,2026-08-15 08:50:29,organic,monthly,android
944,2026-03-10 01:09:09,organic,monthly,ios
945,2026-06-30 07:21:34,paid_search,annual,android
946,2026-04-10 09:34:40,influencer,monthly,android
947,2026-06-07 00:00:41,referral,monthly,ios
948,2026-05-13 17:09:46,organic,annual,android
949,2026-05-27 06:24:36,organic,monthly,android
950,2026-06-02 13:00:14,organic,monthly,android
951,2026-07-24 06:07:03,paid_search,monthly,android
952,2026-07-21 02:29:45,paid_search,annual,ios
953,2026-03-10 10:16:55,paid_search,annual,ios
954,2026-06-22 08:10:34,organic,monthly,web
955,2026-03-21 22:23:56,paid_search,monthly,ios
956,2026-05-30 00:21:44,referral,monthly,ios
957,2026-03-02 21:16:47,organic,annual,android
958,2026-08-29 12:14:24,referral,monthly,ios
959,2026-07-20 21:33:52,paid_search,annual,android
960,2026-06-16 12:22:11,influencer,monthly,web
961,2026-03-03 02:43:30,referral,annual,android
962,2026-08-08 16:23:28,paid_search,monthly,web
963,2026-08-26 05:50:36,influencer,monthly,android
964,2026-04-19 02:42:12,paid_search,monthly,ios
965,2026-07-15 17:46:52,influencer,annual,android
966,2026-07-12 16:35:16,organic,monthly,android
967,2026-08-25 04:23:13,paid_search,monthly,web
968,2026-04-22 06:04:07,paid_search,annual,web
969,2026-03-12 14:00:38,organic,monthly,web
970,2026-07-30 07:40:02,paid_search,monthly,ios
971,2026-06-30 07:40:25,organic,monthly,android
972,2026-07-25 01:50:46,organic,monthly,ios
973,2026-05-04 07:17:15,organic,monthly,ios
974,2026-07-20 21:45:03,organic,monthly,ios
975,2026-08-30 14:41:41,referral,monthly,ios
976,2026-08-20 05:22:13,referral,monthly,ios
977,2026-04-30 20:30:26,referral,annual,web
978,2026-04-16 05:29:14,organic,annual,android
979,2026-04-26 12:52:37,influencer,annual,web
980,2026-03-18 17:28:18,referral,monthly,web
981,2026-08-19 12:11:20,paid_search,monthly,android
982,2026-08-12 22:35:44,referral,monthly,android
983,2026-07-02 22:14:25,organic,monthly,ios
984,2026-08-26 10:16:15,organic,monthly,ios
985,2026-05-30 18:45:56,organic,monthly,ios
986,2026-06-09 01:41:11,influencer,monthly,ios
987,2026-08-24 17:33:44,organic,annual,android
988,2026-08-31 08:50:25,paid_search,annual,ios
989,2026-05-03 11:46:37,paid_search,monthly,web
990,2026-05-14 12:35:01,paid_search,annual,web
991,2026-08-01 05:46:48,referral,monthly,android
992,2026-03-23 12:59:18,organic,annual,web
993,2026-03-22 05:56:19,referral,monthly,ios
994,2026-04-07 20:07:02,influencer,monthly,ios
995,2026-04-11 19:27:29,organic,monthly,android
996,2026-07-12 00:50:43,paid_search,annual,android
997,2026-08-18 07:11:04,referral,annual,ios
998,2026-05-26 06:54:13,paid_search,monthly,android
999,2026-06-15 00:28:21,organic,monthly,android
1000,2026-05-24 00:56:54,paid_search,monthly,android
1001,2026-03-10 00:28:25,referral,monthly,ios
1002,2026-06-25 09:56:05,paid_search,monthly,android
1003,2026-05-12 09:04:27,referral,monthly,android
1004,2026-07-20 03:09:50,paid_search,monthly,web
1005,2026-07-01 21:51:36,organic,monthly,android
1006,2026-05-07 02:19:33,organic,monthly,ios
1007,2026-03-28 11:31:49,referral,monthly,ios
1008,2026-06-14 12:09:27,paid_search,monthly,ios
1009,2026-06-20 06:59:54,paid_search,annual,ios
1010,2026-04-06 20:55:04,referral,monthly,android
1011,2026-07-06 09:44:02,referral,annual,ios
1012,2026-06-06 03:47:34,paid_search,monthly,android
1013,2026-04-13 20:52:41,influencer,annual,android
1014,2026-05-26 08:28:48,paid_search,monthly,ios
1015,2026-05-06 02:51:53,organic,monthly,android
1016,2026-03-23 07:24:22,paid_search,monthly,web
1017,2026-05-17 10:10:59,referral,monthly,ios
1018,2026-07-07 03:04:18,paid_search,monthly,web
1019,2026-07-05 08:26:49,paid_search,monthly,android
1020,2026-06-28 06:55:31,paid_search,monthly,ios
1021,2026-05-30 08:10:40,referral,monthly,web
1022,2026-08-26 06:11:07,influencer,annual,android
1023,2026-05-30 06:51:35,paid_search,monthly,ios
1024,2026-03-22 10:42:41,influencer,monthly,web
1025,2026-08-11 13:03:14,paid_search,monthly,web
1026,2026-08-02 12:15:23,paid_search,monthly,web
1027,2026-06-21 03:34:22,paid_search,monthly,ios
1028,2026-03-14 08:31:18,organic,monthly,ios
1029,2026-08-18 22:58:09,organic,monthly,ios
1030,2026-08-27 08:13:44,paid_search,monthly,ios
1031,2026-05-30 21:56:18,paid_search,monthly,android
1032,2026-08-29 13:49:24,organic,monthly,web
1033,2026-06-01 21:32:48,paid_search,monthly,ios
1034,2026-05-29 16:29:01,organic,monthly,ios
1035,2026-08-23 15:49:26,organic,monthly,ios
1036,2026-04-09 07:10:00,paid_search,monthly,ios
1037,2026-03-26 16:40:30,referral,monthly,android
1038,2026-04-15 18:16:36,paid_search,monthly,ios
1039,2026-08-11 14:32:39,paid_search,annual,web
1040,2026-04-26 14:06:28,referral,monthly,android
1041,2026-04-27 01:12:53,referral,annual,android
1042,2026-06-29 03:43:03,influencer,monthly,ios
1043,2026-07-16 07:58:19,paid_search,monthly,ios
1044,2026-04-07 01:29:53,influencer,monthly,android
1045,2026-08-03 03:23:34,organic,monthly,ios
1046,2026-03-15 15:35:19,paid_search,annual,android
1047,2026-07-08 12:56:52,organic,monthly,ios
1048,2026-04-29 01:03:52,organic,monthly,ios
1049,2026-03-05 18:41:37,referral,monthly,android
1050,2026-07-30 04:44:25,influencer,monthly,android
1051,2026-05-13 16:34:04,influencer,annual,web
1052,2026-06-19 11:44:26,paid_search,monthly,web
1053,2026-07-16 19:30:49,influencer,monthly,web
1054,2026-05-18 05:24:14,influencer,monthly,android
1055,2026-06-27 15:56:18,influencer,monthly,ios
1056,2026-03-07 19:43:44,paid_search,monthly,web
1057,2026-03-15 15:25:54,organic,annual,ios
1058,2026-08-14 13:51:08,organic,monthly,ios
1059,2026-07-27 17:14:29,referral,monthly,android
1060,2026-03-03 02:44:53,organic,annual,android
1061,2026-04-10 23:19:52,referral,monthly,ios
1062,2026-08-31 02:28:47,organic,monthly,android
1063,2026-08-06 19:40:07,referral,monthly,ios
1064,2026-08-10 12:25:50,referral,monthly,web
1065,2026-04-12 22:34:00,paid_search,monthly,android
1066,2026-07-24 10:38:08,influencer,monthly,web
1067,2026-08-21 18:43:52,paid_search,monthly,ios
1068,2026-07-18 03:51:52,referral,annual,android
1069,2026-07-06 02:50:04,influencer,monthly,ios
1070,2026-06-01 14:31:04,paid_search,monthly,android
1071,2026-05-14 02:16:40,paid_search,monthly,web
1072,2026-05-22 11:28:05,referral,monthly,web
1073,2026-07-27 14:31:42,referral,monthly,android
1074,2026-08-22 13:22:03,organic,annual,android
1075,2026-08-19 08:17:44,referral,monthly,ios
1076,2026-08-14 20:03:37,referral,monthly,android
1077,2026-08-01 20:53:29,referral,monthly,web
1078,2026-05-04 15:56:14,paid_search,annual,android
1079,2026-05-24 15:20:26,organic,monthly,ios
1080,2026-05-30 02:41:38,organic,monthly,android
1081,2026-03-11 11:01:08,referral,monthly,android
1082,2026-06-04 07:05:45,organic,monthly,web
1083,2026-03-15 14:05:23,paid_search,annual,ios
1084,2026-06-10 10:07:43,organic,monthly,ios
1085,2026-03-14 22:07:28,referral,monthly,android
1086,2026-07-01 04:10:26,organic,annual,ios
1087,2026-05-22 18:13:35,paid_search,monthly,ios
1088,2026-07-22 13:26:03,organic,annual,android
1089,2026-05-02 16:05:01,referral,monthly,android
1090,2026-04-24 09:20:39,referral,monthly,ios
1091,2026-04-10 19:50:14,paid_search,annual,ios
1092,2026-06-29 20:19:47,influencer,monthly,web
1093,2026-07-16 07:37:34,referral,monthly,web
1094,2026-07-18 18:11:52,influencer,monthly,ios
1095,2026-04-18 06:02:39,paid_search,monthly,web
1096,2026-06-06 04:11:21,organic,annual,android
1097,2026-07-06 15:01:18,influencer,monthly,web
1098,2026-06-21 19:56:16,paid_search,annual,web
1099,2026-03-19 11:45:06,organic,monthly,android
1100,2026-06-28 00:14:17,paid_search,monthly,android
1101,2026-07-10 06:32:57,referral,monthly,web
1102,2026-07-08 23:21:04,paid_search,monthly,android
1103,2026-08-20 02:43:25,paid_search,monthly,android
1104,2026-04-22 17:33:31,influencer,monthly,android
1105,2026-05-08 03:06:23,paid_search,monthly,ios
1106,2026-06-18 12:12:47,paid_search,monthly,ios
1107,2026-08-02 02:38:37,influencer,monthly,ios
1108,2026-08-27 00:13:22,paid_search,annual,ios
1109,2026-08-03 10:32:42,paid_search,monthly,ios
1110,2026-04-28 05:08:53,referral,monthly,android
1111,2026-04-10 11:00:43,paid_search,monthly,ios
1112,2026-05-09 02:23:48,paid_search,monthly,ios
1113,2026-08-18 23:37:35,paid_search,monthly,ios
1114,2026-07-30 19:28:31,organic,monthly,ios
1115,2026-08-12 00:20:42,referral,monthly,web
1116,2026-03-31 10:12:22,paid_search,monthly,android
1117,2026-03-04 12:17:25,paid_search,annual,ios
1118,2026-04-05 17:30:52,paid_search,annual,ios
1119,2026-05-31 22:23:41,organic,monthly,ios
1120,2026-04-19 12:27:09,paid_search,annual,android
1121,2026-08-23 00:46:53,paid_search,monthly,android
1122,2026-07-27 23:58:20,influencer,monthly,android
1123,2026-05-17 23:39:41,organic,monthly,ios
1124,2026-05-20 22:53:06,referral,annual,android
1125,2026-07-18 20:59:35,organic,monthly,android
1126,2026-04-09 16:09:41,influencer,monthly,web
1127,2026-03-28 22:48:21,influencer,monthly,web
1128,2026-06-21 04:49:39,paid_search,monthly,android
1129,2026-07-16 03:10:14,paid_search,monthly,android
1130,2026-07-02 01:32:59,paid_search,annual,web
1131,2026-08-07 01:36:26,influencer,monthly,ios
1132,2026-05-06 02:48:17,paid_search,monthly,web
1133,2026-07-04 15:44:43,paid_search,monthly,ios
1134,2026-05-31 22:30:01,influencer,monthly,android
1135,2026-03-12 02:55:11,organic,monthly,web
1136,2026-05-06 21:00:27,paid_search,monthly,ios
1137,2026-04-18 16:44:21,paid_search,annual,web
1138,2026-08-03 21:16:33,referral,monthly,ios
1139,2026-07-17 06:22:59,influencer,monthly,ios
1140,2026-03-28 18:31:47,organic,monthly,ios
1141,2026-04-14 23:48:25,paid_search,annual,android
1142,2026-05-09 05:10:28,organic,annual,ios
1143,2026-06-10 10:18:08,referral,monthly,android
1144,2026-07-17 16:47:50,paid_search,monthly,web
1145,2026-08-28 13:52:27,paid_search,monthly,ios
1146,2026-07-17 14:31:44,referral,monthly,android
1147,2026-07-13 13:05:48,paid_search,monthly,android
1148,2026-06-21 18:07:15,paid_search,monthly,android
1149,2026-05-20 10:10:57,organic,monthly,ios
1150,2026-08-24 08:37:40,paid_search,annual,ios
1151,2026-03-09 11:56:43,organic,monthly,web
1152,2026-07-16 23:57:06,organic,monthly,ios
1153,2026-06-19 16:58:44,influencer,monthly,ios
1154,2026-07-20 11:36:19,influencer,monthly,ios
1155,2026-05-10 10:24:55,paid_search,monthly,ios
1156,2026-06-15 22:48:06,referral,monthly,android
1157,2026-05-04 10:37:57,paid_search,monthly,android
1158,2026-08-10 19:55:54,organic,monthly,android
1159,2026-03-15 00:27:33,referral,monthly,ios
1160,2026-03-09 00:00:25,referral,annual,web
1161,2026-05-30 06:05:26,paid_search,monthly,ios
1162,2026-08-09 14:00:21,organic,annual,web
1163,2026-04-02 20:42:33,organic,monthly,ios
1164,2026-07-28 15:39:24,referral,annual,ios
1165,2026-03-30 05:32:32,paid_search,monthly,ios
1166,2026-05-28 17:15:38,paid_search,monthly,android
1167,2026-03-28 04:25:53,influencer,monthly,web
1168,2026-08-17 05:16:57,paid_search,monthly,android
1169,2026-05-14 19:17:11,referral,monthly,ios
1170,2026-05-09 20:30:35,organic,annual,android
1171,2026-04-26 17:15:33,paid_search,annual,web
1172,2026-05-28 20:45:15,organic,monthly,web
1173,2026-07-03 14:29:56,paid_search,monthly,ios
1174,2026-07-06 04:37:10,paid_search,monthly,android
1175,2026-06-30 15:08:10,paid_search,monthly,android
1176,2026-06-24 09:36:14,organic,monthly,ios
1177,2026-07-18 01:00:39,organic,monthly,android
1178,2026-05-16 10:15:26,organic,monthly,web
1179,2026-06-11 16:30:03,paid_search,monthly,ios
1180,2026-08-10 01:06:41,referral,monthly,ios
1181,2026-04-06 21:38:27,paid_search,monthly,ios
1182,2026-03-13 14:42:30,paid_search,annual,ios
1183,2026-08-03 10:20:16,influencer,monthly,web
1184,2026-07-22 03:47:36,referral,monthly,web
1185,2026-05-22 01:09:28,influencer,annual,android
1186,2026-04-15 12:55:05,organic,monthly,ios
1187,2026-05-09 22:27:56,organic,annual,android
1188,2026-05-19 05:19:52,influencer,monthly,ios
1189,2026-06-03 12:30:59,referral,monthly,web
1190,2026-04-24 11:06:06,referral,monthly,ios
1191,2026-03-19 09:24:27,organic,monthly,android
1192,2026-07-27 17:16:20,organic,monthly,android
1193,2026-05-06 05:42:54,influencer,monthly,web
1194,2026-07-26 10:48:43,influencer,monthly,ios
1195,2026-08-17 22:10:29,paid_search,monthly,ios
1196,2026-08-20 23:12:42,organic,monthly,ios
1197,2026-06-26 01:11:10,organic,monthly,ios
1198,2026-08-20 10:41:04,paid_search,annual,ios
1199,2026-05-03 13:31:00,paid_search,monthly,ios
1200,2026-05-02 09:47:18,paid_search,monthly,android
1201,2026-08-16 23:25:58,paid_search,monthly,ios
1202,2026-03-03 04:03:58,referral,annual,web
1203,2026-04-21 21:52:09,paid_search,monthly,ios
1204,2026-08-15 03:18:35,referral,monthly,web
1205,2026-04-10 10:45:49,referral,monthly,ios
1206,2026-08-20 22:56:34,influencer,annual,android
1207,2026-07-29 02:27:39,paid_search,monthly,android
1208,2026-06-10 14:49:24,referral,annual,android
1209,2026-04-02 07:21:39,paid_search,monthly,ios
1210,2026-07-01 07:57:25,paid_search,monthly,ios
1211,2026-07-18 16:35:22,referral,monthly,ios
1212,2026-05-10 21:06:03,referral,annual,android
1213,2026-06-12 01:59:20,paid_search,monthly,android
1214,2026-05-16 09:30:26,paid_search,annual,android
1215,2026-08-08 23:36:48,influencer,annual,ios
1216,2026-04-12 01:06:09,referral,monthly,ios
1217,2026-08-26 20:39:31,referral,monthly,android
1218,2026-05-08 14:26:44,paid_search,monthly,web
1219,2026-05-31 09:32:25,referral,monthly,ios
1220,2026-04-04 03:00:42,organic,monthly,android
1221,2026-04-13 11:17:54,influencer,monthly,ios
1222,2026-08-31 07:26:26,paid_search,monthly,android
1223,2026-07-12 08:08:01,referral,monthly,web
1224,2026-08-10 12:06:26,referral,monthly,web
1225,2026-06-19 23:26:25,paid_search,monthly,android
1226,2026-07-20 15:25:40,paid_search,monthly,android
1227,2026-06-15 16:27:06,paid_search,monthly,ios
1228,2026-04-06 15:13:08,organic,annual,android
1229,2026-05-10 18:54:10,paid_search,monthly,android
1230,2026-05-28 04:48:34,referral,monthly,web
1231,2026-06-19 19:18:08,organic,monthly,web
1232,2026-08-23 08:49:56,paid_search,monthly,ios
1233,2026-06-25 15:08:01,organic,annual,web
1234,2026-05-19 09:37:47,paid_search,annual,android
1235,2026-03-26 20:31:04,influencer,monthly,ios
1236,2026-03-19 05:08:18,organic,monthly,ios
1237,2026-04-28 14:15:55,organic,monthly,android
1238,2026-08-22 23:00:25,paid_search,monthly,android
1239,2026-05-07 21:24:33,paid_search,monthly,android
1240,2026-08-21 23:13:09,influencer,monthly,ios
1241,2026-07-20 16:54:50,influencer,annual,ios
1242,2026-03-26 05:38:05,referral,monthly,web
1243,2026-03-29 15:31:54,organic,monthly,android
1244,2026-06-13 19:28:09,referral,monthly,android
1245,2026-07-01 06:14:30,organic,annual,ios
1246,2026-07-01 17:18:13,paid_search,monthly,web
1247,2026-06-22 05:17:24,paid_search,monthly,ios
1248,2026-08-26 12:44:12,referral,annual,android
1249,2026-07-14 16:05:29,organic,annual,android
1250,2026-06-15 02:26:33,paid_search,monthly,web
1251,2026-06-15 04:48:59,organic,monthly,android
1252,2026-07-03 08:35:07,paid_search,monthly,android
1253,2026-06-30 22:32:21,organic,monthly,ios
1254,2026-05-29 06:35:06,paid_search,monthly,ios
1255,2026-06-14 22:06:41,organic,annual,android
1256,2026-07-13 02:01:12,paid_search,annual,ios
1257,2026-05-13 23:15:27,paid_search,monthly,android
1258,2026-08-21 04:38:58,referral,annual,ios
1259,2026-08-07 12:33:37,referral,monthly,web
1260,2026-05-10 20:11:21,paid_search,monthly,web
1261,2026-04-22 03:56:01,paid_search,monthly,web
1262,2026-04-12 16:49:11,organic,monthly,android
1263,2026-04-19 17:47:20,paid_search,monthly,ios
1264,2026-04-12 17:43:16,organic,monthly,web
1265,2026-07-07 09:40:48,referral,annual,ios
1266,2026-07-16 16:27:33,paid_search,monthly,ios
1267,2026-07-06 17:43:39,organic,monthly,web
1268,2026-05-26 10:42:35,organic,annual,ios
1269,2026-06-02 12:45:06,paid_search,monthly,web
1270,2026-06-12 19:11:31,influencer,monthly,ios
1271,2026-06-13 18:25:18,paid_search,monthly,ios
1272,2026-07-08 09:45:03,organic,monthly,ios
1273,2026-05-13 04:45:35,referral,monthly,ios
1274,2026-04-03 15:31:49,influencer,annual,android
1275,2026-08-24 18:05:54,paid_search,monthly,ios
1276,2026-04-26 13:51:22,paid_search,monthly,android
1277,2026-05-19 15:54:12,organic,annual,web
1278,2026-08-01 16:54:08,organic,monthly,ios
1279,2026-03-10 09:45:49,referral,monthly,ios
1280,2026-03-05 02:26:13,paid_search,annual,web
1281,2026-08-07 07:38:10,paid_search,monthly,web
1282,2026-06-15 06:10:56,paid_search,monthly,ios
1283,2026-05-28 17:56:00,referral,monthly,ios
1284,2026-07-12 10:36:23,organic,annual,ios
1285,2026-06-12 19:06:13,paid_search,monthly,ios
1286,2026-06-11 04:05:55,organic,monthly,web
1287,2026-08-26 06:33:41,organic,monthly,android
1288,2026-07-22 18:02:12,paid_search,monthly,ios
1289,2026-05-22 01:51:03,organic,monthly,android
1290,2026-06-18 05:18:50,influencer,monthly,web
1291,2026-08-22 20:43:34,referral,monthly,android
1292,2026-05-03 05:55:52,paid_search,annual,ios
1293,2026-08-22 15:17:01,organic,monthly,android
1294,2026-06-04 22:12:32,referral,monthly,ios
1295,2026-07-18 07:18:31,referral,annual,ios
1296,2026-08-19 09:37:18,paid_search,monthly,android
1297,2026-05-13 17:12:28,paid_search,monthly,web
1298,2026-06-09 20:38:54,influencer,annual,ios
1299,2026-06-16 01:15:49,organic,annual,android
1300,2026-05-23 13:12:38,organic,monthly,android
1301,2026-03-08 10:38:23,influencer,annual,ios
1302,2026-08-27 16:55:36,organic,annual,ios
1303,2026-04-30 01:07:52,organic,monthly,ios
1304,2026-05-30 12:20:11,paid_search,annual,ios
1305,2026-03-26 11:17:50,organic,monthly,ios
1306,2026-05-27 01:53:42,referral,monthly,web
1307,2026-08-10 14:16:19,influencer,monthly,ios
1308,2026-04-11 14:30:53,organic,annual,web
1309,2026-08-31 19:21:37,referral,monthly,ios
1310,2026-05-22 14:10:06,paid_search,monthly,web
1311,2026-07-20 07:01:38,paid_search,annual,ios
1312,2026-05-27 13:51:40,organic,monthly,android
1313,2026-07-14 16:14:33,influencer,monthly,ios
1314,2026-08-27 15:48:11,organic,monthly,ios
1315,2026-05-21 00:34:46,influencer,monthly,android
1316,2026-07-22 03:34:46,influencer,monthly,ios
1317,2026-05-23 07:41:15,influencer,monthly,web
1318,2026-07-28 07:03:26,referral,monthly,ios
1319,2026-04-24 21:02:15,organic,annual,ios
1320,2026-03-22 12:40:14,referral,monthly,web
1321,2026-05-19 02:50:19,organic,monthly,ios
1322,2026-08-17 17:45:05,referral,monthly,android
1323,2026-05-02 14:59:15,referral,monthly,android
1324,2026-07-28 23:57:18,paid_search,monthly,android
1325,2026-07-31 10:31:12,referral,monthly,web
1326,2026-06-05 20:51:54,influencer,annual,ios
1327,2026-03-21 01:55:29,referral,monthly,android
1328,2026-03-03 01:19:38,referral,monthly,web
1329,2026-07-15 19:34:01,paid_search,annual,ios
1330,2026-06-09 13:50:04,referral,annual,ios
1331,2026-06-28 17:31:42,paid_search,monthly,android
1332,2026-06-30 12:58:03,organic,annual,ios
1333,2026-06-13 10:38:10,organic,monthly,web
1334,2026-06-16 15:24:55,referral,monthly,ios
1335,2026-04-03 02:50:21,paid_search,annual,android
1336,2026-08-31 01:09:46,influencer,annual,android
1337,2026-07-31 03:29:56,organic,monthly,ios
1338,2026-08-17 13:14:16,organic,monthly,ios
1339,2026-05-09 01:20:55,organic,annual,android
1340,2026-04-14 15:32:53,influencer,monthly,android
1341,2026-04-14 05:43:41,referral,monthly,android
1342,2026-07-09 09:09:58,paid_search,monthly,web
1343,2026-08-01 14:37:02,influencer,monthly,ios
1344,2026-07-06 19:57:53,influencer,monthly,web
1345,2026-05-22 21:31:37,referral,monthly,ios
1346,2026-08-14 12:38:04,paid_search,annual,ios
1347,2026-07-24 05:35:05,organic,annual,android
1348,2026-08-21 11:39:46,organic,monthly,ios
1349,2026-08-20 05:50:25,influencer,monthly,ios
1350,2026-04-11 10:22:33,paid_search,monthly,android
1351,2026-08-30 03:02:41,referral,monthly,android
1352,2026-03-01 17:39:02,organic,monthly,ios
1353,2026-03-07 11:53:17,influencer,monthly,android
1354,2026-06-11 03:09:20,referral,monthly,web
1355,2026-07-19 07:01:14,organic,annual,ios
1356,2026-07-12 00:47:54,organic,monthly,ios
1357,2026-07-26 22:34:24,referral,annual,web
1358,2026-07-05 05:04:45,organic,annual,ios
1359,2026-07-28 00:54:25,referral,monthly,web
1360,2026-06-13 09:08:01,referral,monthly,web
1361,2026-03-28 12:52:42,paid_search,annual,ios
1362,2026-07-15 05:52:51,referral,monthly,ios
1363,2026-07-29 05:56:00,referral,annual,android
1364,2026-08-30 20:56:53,paid_search,monthly,android
1365,2026-05-12 07:03:15,referral,monthly,ios
1366,2026-07-30 04:56:20,paid_search,annual,android
1367,2026-05-16 01:28:30,referral,monthly,android
1368,2026-05-06 02:43:11,referral,annual,ios
1369,2026-08-14 08:21:18,organic,monthly,android
1370,2026-06-04 02:13:00,paid_search,monthly,android
1371,2026-06-12 15:19:52,paid_search,monthly,android
1372,2026-06-29 13:12:20,influencer,monthly,android
1373,2026-06-13 04:10:23,paid_search,annual,web
1374,2026-03-23 04:18:52,organic,annual,android
1375,2026-07-29 23:44:51,paid_search,annual,ios
1376,2026-07-21 11:59:08,paid_search,annual,ios
1377,2026-05-01 18:43:00,organic,monthly,android
1378,2026-03-22 20:21:59,organic,monthly,ios
1379,2026-05-28 01:10:58,influencer,annual,android
1380,2026-06-26 23:32:14,organic,annual,ios
1381,2026-04-01 23:13:27,organic,monthly,web
1382,2026-05-28 09:54:57,paid_search,monthly,ios
1383,2026-03-07 06:16:13,paid_search,annual,ios
1384,2026-06-01 22:06:54,organic,annual,web
1385,2026-04-03 17:07:24,referral,monthly,ios
1386,2026-06-18 23:57:59,referral,monthly,ios
1387,2026-07-10 06:53:56,influencer,monthly,ios
1388,2026-03-30 21:54:25,paid_search,monthly,ios
1389,2026-07-11 05:29:14,referral,monthly,android
1390,2026-05-27 20:09:31,paid_search,annual,ios
1391,2026-05-13 12:35:21,influencer,monthly,android
1392,2026-08-09 06:17:17,paid_search,annual,android
1393,2026-07-04 03:31:36,referral,monthly,web
1394,2026-07-19 01:03:32,referral,monthly,ios
1395,2026-07-02 13:43:14,paid_search,monthly,web
1396,2026-05-25 00:23:11,organic,monthly,ios
1397,2026-08-26 21:23:05,paid_search,monthly,android
1398,2026-07-24 08:16:05,organic,monthly,ios
1399,2026-04-05 05:32:27,paid_search,monthly,ios
1400,2026-06-17 13:10:23,influencer,monthly,web
1401,2026-08-16 20:02:03,organic,monthly,android
1402,2026-06-19 13:27:25,paid_search,annual,android
1403,2026-07-23 18:37:57,organic,annual,android
1404,2026-04-21 08:52:16,paid_search,annual,ios
1405,2026-04-25 09:27:11,paid_search,monthly,android
1406,2026-04-05 18:48:37,organic,monthly,android
1407,2026-06-28 12:01:01,referral,monthly,web
1408,2026-05-31 19:11:38,influencer,monthly,web
1409,2026-04-04 19:54:48,organic,annual,android
1410,2026-07-02 22:17:46,referral,monthly,ios
1411,2026-08-02 21:39:07,referral,monthly,ios
1412,2026-06-22 18:47:25,influencer,annual,android
1413,2026-04-19 21:21:45,organic,monthly,ios
1414,2026-03-25 07:59:38,organic,annual,android
1415,2026-07-14 03:59:51,paid_search,annual,android
1416,2026-04-12 01:29:54,influencer,monthly,android
1417,2026-04-12 12:22:17,paid_search,monthly,ios
1418,2026-05-21 02:01:39,paid_search,monthly,ios
1419,2026-07-12 21:52:11,organic,annual,ios
1420,2026-08-18 02:36:40,paid_search,annual,android
1421,2026-08-08 20:01:19,paid_search,monthly,android
1422,2026-05-23 03:31:57,influencer,monthly,ios
1423,2026-04-24 09:24:59,organic,annual,ios
1424,2026-05-09 16:58:13,paid_search,annual,ios
1425,2026-07-09 09:37:31,organic,monthly,ios
1426,2026-03-06 05:06:45,paid_search,annual,android
1427,2026-06-09 02:04:38,referral,monthly,ios
1428,2026-07-21 14:11:16,referral,annual,ios
1429,2026-08-20 14:18:47,referral,monthly,ios
1430,2026-07-15 12:28:03,organic,monthly,ios
1431,2026-08-24 14:09:39,organic,annual,web
1432,2026-04-17 00:58:26,referral,monthly,web
1433,2026-07-05 07:51:32,paid_search,annual,android
1434,2026-08-28 19:34:55,referral,monthly,ios
1435,2026-06-15 13:01:34,paid_search,monthly,android
1436,2026-05-20 01:36:22,paid_search,monthly,ios
1437,2026-05-21 00:21:53,organic,annual,web
1438,2026-08-08 06:39:24,organic,monthly,ios
1439,2026-07-09 19:16:11,paid_search,monthly,web
1440,2026-06-05 01:59:03,organic,monthly,web
1441,2026-07-31 02:48:37,paid_search,monthly,web
1442,2026-06-24 23:59:31,influencer,monthly,ios
1443,2026-07-16 06:17:16,paid_search,annual,ios
1444,2026-05-22 03:39:40,organic,monthly,ios
1445,2026-08-15 00:41:02,paid_search,monthly,android
1446,2026-05-28 19:54:10,paid_search,annual,web
1447,2026-07-15 23:40:21,organic,monthly,ios
1448,2026-04-21 13:28:11,influencer,monthly,android
1449,2026-08-15 01:21:22,referral,annual,web
1450,2026-05-03 00:18:14,referral,annual,ios
1451,2026-06-12 06:51:02,referral,annual,web
1452,2026-05-14 04:07:00,paid_search,monthly,web
1453,2026-03-06 03:53:50,paid_search,monthly,ios
1454,2026-04-17 15:42:19,organic,monthly,web
1455,2026-06-11 23:34:06,organic,monthly,ios
1456,2026-06-26 22:26:37,paid_search,monthly,web
1457,2026-05-09 17:36:01,organic,monthly,web
1458,2026-04-17 22:20:37,referral,monthly,ios
1459,2026-08-04 01:34:26,influencer,monthly,android
1460,2026-06-28 08:34:17,organic,monthly,web
1461,2026-04-08 04:04:45,influencer,monthly,ios
1462,2026-07-21 16:46:30,organic,monthly,ios
1463,2026-07-20 02:53:04,paid_search,annual,ios
1464,2026-07-22 15:57:21,paid_search,annual,android
1465,2026-03-11 02:12:12,paid_search,monthly,web
1466,2026-04-18 22:59:47,referral,annual,ios
1467,2026-04-07 22:34:44,referral,monthly,ios
1468,2026-07-09 19:30:16,organic,monthly,ios
1469,2026-06-02 08:12:59,organic,monthly,ios
1470,2026-03-31 03:59:48,organic,monthly,ios
1471,2026-07-18 13:10:15,organic,monthly,android
1472,2026-05-03 11:55:29,paid_search,monthly,android
1473,2026-05-08 20:26:36,influencer,monthly,android
1474,2026-07-26 02:22:09,referral,annual,android
1475,2026-05-24 11:19:18,influencer,monthly,ios
1476,2026-08-02 20:23:54,organic,monthly,android
1477,2026-08-01 09:38:30,organic,annual,web
1478,2026-05-12 07:49:32,organic,monthly,web
1479,2026-07-19 08:56:01,paid_search,monthly,ios
1480,2026-08-13 18:37:48,influencer,annual,android
1481,2026-05-07 20:46:50,organic,monthly,android
1482,2026-08-05 05:48:52,paid_search,monthly,ios
1483,2026-07-18 09:55:11,referral,annual,ios
1484,2026-06-19 21:32:06,referral,monthly,ios
1485,2026-04-07 06:41:00,influencer,monthly,android
1486,2026-08-04 12:27:36,paid_search,monthly,android
1487,2026-06-09 11:01:32,influencer,annual,web
1488,2026-05-09 20:21:27,referral,monthly,ios
1489,2026-08-28 00:35:54,paid_search,monthly,android
1490,2026-04-19 20:06:46,paid_search,monthly,ios
1491,2026-08-01 18:02:33,paid_search,annual,ios
1492,2026-03-17 11:47:58,paid_search,monthly,android
1493,2026-06-25 07:44:48,influencer,annual,web
1494,2026-04-09 22:32:32,organic,annual,android
1495,2026-06-02 05:25:37,organic,annual,android
1496,2026-04-02 16:08:48,organic,monthly,web
1497,2026-05-15 22:53:00,paid_search,monthly,ios
1498,2026-06-24 14:10:11,referral,monthly,android
1499,2026-06-30 23:15:09,referral,annual,web
1500,2026-05-09 07:55:16,referral,monthly,web
1501,2026-08-15 23:24:28,paid_search,monthly,web
1502,2026-03-29 06:00:41,referral,annual,web
1503,2026-05-28 13:28:51,organic,monthly,android
1504,2026-06-03 21:43:14,influencer,monthly,ios
1505,2026-07-09 00:03:27,organic,monthly,web
1506,2026-05-16 16:36:27,influencer,monthly,android
1507,2026-05-26 18:55:37,influencer,monthly,web
1508,2026-07-28 23:08:24,paid_search,monthly,ios
1509,2026-03-14 21:13:12,paid_search,annual,ios
1510,2026-08-05 09:19:26,organic,monthly,ios
1511,2026-08-04 17:56:51,paid_search,annual,android
1512,2026-06-07 13:23:47,organic,monthly,android
1513,2026-08-11 20:42:57,organic,monthly,android
1514,2026-08-05 12:36:25,paid_search,annual,web
1515,2026-05-16 18:11:14,organic,monthly,ios
1516,2026-04-22 23:11:44,organic,annual,ios
1517,2026-06-19 17:52:10,paid_search,monthly,web
1518,2026-08-15 19:25:47,paid_search,monthly,ios
1519,2026-06-16 05:52:57,influencer,annual,ios
1520,2026-08-10 12:10:15,organic,annual,android
1521,2026-05-24 04:48:40,paid_search,monthly,web
1522,2026-03-13 12:44:29,referral,monthly,android
1523,2026-08-03 16:04:05,referral,monthly,android
1524,2026-08-05 22:56:38,influencer,monthly,ios
1525,2026-07-18 11:36:57,paid_search,annual,web
1526,2026-04-07 19:04:41,paid_search,monthly,web
1527,2026-07-05 00:09:48,influencer,monthly,ios
1528,2026-08-20 21:31:46,organic,monthly,web
1529,2026-06-14 13:55:32,paid_search,monthly,web
1530,2026-07-21 19:58:41,organic,monthly,android
1531,2026-08-01 22:12:19,referral,monthly,android
1532,2026-04-26 00:13:03,paid_search,monthly,ios
1533,2026-08-24 23:25:48,influencer,annual,ios
1534,2026-07-10 14:18:15,organic,annual,web
1535,2026-08-21 14:43:16,organic,annual,web
1536,2026-06-19 22:53:58,organic,monthly,android
1537,2026-03-19 22:57:59,organic,annual,ios
1538,2026-07-31 03:23:04,paid_search,monthly,web
1539,2026-05-07 11:51:25,referral,monthly,ios
1540,2026-07-13 11:04:45,referral,monthly,web
1541,2026-03-20 05:28:01,referral,monthly,ios
1542,2026-06-29 02:33:16,organic,annual,web
1543,2026-08-04 00:09:41,paid_search,monthly,ios
1544,2026-08-03 05:00:17,paid_search,annual,ios
1545,2026-05-26 18:33:03,referral,monthly,android
1546,2026-06-18 07:29:23,referral,annual,android
1547,2026-04-29 01:10:54,organic,monthly,web
1548,2026-06-07 11:26:25,referral,monthly,ios
1549,2026-05-13 01:30:23,influencer,monthly,android
1550,2026-04-21 23:44:14,organic,monthly,ios
1551,2026-06-24 09:51:41,influencer,monthly,web
1552,2026-04-22 07:24:02,paid_search,monthly,web
1553,2026-03-06 21:00:42,organic,annual,android
1554,2026-06-17 05:44:48,referral,annual,android
1555,2026-07-13 16:39:46,paid_search,monthly,web
1556,2026-05-17 22:56:29,organic,monthly,ios
1557,2026-08-18 12:07:09,influencer,annual,web
1558,2026-07-06 11:43:01,paid_search,annual,android
1559,2026-03-11 10:29:46,paid_search,annual,web
1560,2026-03-17 03:34:22,paid_search,monthly,ios
1561,2026-08-08 15:08:12,paid_search,annual,ios
1562,2026-04-14 07:33:30,paid_search,monthly,ios
1563,2026-08-30 03:46:47,paid_search,monthly,ios
1564,2026-05-28 04:03:56,paid_search,annual,ios
1565,2026-05-19 11:34:19,paid_search,monthly,ios
1566,2026-08-06 09:44:28,paid_search,monthly,android
1567,2026-05-23 02:59:05,influencer,monthly,ios
1568,2026-07-06 18:44:32,referral,monthly,ios
1569,2026-04-05 14:37:03,influencer,annual,web
1570,2026-06-16 09:34:05,paid_search,monthly,android
1571,2026-03-28 05:46:25,organic,monthly,ios
1572,2026-07-01 20:24:51,referral,monthly,web
1573,2026-06-22 01:36:19,paid_search,monthly,android
1574,2026-08-09 11:48:41,paid_search,monthly,android
1575,2026-07-21 18:24:33,organic,monthly,web
1576,2026-06-11 22:51:39,referral,annual,web
1577,2026-08-22 02:30:11,referral,monthly,web
1578,2026-05-16 14:53:04,organic,annual,ios
1579,2026-04-15 22:27:00,paid_search,annual,web
1580,2026-04-23 15:01:20,influencer,monthly,web
1581,2026-08-10 13:24:19,influencer,monthly,ios
1582,2026-03-26 08:24:21,referral,monthly,web
1583,2026-05-21 04:00:17,organic,monthly,ios
1584,2026-07-09 18:36:08,influencer,annual,android
1585,2026-06-29 05:03:34,paid_search,monthly,android
1586,2026-05-19 07:43:40,paid_search,monthly,ios
1587,2026-07-08 10:52:02,paid_search,annual,web
1588,2026-05-24 20:20:14,paid_search,monthly,android
1589,2026-06-03 15:16:18,referral,monthly,android
1590,2026-06-14 08:40:53,influencer,monthly,web
1591,2026-07-18 14:04:09,referral,monthly,android
1592,2026-06-27 05:20:58,organic,annual,web
1593,2026-03-10 21:20:16,referral,monthly,android
1594,2026-05-15 00:45:31,organic,monthly,ios
1595,2026-05-16 10:39:00,organic,monthly,android
1596,2026-04-16 11:10:39,referral,annual,web
1597,2026-08-27 14:14:11,organic,annual,android
1598,2026-05-06 12:18:45,paid_search,monthly,ios
1599,2026-07-10 15:43:36,influencer,monthly,ios
1600,2026-07-13 16:22:48,organic,monthly,web
1601,2026-06-22 04:59:48,organic,monthly,android
1602,2026-05-09 06:34:02,paid_search,monthly,android
1603,2026-06-19 20:11:33,paid_search,monthly,android
1604,2026-07-02 12:39:35,paid_search,monthly,web
1605,2026-03-07 10:45:01,referral,monthly,android
1606,2026-08-01 13:37:08,paid_search,monthly,ios
1607,2026-05-01 02:47:45,referral,annual,ios
1608,2026-06-27 21:17:00,paid_search,monthly,ios
1609,2026-04-26 06:21:24,organic,monthly,android
1610,2026-04-22 07:15:52,referral,annual,web
1611,2026-04-20 16:58:02,paid_search,annual,ios
1612,2026-05-07 08:58:32,organic,annual,ios
1613,2026-06-07 17:55:49,referral,monthly,android
1614,2026-05-01 20:39:24,paid_search,monthly,ios
1615,2026-06-18 06:10:35,paid_search,annual,android
1616,2026-07-05 22:52:03,organic,monthly,android
1617,2026-04-17 12:34:43,organic,monthly,android
1618,2026-07-23 04:06:52,referral,annual,web
1619,2026-03-09 23:11:19,paid_search,monthly,web
1620,2026-08-20 01:42:01,paid_search,annual,ios
1621,2026-07-03 10:08:22,referral,monthly,android
1622,2026-03-11 12:50:18,paid_search,annual,android
1623,2026-06-21 20:42:34,influencer,monthly,ios
1624,2026-07-23 05:57:16,paid_search,monthly,ios
1625,2026-07-12 10:38:30,organic,monthly,android
1626,2026-03-10 17:45:56,influencer,monthly,web
1627,2026-07-20 17:16:25,organic,annual,web
1628,2026-06-22 12:55:44,referral,monthly,ios
1629,2026-05-31 18:02:50,organic,monthly,ios
1630,2026-05-25 21:53:11,organic,monthly,ios
1631,2026-06-06 01:33:53,influencer,monthly,android
1632,2026-04-21 23:54:05,organic,monthly,android
1633,2026-03-05 12:22:25,organic,monthly,ios
1634,2026-04-13 03:36:59,organic,monthly,ios
1635,2026-06-03 02:21:14,paid_search,monthly,android
1636,2026-05-07 07:46:30,paid_search,monthly,android
1637,2026-03-18 18:25:34,paid_search,monthly,android
1638,2026-05-26 07:02:57,paid_search,monthly,ios
1639,2026-08-04 23:49:50,paid_search,monthly,android
1640,2026-05-23 14:24:30,influencer,monthly,android
1641,2026-04-11 12:06:50,paid_search,monthly,web
1642,2026-06-02 15:00:06,influencer,annual,android
1643,2026-04-20 20:28:40,referral,annual,ios
1644,2026-05-26 22:41:29,organic,monthly,android
1645,2026-05-01 03:49:44,paid_search,monthly,web
1646,2026-03-13 02:40:03,paid_search,monthly,ios
1647,2026-05-08 22:01:37,influencer,monthly,ios
1648,2026-06-07 07:37:21,paid_search,monthly,ios
1649,2026-05-29 15:39:48,organic,monthly,web
1650,2026-08-07 11:23:22,referral,monthly,ios
1651,2026-07-31 20:18:37,organic,annual,android
1652,2026-07-16 06:32:55,influencer,monthly,ios
1653,2026-07-04 14:07:30,influencer,monthly,ios
1654,2026-08-20 09:46:29,paid_search,monthly,web
1655,2026-07-19 16:47:46,paid_search,monthly,android
1656,2026-05-06 14:04:34,organic,annual,android
1657,2026-05-05 07:05:12,organic,monthly,ios
1658,2026-05-25 16:56:15,paid_search,annual,ios
1659,2026-07-31 16:42:31,paid_search,monthly,ios
1660,2026-05-31 10:30:52,organic,monthly,android
1661,2026-03-20 13:28:29,organic,monthly,ios
1662,2026-07-15 20:54:40,influencer,annual,web
1663,2026-04-04 02:30:09,paid_search,monthly,android
1664,2026-04-14 01:56:16,paid_search,monthly,web
1665,2026-08-01 09:01:12,paid_search,annual,ios
1666,2026-07-24 05:47:32,referral,monthly,android
1667,2026-08-19 03:29:33,paid_search,monthly,ios
1668,2026-06-07 03:43:42,organic,monthly,android
1669,2026-06-30 17:37:02,organic,monthly,ios
1670,2026-07-03 04:10:24,organic,monthly,android
1671,2026-05-24 04:17:12,organic,monthly,android
1672,2026-03-01 10:21:40,paid_search,monthly,web
1673,2026-04-02 14:09:03,organic,monthly,ios
1674,2026-04-27 07:46:46,organic,monthly,android
1675,2026-08-06 01:57:36,organic,monthly,android
1676,2026-08-21 16:40:29,organic,monthly,web
1677,2026-06-04 22:02:43,organic,monthly,web
1678,2026-06-17 15:49:48,influencer,annual,android
1679,2026-06-02 22:24:13,influencer,monthly,ios
1680,2026-06-22 22:34:27,paid_search,monthly,android
1681,2026-07-25 00:07:34,paid_search,monthly,web
1682,2026-05-03 05:06:53,referral,monthly,android
1683,2026-07-12 03:00:37,referral,monthly,web
1684,2026-06-14 00:20:50,paid_search,monthly,android
1685,2026-04-01 10:12:15,organic,monthly,ios
1686,2026-07-10 12:14:00,paid_search,annual,ios
1687,2026-04-12 15:20:24,paid_search,annual,ios
1688,2026-08-24 06:43:40,organic,annual,ios
1689,2026-05-07 09:27:01,referral,annual,android
1690,2026-03-03 21:05:55,influencer,monthly,ios
1691,2026-04-14 09:51:44,influencer,monthly,ios
1692,2026-04-17 23:43:00,organic,annual,ios
1693,2026-06-14 14:13:58,organic,monthly,web
1694,2026-07-01 14:49:53,paid_search,monthly,android
1695,2026-03-02 03:53:02,paid_search,monthly,android
1696,2026-06-18 02:13:59,organic,monthly,ios
1697,2026-07-29 16:36:05,influencer,monthly,android
1698,2026-03-14 12:41:56,paid_search,monthly,web
1699,2026-05-01 21:35:15,paid_search,annual,ios
1700,2026-03-23 16:41:22,influencer,monthly,android
1701,2026-05-22 01:06:32,organic,monthly,ios
1702,2026-06-07 19:40:56,organic,annual,ios
1703,2026-04-08 07:04:22,paid_search,monthly,android
1704,2026-08-20 07:46:15,referral,monthly,web
1705,2026-06-05 12:21:09,referral,monthly,web
1706,2026-08-30 21:45:56,referral,annual,android
1707,2026-05-10 04:06:34,organic,monthly,android
1708,2026-07-12 05:58:29,paid_search,monthly,web
1709,2026-06-06 04:41:25,influencer,monthly,android
1710,2026-04-12 17:04:13,paid_search,annual,ios
1711,2026-07-08 22:58:11,organic,annual,web
1712,2026-06-12 23:59:25,influencer,monthly,android
1713,2026-05-23 07:11:45,paid_search,annual,android
1714,2026-08-12 14:33:05,referral,monthly,web
1715,2026-08-05 07:27:52,organic,monthly,ios
1716,2026-05-29 17:00:42,paid_search,monthly,android
1717,2026-04-28 23:56:21,influencer,monthly,android
1718,2026-08-02 11:33:19,influencer,monthly,ios
1719,2026-06-16 17:23:27,referral,monthly,android
1720,2026-05-05 18:14:17,paid_search,annual,ios
1721,2026-08-21 18:51:16,referral,annual,ios
1722,2026-03-27 20:44:35,paid_search,annual,ios
1723,2026-07-01 05:41:13,organic,annual,web
1724,2026-07-10 17:11:18,paid_search,monthly,web
1725,2026-04-07 23:29:45,paid_search,monthly,android
1726,2026-04-25 03:35:39,paid_search,monthly,android
1727,2026-05-13 05:51:09,organic,monthly,web
1728,2026-06-27 07:36:54,influencer,annual,android
1729,2026-07-14 14:50:49,organic,monthly,android
1730,2026-08-04 05:48:38,paid_search,monthly,android
1731,2026-04-12 13:31:15,organic,annual,android
1732,2026-05-15 07:34:58,referral,annual,android
1733,2026-07-17 20:01:15,influencer,monthly,ios
1734,2026-04-25 00:27:07,organic,annual,web
1735,2026-05-23 19:35:29,paid_search,annual,android
1736,2026-06-27 22:08:57,organic,monthly,ios
1737,2026-07-20 18:29:39,referral,monthly,web
1738,2026-03-01 03:19:49,paid_search,monthly,android
1739,2026-04-12 16:57:55,referral,monthly,android
1740,2026-07-03 03:57:46,paid_search,annual,web
1741,2026-06-26 06:29:33,paid_search,annual,android
1742,2026-03-08 09:39:03,paid_search,annual,web
1743,2026-08-23 06:40:08,paid_search,annual,ios
1744,2026-03-12 17:13:57,paid_search,monthly,ios
1745,2026-07-25 23:46:42,influencer,monthly,ios
1746,2026-07-24 01:04:24,referral,annual,web
1747,2026-04-26 07:22:04,influencer,annual,android
1748,2026-08-14 00:38:21,organic,monthly,ios
1749,2026-04-19 23:10:52,paid_search,monthly,web
1750,2026-06-08 18:55:26,organic,monthly,ios
1751,2026-03-18 08:25:52,referral,monthly,web
1752,2026-03-16 15:25:12,paid_search,monthly,ios
1753,2026-03-28 01:43:45,organic,monthly,android
1754,2026-04-12 00:07:30,organic,monthly,web
1755,2026-04-07 19:19:42,influencer,annual,web
1756,2026-08-09 17:20:33,referral,monthly,web
1757,2026-04-27 19:49:04,influencer,monthly,android
1758,2026-07-04 07:25:02,referral,monthly,android
1759,2026-06-30 02:29:49,organic,monthly,ios
1760,2026-03-20 14:20:00,paid_search,monthly,ios
1761,2026-06-16 04:43:35,paid_search,monthly,android
1762,2026-04-23 03:24:25,paid_search,annual,ios
1763,2026-06-09 14:40:44,paid_search,monthly,ios
1764,2026-05-31 13:06:03,paid_search,annual,web
1765,2026-08-21 19:30:30,influencer,annual,android
1766,2026-04-18 07:35:56,paid_search,monthly,ios
1767,2026-08-19 01:44:05,paid_search,monthly,ios
1768,2026-03-27 19:40:18,organic,annual,web
1769,2026-06-30 22:25:53,organic,monthly,android
1770,2026-06-15 14:35:52,paid_search,annual,web
1771,2026-07-06 11:25:20,paid_search,monthly,web
1772,2026-07-17 15:53:56,organic,monthly,ios
1773,2026-08-02 15:12:32,paid_search,annual,web
1774,2026-08-21 07:02:51,paid_search,monthly,ios
1775,2026-04-20 13:07:21,organic,monthly,android
1776,2026-03-11 05:51:03,influencer,monthly,android
1777,2026-05-29 16:24:35,referral,monthly,ios
1778,2026-08-27 17:32:54,organic,monthly,android
1779,2026-08-29 02:22:48,paid_search,monthly,ios
1780,2026-06-09 23:33:30,influencer,monthly,web
1781,2026-06-28 01:27:02,organic,monthly,android
1782,2026-03-24 22:08:13,influencer,monthly,web
1783,2026-07-27 02:31:41,organic,monthly,android
1784,2026-07-24 05:38:25,referral,annual,ios
1785,2026-05-13 17:08:59,paid_search,monthly,ios
1786,2026-05-29 22:15:05,influencer,annual,web
1787,2026-03-26 01:23:09,influencer,annual,android
1788,2026-03-19 17:42:18,referral,monthly,ios
1789,2026-08-03 23:00:59,organic,monthly,ios
1790,2026-08-27 20:31:33,paid_search,annual,ios
1791,2026-04-26 02:23:00,paid_search,monthly,ios
1792,2026-08-17 07:20:17,paid_search,monthly,ios
1793,2026-07-03 05:39:42,paid_search,monthly,ios
1794,2026-05-05 07:50:30,influencer,annual,ios
1795,2026-04-06 22:21:23,paid_search,monthly,android
1796,2026-05-22 08:30:35,paid_search,monthly,ios
1797,2026-08-14 22:30:04,paid_search,annual,android
1798,2026-08-28 17:48:55,referral,monthly,ios
1799,2026-06-07 19:03:51,referral,annual,ios
1800,2026-03-22 09:29:02,paid_search,monthly,web
1801,2026-07-07 09:30:41,referral,monthly,ios
1802,2026-04-07 05:31:57,referral,annual,ios
1803,2026-08-12 22:52:39,paid_search,annual,ios
1804,2026-08-12 23:32:01,influencer,monthly,ios
1805,2026-07-28 02:35:19,organic,monthly,android
1806,2026-08-05 03:23:49,organic,monthly,android
1807,2026-07-23 00:28:50,referral,monthly,ios
1808,2026-04-10 05:07:39,organic,monthly,web
1809,2026-03-26 01:12:38,paid_search,monthly,ios
1810,2026-04-22 00:20:39,influencer,annual,web
1811,2026-07-07 06:12:13,influencer,monthly,android
1812,2026-08-25 02:57:41,referral,annual,android
1813,2026-05-18 18:53:00,paid_search,monthly,ios
1814,2026-07-09 08:57:37,paid_search,monthly,web
1815,2026-04-20 17:02:23,influencer,annual,android
1816,2026-07-02 05:45:44,organic,annual,android
1817,2026-07-15 12:52:46,paid_search,annual,ios
1818,2026-03-03 12:43:46,paid_search,monthly,web
1819,2026-03-21 01:33:06,paid_search,monthly,android
1820,2026-07-24 08:19:13,referral,monthly,android
1821,2026-05-15 09:41:53,paid_search,monthly,android
1822,2026-04-04 09:06:10,paid_search,annual,android
1823,2026-04-05 12:02:54,organic,monthly,android
1824,2026-05-23 23:57:02,influencer,monthly,android
1825,2026-07-05 18:00:20,paid_search,monthly,android
1826,2026-07-31 10:02:24,organic,annual,android
1827,2026-05-27 23:04:26,paid_search,monthly,android
1828,2026-04-11 06:17:11,referral,monthly,android
1829,2026-07-25 14:05:52,organic,monthly,web
1830,2026-05-21 16:35:07,influencer,monthly,ios
1831,2026-07-09 07:48:30,paid_search,monthly,android
1832,2026-06-25 04:09:21,referral,annual,android
1833,2026-07-07 15:40:05,paid_search,monthly,ios
1834,2026-06-18 03:12:50,paid_search,monthly,web
1835,2026-08-16 04:06:08,organic,monthly,android
1836,2026-03-23 00:21:02,referral,monthly,ios
1837,2026-04-15 10:36:55,referral,monthly,android
1838,2026-05-29 23:50:48,referral,monthly,ios
1839,2026-07-21 02:05:49,referral,monthly,web
1840,2026-05-20 09:06:22,referral,monthly,android
1841,2026-03-23 05:58:10,referral,monthly,ios
1842,2026-05-17 07:44:52,paid_search,monthly,ios
1843,2026-06-22 12:02:54,organic,monthly,ios
1844,2026-08-06 20:28:11,paid_search,annual,android
1845,2026-07-26 16:52:49,paid_search,monthly,android
1846,2026-03-08 04:01:29,influencer,annual,ios
1847,2026-08-19 01:00:28,paid_search,monthly,web
1848,2026-07-28 06:06:19,organic,monthly,android
1849,2026-04-13 08:09:20,paid_search,monthly,ios
1850,2026-03-07 21:15:49,organic,monthly,ios
1851,2026-06-17 10:59:40,paid_search,monthly,android
1852,2026-07-09 12:03:01,organic,annual,ios
1853,2026-03-25 07:53:29,referral,monthly,web
1854,2026-05-17 17:45:11,organic,monthly,web
1855,2026-06-26 21:37:48,influencer,monthly,android
1856,2026-03-27 10:25:48,influencer,monthly,android
1857,2026-03-10 02:44:33,paid_search,annual,web
1858,2026-04-21 03:36:02,organic,monthly,web
1859,2026-08-22 06:47:57,organic,annual,android
1860,2026-05-20 05:46:18,paid_search,monthly,ios
1861,2026-07-16 03:40:47,referral,monthly,android
1862,2026-06-24 05:18:26,paid_search,annual,ios
1863,2026-04-26 00:50:27,paid_search,annual,ios
1864,2026-08-17 17:34:21,organic,annual,ios
1865,2026-03-29 07:59:52,paid_search,monthly,ios
1866,2026-05-25 00:22:03,organic,monthly,android
1867,2026-06-05 13:15:27,paid_search,monthly,android
1868,2026-08-30 07:20:51,organic,monthly,ios
1869,2026-08-02 21:17:54,influencer,monthly,ios
1870,2026-07-03 15:25:05,influencer,monthly,android
1871,2026-05-02 16:52:03,paid_search,monthly,android
1872,2026-03-24 11:20:03,referral,monthly,android
1873,2026-04-12 17:34:57,paid_search,annual,ios
1874,2026-08-29 11:35:03,paid_search,monthly,android
1875,2026-08-25 18:18:08,paid_search,monthly,android
1876,2026-04-03 06:00:21,paid_search,monthly,web
1877,2026-08-24 20:23:17,paid_search,monthly,web
1878,2026-07-26 23:25:55,influencer,monthly,android
1879,2026-06-24 03:00:14,influencer,monthly,web
1880,2026-04-08 10:42:10,referral,monthly,web
1881,2026-04-08 19:54:56,influencer,monthly,ios
1882,2026-08-22 12:22:44,referral,monthly,android
1883,2026-06-16 13:26:22,paid_search,monthly,ios
1884,2026-07-12 03:01:10,referral,monthly,android
1885,2026-07-14 01:53:52,influencer,annual,ios
1886,2026-07-20 16:08:59,referral,monthly,web
1887,2026-06-19 09:19:14,organic,monthly,android
1888,2026-08-24 15:58:44,paid_search,monthly,ios
1889,2026-04-01 11:11:53,organic,monthly,ios
1890,2026-06-17 17:59:23,organic,monthly,android
1891,2026-03-07 20:10:40,paid_search,monthly,ios
1892,2026-03-20 03:55:19,referral,monthly,web
1893,2026-04-30 08:27:03,referral,monthly,ios
1894,2026-06-13 15:04:30,paid_search,monthly,ios
1895,2026-05-30 04:52:21,referral,annual,android
1896,2026-08-09 08:26:05,paid_search,monthly,web
1897,2026-07-30 23:39:16,paid_search,monthly,web
1898,2026-08-18 17:54:56,organic,monthly,ios
1899,2026-03-29 16:00:09,influencer,monthly,web
1900,2026-08-04 19:54:08,organic,monthly,ios
1901,2026-06-26 05:42:29,paid_search,monthly,android
1902,2026-08-03 01:13:32,organic,annual,web
1903,2026-04-17 19:41:23,referral,monthly,ios
1904,2026-08-16 07:36:05,organic,monthly,ios
1905,2026-07-02 00:52:37,organic,monthly,android
1906,2026-03-01 01:21:27,paid_search,monthly,web
1907,2026-05-31 17:24:58,influencer,monthly,ios
1908,2026-07-31 12:13:46,influencer,monthly,web
1909,2026-06-14 21:41:53,organic,monthly,web
1910,2026-05-26 06:34:12,organic,monthly,android
1911,2026-05-11 02:39:10,influencer,monthly,android
1912,2026-06-24 20:06:44,paid_search,annual,android
1913,2026-04-22 11:07:50,organic,monthly,android
1914,2026-04-17 15:41:08,organic,monthly,ios
1915,2026-08-25 06:47:29,influencer,monthly,android
1916,2026-03-11 09:24:45,influencer,monthly,ios
1917,2026-08-30 23:14:18,paid_search,monthly,web
1918,2026-07-28 16:27:39,organic,monthly,ios
1919,2026-08-26 16:42:15,paid_search,monthly,ios
1920,2026-07-13 22:18:00,organic,annual,android
1921,2026-06-05 05:48:13,influencer,monthly,ios
1922,2026-07-25 01:43:29,influencer,monthly,ios
1923,2026-08-03 16:17:27,referral,annual,android
1924,2026-07-27 23:25:46,influencer,monthly,ios
1925,2026-04-15 03:03:41,paid_search,monthly,android
1926,2026-07-13 01:06:58,referral,monthly,android
1927,2026-08-31 22:32:29,influencer,monthly,android
1928,2026-08-30 07:24:46,referral,monthly,web
1929,2026-03-30 11:04:31,paid_search,monthly,web
1930,2026-04-07 11:00:29,paid_search,monthly,ios
1931,2026-06-20 02:26:27,referral,monthly,ios
1932,2026-05-25 01:28:19,paid_search,annual,ios
1933,2026-05-25 00:15:42,referral,monthly,ios
1934,2026-05-15 11:49:57,referral,monthly,android
1935,2026-05-11 23:41:54,referral,annual,ios
1936,2026-07-17 21:27:55,paid_search,monthly,web
1937,2026-08-30 09:14:46,paid_search,monthly,web
1938,2026-04-07 15:49:39,organic,monthly,android
1939,2026-08-15 14:12:59,paid_search,monthly,android
1940,2026-08-14 01:31:55,influencer,annual,android
1941,2026-07-12 22:13:13,referral,monthly,android
1942,2026-03-12 21:21:08,organic,annual,ios
1943,2026-04-15 05:32:05,influencer,monthly,android
1944,2026-06-03 13:04:32,organic,monthly,web
1945,2026-05-29 04:43:06,paid_search,monthly,ios
1946,2026-08-19 02:51:19,referral,monthly,android
1947,2026-08-21 11:35:54,referral,monthly,ios
1948,2026-06-25 14:22:19,paid_search,annual,web
1949,2026-06-17 07:23:40,paid_search,monthly,web
1950,2026-05-30 16:55:09,organic,annual,ios
1951,2026-08-08 21:46:05,influencer,monthly,web
1952,2026-08-03 15:40:13,paid_search,annual,ios
1953,2026-03-27 00:08:11,organic,annual,android
1954,2026-07-09 05:07:41,influencer,annual,ios
1955,2026-03-25 10:54:19,organic,monthly,ios
1956,2026-06-27 00:12:06,referral,monthly,ios
1957,2026-05-10 14:44:52,influencer,annual,web
1958,2026-06-18 20:57:52,referral,monthly,android
1959,2026-08-24 12:20:47,referral,annual,android
1960,2026-06-26 00:25:32,referral,annual,ios
1961,2026-04-18 13:50:12,paid_search,monthly,ios
1962,2026-06-15 15:05:03,influencer,monthly,android
1963,2026-04-11 06:53:15,referral,monthly,web
1964,2026-08-26 14:39:40,referral,monthly,web
1965,2026-03-18 20:24:03,organic,monthly,web
1966,2026-07-01 06:05:25,organic,annual,ios
1967,2026-06-10 07:17:18,organic,monthly,ios
1968,2026-04-07 06:39:15,paid_search,monthly,ios
1969,2026-05-27 06:05:54,paid_search,annual,ios
1970,2026-05-16 16:02:37,referral,monthly,ios
1971,2026-08-01 17:42:44,paid_search,monthly,ios
1972,2026-06-28 00:17:54,paid_search,monthly,android
1973,2026-06-23 09:49:47,influencer,monthly,ios
1974,2026-03-21 00:53:14,influencer,annual,ios
1975,2026-05-03 18:55:16,referral,monthly,ios
1976,2026-05-23 12:50:47,organic,monthly,ios
1977,2026-03-10 05:30:29,referral,annual,web
1978,2026-06-13 20:16:27,paid_search,monthly,android
1979,2026-06-18 02:11:07,organic,annual,web
1980,2026-08-05 07:36:55,referral,monthly,web
1981,2026-05-27 17:14:12,influencer,annual,ios
1982,2026-06-12 03:25:26,paid_search,monthly,android
1983,2026-07-15 14:08:39,paid_search,monthly,web
1984,2026-08-23 10:24:15,paid_search,monthly,android
1985,2026-07-11 07:40:48,referral,monthly,ios
1986,2026-04-04 19:58:34,influencer,monthly,ios
1987,2026-06-11 16:52:28,referral,annual,ios
1988,2026-08-01 09:07:46,referral,monthly,ios
1989,2026-06-07 07:40:57,organic,monthly,web
1990,2026-05-22 08:39:43,paid_search,monthly,android
1991,2026-06-01 15:57:03,organic,monthly,web
1992,2026-08-27 16:38:27,organic,annual,ios
1993,2026-05-09 03:49:08,organic,annual,ios
1994,2026-06-06 18:21:32,paid_search,annual,android
1995,2026-03-29 19:31:43,organic,monthly,ios
1996,2026-03-20 06:28:39,organic,monthly,web
1997,2026-03-18 07:35:20,organic,monthly,android
1998,2026-03-10 19:36:56,organic,annual,web
1999,2026-04-16 17:50:55,influencer,annual,android
2000,2026-05-03 00:40:58,paid_search,monthly,ios
2001,2026-05-19 00:24:47,paid_search,monthly,web
2002,2026-08-31 21:11:25,referral,monthly,ios
2003,2026-07-21 14:31:04,organic,monthly,ios
2004,2026-03-19 07:58:00,paid_search,monthly,web
2005,2026-06-06 15:00:37,organic,monthly,android
2006,2026-06-03 17:26:35,influencer,monthly,web
2007,2026-06-18 01:13:38,referral,monthly,ios
2008,2026-07-04 08:05:34,influencer,annual,ios
2009,2026-06-03 14:48:19,referral,monthly,android
2010,2026-07-02 18:42:15,organic,monthly,android
2011,2026-03-13 14:48:24,paid_search,monthly,android
2012,2026-06-02 01:56:59,referral,monthly,ios
2013,2026-06-10 03:53:44,referral,monthly,ios
2014,2026-04-27 22:16:40,paid_search,annual,android
2015,2026-07-21 11:56:00,paid_search,annual,ios
2016,2026-06-24 17:23:16,referral,monthly,android
2017,2026-04-04 19:55:38,referral,annual,android
2018,2026-04-24 12:09:30,referral,monthly,web
2019,2026-07-18 19:21:14,paid_search,monthly,web
2020,2026-04-04 03:08:58,paid_search,monthly,web
2021,2026-08-24 03:12:17,paid_search,monthly,ios
2022,2026-05-15 12:17:42,organic,monthly,android
2023,2026-06-16 07:14:37,organic,monthly,web
2024,2026-05-19 21:14:28,organic,annual,ios
2025,2026-03-20 21:27:40,paid_search,monthly,ios
2026,2026-06-12 00:42:04,paid_search,annual,web
2027,2026-03-07 12:57:32,referral,monthly,ios
2028,2026-05-05 00:59:34,referral,monthly,ios
2029,2026-06-23 19:36:36,paid_search,monthly,android
2030,2026-06-23 15:11:36,influencer,monthly,ios
2031,2026-06-24 20:26:13,referral,annual,web
2032,2026-08-01 21:27:46,organic,monthly,android
2033,2026-04-05 08:25:24,organic,annual,ios
2034,2026-08-16 07:28:24,referral,annual,android
2035,2026-05-30 09:10:24,referral,monthly,android
2036,2026-08-02 00:56:12,organic,monthly,ios
2037,2026-04-07 18:04:06,referral,monthly,ios
2038,2026-08-29 12:28:00,organic,monthly,android
2039,2026-08-03 23:06:06,influencer,monthly,ios
2040,2026-08-05 10:34:51,organic,monthly,ios
2041,2026-07-14 23:26:01,paid_search,annual,web
2042,2026-06-12 08:11:45,paid_search,annual,web
2043,2026-08-22 20:40:04,paid_search,monthly,android
2044,2026-07-19 11:02:05,referral,monthly,web
2045,2026-06-23 02:52:48,referral,monthly,ios
2046,2026-08-01 18:23:54,paid_search,monthly,android
2047,2026-08-21 03:43:42,referral,monthly,android
2048,2026-06-17 04:34:57,referral,annual,android
2049,2026-07-22 09:43:11,paid_search,monthly,ios
2050,2026-06-21 17:09:53,organic,annual,android
2051,2026-07-19 07:25:48,organic,annual,web
2052,2026-05-09 00:24:22,influencer,monthly,ios
2053,2026-08-22 08:12:26,referral,annual,web
2054,2026-07-28 04:46:59,paid_search,monthly,ios
2055,2026-04-07 13:30:54,paid_search,monthly,ios
2056,2026-07-08 00:32:13,paid_search,annual,web
2057,2026-07-28 17:27:09,referral,monthly,web
2058,2026-07-21 06:03:46,organic,monthly,ios
2059,2026-06-22 03:46:03,paid_search,annual,web
2060,2026-05-18 18:31:27,paid_search,monthly,android
2061,2026-05-09 20:25:13,paid_search,annual,web
2062,2026-07-16 03:12:54,influencer,monthly,android
2063,2026-03-11 21:49:18,influencer,monthly,android
2064,2026-08-22 04:22:51,paid_search,monthly,android
2065,2026-07-25 23:17:52,paid_search,monthly,ios
2066,2026-08-26 16:15:08,paid_search,monthly,android
2067,2026-08-10 02:26:31,organic,monthly,ios
2068,2026-08-31 15:44:52,organic,monthly,ios
2069,2026-06-03 13:03:45,referral,monthly,android
2070,2026-08-06 02:58:30,paid_search,monthly,android
2071,2026-04-28 19:37:31,influencer,monthly,android
2072,2026-04-08 22:29:08,paid_search,monthly,ios
2073,2026-08-16 22:03:03,referral,monthly,ios
2074,2026-04-30 07:11:06,paid_search,monthly,ios
2075,2026-03-24 08:15:26,paid_search,monthly,web
2076,2026-07-24 21:25:14,influencer,monthly,ios
2077,2026-08-26 18:18:31,paid_search,monthly,android
2078,2026-04-02 13:02:11,influencer,monthly,android
2079,2026-08-19 04:36:33,influencer,monthly,ios
2080,2026-08-23 16:09:32,paid_search,monthly,web
2081,2026-08-23 03:31:27,influencer,monthly,ios
2082,2026-05-31 03:43:16,paid_search,annual,android
2083,2026-05-27 02:19:48,paid_search,annual,ios
2084,2026-08-31 09:48:30,organic,monthly,android
2085,2026-06-11 03:00:06,paid_search,monthly,ios
2086,2026-08-08 12:16:05,organic,monthly,android
2087,2026-07-18 15:37:51,referral,annual,android
2088,2026-08-19 23:26:20,organic,annual,ios
2089,2026-05-12 12:48:43,organic,monthly,ios
2090,2026-07-30 02:45:28,referral,annual,ios
2091,2026-04-08 03:35:53,organic,monthly,android
2092,2026-07-18 15:02:54,influencer,monthly,web
2093,2026-07-25 04:30:06,organic,annual,android
2094,2026-03-16 14:53:46,influencer,monthly,android
2095,2026-05-14 10:45:02,organic,annual,android
2096,2026-08-20 20:17:33,paid_search,annual,android
2097,2026-06-11 14:35:51,influencer,monthly,ios
2098,2026-07-07 06:19:39,organic,monthly,ios
2099,2026-03-30 01:09:51,paid_search,monthly,ios
2100,2026-05-01 06:12:28,paid_search,monthly,ios
2101,2026-07-20 05:54:30,referral,annual,android
2102,2026-07-01 11:00:28,referral,monthly,ios
2103,2026-08-12 02:09:30,referral,monthly,android
2104,2026-03-17 06:31:55,referral,monthly,web
2105,2026-06-25 05:15:52,referral,annual,android
2106,2026-08-17 01:26:01,organic,monthly,android
2107,2026-07-09 19:10:15,paid_search,monthly,android
2108,2026-06-07 02:45:13,referral,monthly,ios
2109,2026-06-27 00:11:59,organic,monthly,ios
2110,2026-04-28 02:23:52,organic,monthly,web
2111,2026-08-15 06:18:59,paid_search,monthly,ios
2112,2026-05-30 07:55:42,referral,monthly,android
2113,2026-08-25 19:03:44,organic,monthly,web
2114,2026-08-20 11:07:56,paid_search,monthly,ios
2115,2026-08-27 01:21:00,organic,monthly,android
2116,2026-05-22 02:46:47,influencer,annual,ios
2117,2026-05-01 06:50:08,referral,monthly,ios
2118,2026-06-14 12:17:38,organic,monthly,android
2119,2026-08-31 08:36:32,influencer,annual,android
2120,2026-07-29 09:33:32,organic,annual,android
2121,2026-08-28 22:20:34,influencer,monthly,android
2122,2026-04-26 08:40:12,organic,monthly,ios
2123,2026-05-24 06:25:33,organic,monthly,android
2124,2026-06-29 17:16:51,referral,monthly,android
2125,2026-08-19 11:34:41,referral,monthly,ios
2126,2026-05-08 11:35:19,influencer,monthly,web
2127,2026-08-09 11:53:22,paid_search,annual,ios
2128,2026-08-30 09:51:56,referral,monthly,web
2129,2026-06-01 19:40:19,organic,monthly,android
2130,2026-07-09 01:10:38,organic,monthly,ios
2131,2026-08-20 15:42:25,paid_search,annual,web
2132,2026-06-21 06:44:51,paid_search,monthly,android
2133,2026-03-26 03:19:04,paid_search,monthly,web
2134,2026-04-19 10:46:45,paid_search,annual,ios
2135,2026-03-25 06:10:06,paid_search,monthly,ios
2136,2026-05-17 00:36:30,paid_search,monthly,web
2137,2026-03-11 14:09:06,paid_search,monthly,android
2138,2026-05-24 15:44:43,paid_search,annual,web
2139,2026-08-03 14:15:00,referral,monthly,android
2140,2026-06-24 14:22:50,influencer,monthly,ios
2141,2026-07-20 00:58:30,paid_search,monthly,web
2142,2026-05-21 21:12:20,organic,monthly,android
2143,2026-04-10 13:21:18,paid_search,monthly,android
2144,2026-08-11 22:50:36,organic,monthly,ios
2145,2026-04-18 10:23:21,organic,monthly,web
2146,2026-05-31 18:22:33,referral,monthly,web
2147,2026-05-14 08:38:00,referral,monthly,web
2148,2026-08-28 00:35:12,influencer,monthly,web
2149,2026-03-26 05:32:06,organic,monthly,android
2150,2026-06-12 09:43:41,referral,monthly,ios
2151,2026-08-21 20:20:38,paid_search,monthly,android
2152,2026-05-12 12:17:02,organic,monthly,ios
2153,2026-05-05 21:53:13,paid_search,annual,web
2154,2026-08-18 01:58:11,organic,monthly,web
2155,2026-04-12 07:16:52,paid_search,annual,web
2156,2026-03-05 03:50:36,organic,monthly,android
2157,2026-06-24 04:23:46,paid_search,annual,ios
2158,2026-04-28 07:32:32,paid_search,monthly,ios
2159,2026-05-15 21:57:25,paid_search,monthly,android
2160,2026-03-01 04:09:14,paid_search,monthly,web
2161,2026-08-19 22:08:53,paid_search,monthly,web
2162,2026-07-12 13:35:07,paid_search,annual,web
2163,2026-04-30 13:23:41,paid_search,monthly,ios
2164,2026-05-29 04:15:56,organic,annual,android
2165,2026-08-22 19:57:27,paid_search,monthly,ios
2166,2026-03-12 16:22:47,organic,annual,android
2167,2026-08-25 19:38:44,organic,monthly,android
2168,2026-07-31 13:20:10,paid_search,monthly,web
2169,2026-07-29 03:53:02,referral,monthly,ios
2170,2026-05-16 10:49:44,organic,monthly,ios
2171,2026-08-13 08:46:33,paid_search,annual,android
2172,2026-07-10 21:17:02,referral,monthly,ios
2173,2026-05-29 13:58:36,paid_search,monthly,ios
2174,2026-07-16 05:34:51,organic,monthly,android
2175,2026-04-16 16:33:25,organic,monthly,android
2176,2026-06-26 14:14:04,paid_search,monthly,ios
2177,2026-08-30 12:22:08,paid_search,monthly,ios
2178,2026-05-17 12:59:52,paid_search,monthly,ios
2179,2026-03-02 12:03:13,referral,monthly,android
2180,2026-08-11 08:19:17,paid_search,monthly,android
2181,2026-03-23 03:46:19,organic,annual,ios
2182,2026-04-21 10:03:40,paid_search,monthly,web
2183,2026-03-04 23:15:54,organic,annual,web
2184,2026-06-07 17:35:01,paid_search,monthly,android
2185,2026-07-23 02:55:33,referral,monthly,ios
2186,2026-03-22 10:06:35,paid_search,annual,android
2187,2026-06-07 23:56:28,referral,monthly,android
2188,2026-06-10 04:24:47,organic,monthly,web
2189,2026-05-27 08:24:52,organic,monthly,ios
2190,2026-08-30 22:32:25,organic,annual,web
2191,2026-04-09 18:05:46,influencer,monthly,ios
2192,2026-04-30 12:19:31,organic,monthly,ios
2193,2026-08-30 12:52:31,influencer,monthly,ios
2194,2026-04-01 08:47:33,influencer,annual,ios
2195,2026-08-03 16:08:06,organic,monthly,android
2196,2026-08-05 07:36:08,paid_search,annual,ios
2197,2026-07-14 11:11:51,influencer,annual,android
2198,2026-07-16 03:01:17,organic,monthly,ios
2199,2026-07-21 11:40:19,referral,monthly,ios
2200,2026-08-23 01:47:43,organic,monthly,android
2201,2026-05-17 12:31:07,organic,monthly,ios
2202,2026-07-17 15:40:59,paid_search,annual,ios
2203,2026-06-26 12:08:37,paid_search,annual,web
2204,2026-05-01 19:59:17,referral,monthly,web
2205,2026-05-06 07:10:43,paid_search,monthly,web
2206,2026-05-30 13:37:25,paid_search,monthly,android
2207,2026-05-21 18:44:50,organic,monthly,web
2208,2026-08-01 10:02:05,referral,annual,ios
2209,2026-06-12 15:24:28,paid_search,annual,android
2210,2026-07-21 15:07:58,paid_search,monthly,ios
2211,2026-07-20 19:23:24,paid_search,monthly,web
2212,2026-07-02 09:48:17,influencer,annual,android
2213,2026-05-01 10:47:35,paid_search,annual,android
2214,2026-07-17 22:40:24,organic,monthly,web
2215,2026-07-12 04:45:11,referral,monthly,android
2216,2026-03-20 01:34:43,influencer,annual,android
2217,2026-07-25 20:45:31,referral,annual,web
2218,2026-06-25 08:25:07,organic,annual,android
2219,2026-03-31 07:47:50,referral,annual,android
2220,2026-03-19 07:10:45,organic,monthly,web
2221,2026-08-25 02:45:21,paid_search,monthly,web
2222,2026-04-21 14:55:49,organic,monthly,ios
2223,2026-04-04 21:00:42,referral,monthly,ios
2224,2026-03-14 10:45:02,organic,monthly,web
2225,2026-04-29 07:20:08,paid_search,annual,android
2226,2026-05-17 21:54:52,organic,monthly,android
2227,2026-05-22 01:22:02,paid_search,monthly,android
2228,2026-08-15 09:46:26,organic,monthly,android
2229,2026-05-09 17:01:42,organic,annual,web
2230,2026-07-21 21:50:08,organic,monthly,ios
2231,2026-06-17 14:07:32,organic,annual,web
2232,2026-04-30 09:20:36,referral,monthly,ios
2233,2026-08-02 10:56:07,referral,monthly,android
2234,2026-03-30 06:56:18,referral,monthly,ios
2235,2026-08-11 15:49:28,influencer,monthly,android
2236,2026-06-26 08:25:50,organic,monthly,ios
2237,2026-04-26 19:43:40,organic,monthly,ios
2238,2026-08-23 05:33:00,influencer,monthly,web
2239,2026-07-14 11:12:05,referral,monthly,ios
2240,2026-05-16 06:50:29,organic,annual,ios
2241,2026-08-24 15:26:30,referral,monthly,web
2242,2026-04-25 20:02:18,influencer,monthly,android
2243,2026-06-08 08:08:44,referral,monthly,android
2244,2026-03-28 22:49:58,influencer,monthly,ios
2245,2026-08-30 03:27:14,organic,monthly,ios
2246,2026-07-08 09:16:39,paid_search,monthly,web
2247,2026-07-15 09:12:09,organic,monthly,ios
2248,2026-04-02 18:09:11,paid_search,annual,android
2249,2026-08-13 06:39:19,paid_search,monthly,android
2250,2026-06-07 15:04:16,paid_search,monthly,web
2251,2026-07-04 23:30:08,organic,monthly,web
2252,2026-05-22 07:24:12,influencer,annual,ios
2253,2026-03-23 11:14:39,paid_search,monthly,web
2254,2026-08-31 03:30:45,referral,monthly,web
2255,2026-06-23 14:38:03,referral,monthly,ios
2256,2026-08-21 07:08:43,influencer,annual,ios
2257,2026-03-11 07:39:14,paid_search,monthly,ios
2258,2026-05-26 20:49:17,influencer,monthly,android
2259,2026-07-30 10:46:45,paid_search,monthly,android
2260,2026-05-24 21:21:28,paid_search,monthly,android
2261,2026-03-20 16:33:18,referral,annual,ios
2262,2026-05-29 15:43:11,organic,monthly,ios
2263,2026-08-21 01:17:33,paid_search,monthly,web
2264,2026-08-20 13:12:40,influencer,monthly,ios
2265,2026-08-17 22:58:30,paid_search,annual,ios
2266,2026-08-29 01:24:54,organic,monthly,web
2267,2026-08-14 11:10:39,referral,monthly,android
2268,2026-06-10 05:02:17,referral,monthly,ios
2269,2026-03-23 23:57:18,organic,monthly,android
2270,2026-06-19 05:58:49,referral,monthly,android
2271,2026-04-01 12:20:29,paid_search,monthly,ios
2272,2026-07-01 13:08:54,paid_search,annual,android
2273,2026-05-11 22:03:03,paid_search,annual,ios
2274,2026-03-26 02:57:28,referral,annual,android
2275,2026-04-26 06:26:58,organic,monthly,android
2276,2026-04-14 23:38:08,referral,monthly,ios
2277,2026-08-08 01:36:33,paid_search,monthly,ios
2278,2026-06-22 02:33:49,referral,annual,web
2279,2026-05-19 10:11:33,organic,monthly,ios
2280,2026-08-15 23:56:43,referral,monthly,ios
2281,2026-08-24 11:26:47,influencer,monthly,web
2282,2026-03-13 14:52:54,paid_search,monthly,ios
2283,2026-05-11 16:34:19,referral,monthly,android
2284,2026-05-03 01:21:32,referral,annual,web
2285,2026-06-07 00:59:28,influencer,monthly,android
2286,2026-07-21 09:26:37,paid_search,annual,ios
2287,2026-05-31 05:21:53,paid_search,annual,android
2288,2026-07-03 10:21:25,organic,monthly,ios
2289,2026-06-01 20:54:01,referral,annual,android
2290,2026-06-19 10:51:57,paid_search,monthly,ios
2291,2026-06-16 05:17:38,referral,annual,ios
2292,2026-05-18 15:22:00,organic,monthly,web
2293,2026-05-07 05:10:55,paid_search,annual,ios
2294,2026-08-20 05:15:41,influencer,monthly,android
2295,2026-03-18 12:57:52,organic,monthly,ios
2296,2026-04-15 10:56:38,referral,monthly,web
2297,2026-07-08 15:26:51,influencer,annual,android
2298,2026-04-06 18:59:13,organic,annual,ios
2299,2026-06-29 14:11:28,organic,monthly,web
2300,2026-04-20 09:59:37,organic,monthly,ios
2301,2026-08-27 19:00:34,paid_search,monthly,ios
2302,2026-07-11 03:00:26,paid_search,monthly,web
2303,2026-05-23 17:59:11,referral,annual,ios
2304,2026-03-27 08:45:34,influencer,monthly,android
2305,2026-05-19 00:37:53,referral,monthly,web
2306,2026-05-27 09:45:40,influencer,monthly,android
2307,2026-07-26 17:26:23,paid_search,monthly,android
2308,2026-06-07 21:10:25,organic,annual,web
2309,2026-04-05 16:28:23,referral,annual,android
2310,2026-07-25 05:22:05,influencer,annual,ios
2311,2026-08-19 06:11:20,referral,monthly,android
2312,2026-06-22 10:00:30,paid_search,monthly,android
2313,2026-08-10 13:15:58,organic,monthly,web
2314,2026-07-29 01:29:10,paid_search,annual,android
2315,2026-05-25 22:46:05,paid_search,annual,ios
2316,2026-08-14 23:14:56,organic,annual,android
2317,2026-06-07 20:55:42,referral,monthly,android
2318,2026-04-10 17:10:51,organic,annual,android
2319,2026-04-23 21:05:04,organic,monthly,android
2320,2026-07-10 17:14:26,referral,monthly,ios
2321,2026-07-22 18:21:40,paid_search,annual,android
2322,2026-07-08 19:01:12,organic,monthly,web
2323,2026-08-04 07:08:03,organic,monthly,ios
2324,2026-06-24 15:42:16,referral,annual,web
2325,2026-06-12 10:02:00,organic,monthly,ios
2326,2026-08-05 20:47:36,referral,monthly,android
2327,2026-04-26 22:00:40,referral,annual,web
2328,2026-05-04 21:31:01,referral,monthly,web
2329,2026-03-05 04:37:27,organic,monthly,android
2330,2026-03-13 11:11:11,paid_search,monthly,ios
2331,2026-06-24 01:36:24,organic,monthly,android
2332,2026-03-05 21:09:49,influencer,annual,ios
2333,2026-08-12 07:42:22,paid_search,monthly,web
2334,2026-06-15 04:17:42,paid_search,annual,web
2335,2026-06-14 17:30:13,paid_search,monthly,android
2336,2026-03-15 10:02:11,organic,monthly,ios
2337,2026-04-27 23:37:03,paid_search,monthly,android
2338,2026-08-21 06:50:26,organic,monthly,ios
2339,2026-05-28 15:28:04,paid_search,monthly,ios
2340,2026-06-17 10:05:28,paid_search,monthly,web
2341,2026-03-12 12:43:48,paid_search,annual,android
2342,2026-06-08 13:52:58,influencer,monthly,ios
2343,2026-08-12 03:10:12,referral,annual,ios
2344,2026-04-20 06:50:55,influencer,monthly,android
2345,2026-03-20 01:11:15,influencer,monthly,android
2346,2026-05-19 03:06:27,paid_search,monthly,ios
2347,2026-05-14 01:23:56,paid_search,annual,android
2348,2026-07-30 18:40:05,organic,monthly,ios
2349,2026-08-26 19:47:06,organic,monthly,ios
2350,2026-05-02 17:41:35,paid_search,monthly,web
2351,2026-08-10 16:56:34,referral,monthly,ios
2352,2026-04-12 09:25:34,paid_search,annual,ios
2353,2026-08-29 23:31:16,organic,monthly,android
2354,2026-07-17 12:55:38,paid_search,monthly,ios
2355,2026-04-05 15:14:28,organic,monthly,ios
2356,2026-05-09 04:02:04,organic,monthly,android
2357,2026-04-24 03:47:19,organic,monthly,android
2358,2026-08-30 12:32:28,influencer,monthly,web
2359,2026-06-10 06:17:50,paid_search,annual,android
2360,2026-08-23 09:41:41,influencer,annual,ios
2361,2026-05-27 02:25:30,influencer,annual,android
2362,2026-05-09 16:03:39,organic,annual,android
2363,2026-07-02 13:21:56,paid_search,monthly,android
2364,2026-08-20 12:37:35,influencer,monthly,android
2365,2026-05-05 07:58:03,organic,monthly,web
2366,2026-05-07 23:10:23,influencer,annual,ios
2367,2026-07-10 21:21:36,organic,annual,ios
2368,2026-07-24 21:43:44,influencer,monthly,ios
2369,2026-03-06 01:00:41,referral,annual,android
2370,2026-07-10 21:37:25,influencer,monthly,web
2371,2026-04-04 16:31:58,organic,annual,web
2372,2026-06-12 17:39:48,referral,monthly,web
2373,2026-05-05 07:42:02,paid_search,monthly,ios
2374,2026-08-18 09:18:39,paid_search,monthly,ios
2375,2026-03-26 20:29:30,referral,monthly,web
2376,2026-07-12 02:51:14,influencer,monthly,ios
2377,2026-07-06 17:30:27,paid_search,monthly,web
2378,2026-03-01 06:42:51,influencer,monthly,ios
2379,2026-07-08 13:04:24,influencer,monthly,ios
2380,2026-08-22 07:49:09,paid_search,monthly,ios
2381,2026-08-20 10:34:22,referral,monthly,android
2382,2026-08-09 03:23:41,influencer,monthly,ios
2383,2026-03-26 00:36:17,paid_search,annual,ios
2384,2026-05-19 23:40:01,paid_search,monthly,ios
2385,2026-08-03 08:07:07,paid_search,monthly,ios
2386,2026-06-04 00:03:47,organic,annual,android
2387,2026-04-10 11:40:49,organic,monthly,android
2388,2026-04-15 18:11:15,influencer,monthly,ios
2389,2026-08-06 10:03:37,referral,monthly,ios
2390,2026-06-01 07:46:27,paid_search,monthly,ios
2391,2026-05-14 21:12:40,influencer,annual,web
2392,2026-05-02 21:28:24,referral,monthly,ios
2393,2026-08-28 01:38:28,referral,monthly,android
2394,2026-06-06 16:25:40,paid_search,monthly,web
2395,2026-04-22 17:21:27,influencer,monthly,android
2396,2026-06-08 06:06:18,paid_search,monthly,android
2397,2026-07-05 06:05:46,paid_search,monthly,ios
2398,2026-07-09 03:21:40,influencer,monthly,ios
2399,2026-03-11 17:14:41,organic,monthly,android
2400,2026-08-07 00:43:13,paid_search,annual,web
2401,2026-04-07 01:56:04,paid_search,annual,android
2402,2026-08-31 18:25:45,influencer,annual,ios
2403,2026-07-08 14:34:24,organic,monthly,ios
2404,2026-03-15 13:45:34,influencer,monthly,ios
2405,2026-07-11 05:51:45,influencer,monthly,web
2406,2026-06-17 23:02:48,influencer,monthly,ios
2407,2026-04-13 03:34:42,organic,annual,web
2408,2026-04-06 15:33:26,organic,monthly,ios
2409,2026-03-11 14:28:24,referral,monthly,android
2410,2026-07-07 09:14:53,organic,monthly,ios
2411,2026-08-27 03:54:24,organic,monthly,web
2412,2026-06-25 17:36:47,paid_search,monthly,web
2413,2026-07-03 21:36:44,paid_search,annual,ios
2414,2026-04-26 06:32:47,paid_search,annual,android
2415,2026-06-12 08:49:01,influencer,annual,ios
2416,2026-06-09 10:16:03,influencer,monthly,web
2417,2026-07-28 17:41:25,organic,annual,android
2418,2026-05-31 04:12:31,referral,annual,web
2419,2026-06-22 16:34:17,paid_search,monthly,ios
2420,2026-05-15 07:05:51,referral,annual,android
2421,2026-04-21 10:38:44,referral,monthly,ios
2422,2026-06-26 17:27:00,paid_search,annual,android
2423,2026-05-06 09:54:51,organic,monthly,ios
2424,2026-03-23 20:58:55,organic,monthly,ios
2425,2026-04-03 05:53:45,influencer,monthly,web
2426,2026-03-02 19:54:26,paid_search,annual,ios
2427,2026-05-08 18:32:26,organic,monthly,android
2428,2026-07-15 13:49:11,paid_search,annual,ios
2429,2026-08-10 12:21:16,organic,annual,ios
2430,2026-06-15 09:41:29,referral,monthly,android
2431,2026-04-19 02:10:57,organic,monthly,android
2432,2026-03-08 16:59:16,organic,annual,ios
2433,2026-08-04 12:09:06,paid_search,monthly,ios
2434,2026-04-27 07:48:01,influencer,annual,web
2435,2026-04-11 14:42:23,organic,monthly,ios
2436,2026-05-09 23:57:20,paid_search,annual,web
2437,2026-03-05 14:38:47,referral,annual,ios
2438,2026-06-18 14:31:24,organic,monthly,android
2439,2026-08-06 13:59:24,organic,annual,android
2440,2026-05-16 03:13:06,paid_search,monthly,web
2441,2026-03-22 02:48:06,organic,annual,android
2442,2026-07-21 19:40:55,paid_search,monthly,android
2443,2026-03-18 07:23:48,paid_search,monthly,ios
2444,2026-03-28 05:30:26,paid_search,monthly,web
2445,2026-05-03 16:43:26,organic,monthly,web
2446,2026-06-06 12:27:28,organic,monthly,ios
2447,2026-05-24 00:52:45,organic,monthly,web
2448,2026-04-27 12:37:00,paid_search,monthly,android
2449,2026-04-27 07:09:48,paid_search,monthly,ios
2450,2026-04-10 23:23:32,referral,monthly,android
2451,2026-06-11 16:17:32,paid_search,monthly,android
2452,2026-05-25 13:51:45,paid_search,monthly,android
2453,2026-08-12 07:23:53,organic,monthly,android
2454,2026-04-28 19:19:28,referral,monthly,ios
2455,2026-08-30 17:41:41,referral,monthly,ios
2456,2026-04-20 23:36:05,organic,annual,android
2457,2026-05-26 15:34:37,referral,monthly,web
2458,2026-05-22 11:10:41,paid_search,annual,android
2459,2026-05-06 13:59:45,paid_search,monthly,ios
2460,2026-05-14 07:00:21,organic,annual,android
2461,2026-08-16 02:27:40,organic,monthly,android
2462,2026-03-26 09:50:36,organic,annual,web
2463,2026-03-25 13:49:11,organic,monthly,ios
2464,2026-03-27 13:29:53,referral,monthly,ios
2465,2026-04-05 14:22:23,paid_search,annual,ios
2466,2026-03-06 09:27:01,paid_search,monthly,ios
2467,2026-05-29 07:36:24,paid_search,annual,android
2468,2026-08-03 15:54:40,paid_search,monthly,ios
2469,2026-08-06 23:44:18,paid_search,annual,android
2470,2026-08-16 06:05:06,influencer,annual,ios
2471,2026-03-18 12:14:46,influencer,monthly,ios
2472,2026-07-29 15:58:40,referral,monthly,android
2473,2026-05-26 00:22:19,organic,annual,ios
2474,2026-03-09 18:11:12,referral,monthly,android
2475,2026-08-27 20:02:21,paid_search,annual,ios
2476,2026-04-04 23:44:11,referral,monthly,android
2477,2026-07-04 07:57:30,influencer,monthly,ios
2478,2026-06-01 20:13:55,referral,annual,ios
2479,2026-08-26 15:51:45,paid_search,monthly,android
2480,2026-07-18 04:15:57,referral,annual,web
2481,2026-07-18 19:49:12,paid_search,monthly,ios
2482,2026-07-08 14:33:20,organic,monthly,android
2483,2026-05-09 21:30:09,organic,monthly,ios
2484,2026-06-18 04:21:11,organic,annual,web
2485,2026-08-01 09:01:37,organic,monthly,web
2486,2026-06-04 13:32:45,organic,annual,ios
2487,2026-07-13 12:52:17,organic,monthly,ios
2488,2026-05-30 14:44:06,organic,monthly,ios
2489,2026-06-06 10:29:17,paid_search,monthly,android
2490,2026-04-10 10:34:56,paid_search,monthly,ios
2491,2026-06-01 13:51:02,referral,annual,android
2492,2026-08-28 13:20:39,organic,monthly,web
2493,2026-03-20 14:42:42,paid_search,monthly,web
2494,2026-05-07 19:37:57,organic,monthly,ios
2495,2026-06-03 22:06:48,paid_search,monthly,web
2496,2026-03-19 21:08:28,organic,monthly,ios
2497,2026-07-16 01:46:05,organic,monthly,ios
2498,2026-04-29 23:53:19,organic,annual,android
2499,2026-06-10 20:29:03,organic,monthly,android
2500,2026-03-30 13:57:09,organic,annual,ios
2501,2026-06-07 19:07:25,referral,monthly,android
2502,2026-06-13 06:10:59,organic,monthly,ios
2503,2026-05-09 05:19:15,referral,monthly,android
2504,2026-07-05 06:15:07,referral,monthly,android
2505,2026-05-31 14:24:58,paid_search,annual,android
2506,2026-08-13 16:49:38,paid_search,annual,ios
2507,2026-08-28 17:44:51,organic,monthly,android
2508,2026-08-15 06:11:42,organic,monthly,ios
2509,2026-06-01 05:20:50,paid_search,annual,ios
2510,2026-08-01 03:49:31,organic,monthly,android
2511,2026-08-18 09:14:49,referral,monthly,web
2512,2026-06-25 12:34:55,referral,monthly,android
2513,2026-07-09 01:49:02,paid_search,monthly,android
2514,2026-05-04 10:17:37,organic,monthly,ios
2515,2026-04-30 12:14:26,influencer,monthly,android
2516,2026-07-07 05:29:31,influencer,annual,web
2517,2026-07-09 01:37:17,organic,monthly,ios
2518,2026-06-28 04:09:51,referral,monthly,web
2519,2026-08-03 10:21:58,referral,monthly,android
2520,2026-05-16 15:43:11,influencer,monthly,ios
2521,2026-07-11 03:32:50,referral,annual,ios
2522,2026-05-25 00:29:25,paid_search,annual,ios
2523,2026-04-12 09:00:29,paid_search,monthly,android
2524,2026-07-18 10:30:55,influencer,monthly,web
2525,2026-05-15 00:20:01,referral,annual,ios
2526,2026-06-20 05:16:18,referral,monthly,web
2527,2026-08-12 09:11:26,paid_search,monthly,web
2528,2026-05-27 09:07:25,organic,annual,android
2529,2026-04-27 19:18:22,influencer,monthly,web
2530,2026-08-07 13:16:38,influencer,monthly,ios
2531,2026-04-18 22:26:20,referral,monthly,android
2532,2026-08-03 23:55:56,referral,monthly,android
2533,2026-05-18 09:23:31,paid_search,annual,android
2534,2026-08-22 07:20:20,paid_search,monthly,ios
2535,2026-06-27 14:52:49,paid_search,monthly,ios
2536,2026-05-07 01:31:29,organic,monthly,android
2537,2026-07-02 04:34:15,influencer,annual,ios
2538,2026-04-18 19:02:33,paid_search,annual,android
2539,2026-07-16 09:52:14,organic,annual,ios
2540,2026-03-19 01:21:49,organic,annual,ios
2541,2026-05-03 07:02:43,paid_search,monthly,ios
2542,2026-08-26 11:23:02,paid_search,annual,android
2543,2026-03-26 16:14:55,referral,monthly,android
2544,2026-04-25 23:27:03,organic,monthly,android
2545,2026-06-27 05:24:18,referral,monthly,ios
2546,2026-05-22 23:44:33,influencer,annual,android
2547,2026-06-21 21:54:20,paid_search,monthly,android
2548,2026-04-14 19:08:35,influencer,annual,android
2549,2026-06-21 23:30:33,influencer,monthly,web
2550,2026-04-30 07:35:11,paid_search,monthly,android
2551,2026-08-13 03:38:54,paid_search,monthly,android
2552,2026-06-10 00:23:36,referral,monthly,ios
2553,2026-06-26 17:39:36,paid_search,monthly,ios
2554,2026-06-27 04:47:05,influencer,annual,ios
2555,2026-03-17 04:21:27,paid_search,monthly,android
2556,2026-08-24 01:37:59,organic,monthly,web
2557,2026-07-29 14:04:47,organic,monthly,android
2558,2026-08-19 04:26:25,influencer,monthly,web
2559,2026-05-02 08:16:39,organic,monthly,ios
2560,2026-07-21 22:22:36,organic,monthly,web
2561,2026-05-13 04:09:04,referral,monthly,android
2562,2026-08-26 19:36:22,paid_search,monthly,web
2563,2026-06-25 13:09:41,organic,monthly,android
2564,2026-08-16 17:58:13,paid_search,annual,web
2565,2026-07-14 09:36:06,organic,annual,android
2566,2026-08-29 20:23:56,paid_search,monthly,android
2567,2026-04-12 08:42:01,referral,monthly,ios
2568,2026-08-17 08:40:35,influencer,monthly,android
2569,2026-07-02 21:35:47,organic,monthly,android
2570,2026-05-05 10:02:33,organic,annual,android
2571,2026-08-11 17:52:18,paid_search,annual,web
2572,2026-05-03 01:51:55,organic,annual,web
2573,2026-03-25 18:42:54,organic,monthly,ios
2574,2026-06-06 20:02:08,paid_search,monthly,ios
2575,2026-04-30 20:18:48,paid_search,monthly,web
2576,2026-06-21 02:02:09,referral,monthly,android
2577,2026-04-28 03:49:42,organic,monthly,android
2578,2026-04-29 10:08:33,organic,annual,android
2579,2026-07-12 05:09:09,organic,monthly,ios
2580,2026-07-25 06:32:19,organic,monthly,ios
2581,2026-08-04 04:09:25,paid_search,monthly,web
2582,2026-03-25 19:16:50,influencer,monthly,web
2583,2026-05-13 01:22:48,organic,monthly,android
2584,2026-06-04 17:22:10,paid_search,monthly,ios
2585,2026-07-31 01:20:07,referral,monthly,android
2586,2026-04-08 01:14:22,referral,monthly,web
2587,2026-05-23 06:55:30,referral,monthly,android
2588,2026-03-23 16:36:34,organic,monthly,ios
2589,2026-04-19 11:04:15,paid_search,annual,android
2590,2026-08-25 06:38:14,paid_search,annual,ios
2591,2026-03-18 01:18:33,paid_search,monthly,web
2592,2026-04-13 03:22:51,influencer,monthly,web
2593,2026-08-17 07:44:34,organic,monthly,ios
2594,2026-04-15 00:41:33,paid_search,monthly,web
2595,2026-05-21 06:54:52,organic,annual,android
2596,2026-07-22 09:52:11,referral,annual,ios
2597,2026-07-24 20:28:33,paid_search,monthly,web
2598,2026-05-23 23:05:32,referral,monthly,android
2599,2026-06-29 16:21:12,organic,monthly,ios
2600,2026-08-22 21:31:12,influencer,monthly,ios
2601,2026-08-13 03:26:04,influencer,monthly,ios
2602,2026-05-08 22:25:12,influencer,monthly,android
2603,2026-04-07 17:54:39,paid_search,monthly,android
2604,2026-06-27 03:12:50,paid_search,monthly,android
2605,2026-06-13 00:18:06,organic,monthly,android
2606,2026-06-03 12:07:44,paid_search,monthly,ios
2607,2026-06-17 22:57:11,paid_search,monthly,ios
2608,2026-03-06 05:59:59,referral,monthly,ios
2609,2026-04-20 01:20:03,paid_search,monthly,ios
2610,2026-06-25 19:48:47,influencer,annual,ios
2611,2026-06-09 11:18:26,influencer,monthly,android
2612,2026-03-09 06:11:46,paid_search,monthly,android
2613,2026-07-17 06:04:56,organic,annual,ios
2614,2026-06-29 08:47:11,referral,monthly,android
2615,2026-07-04 05:42:32,influencer,annual,android
2616,2026-07-30 11:02:29,influencer,annual,ios
2617,2026-07-30 10:28:33,influencer,monthly,android
2618,2026-07-31 22:11:52,referral,annual,ios
2619,2026-08-28 22:33:25,organic,monthly,android
2620,2026-08-24 06:40:13,referral,monthly,ios
2621,2026-04-14 10:31:28,paid_search,monthly,ios
2622,2026-08-10 19:51:37,organic,monthly,ios
2623,2026-08-19 05:23:05,paid_search,monthly,android
2624,2026-03-13 08:30:10,organic,annual,ios
2625,2026-05-06 01:49:35,referral,monthly,web
2626,2026-03-01 14:28:24,organic,annual,ios
2627,2026-04-24 03:18:09,organic,monthly,android
2628,2026-07-21 02:37:29,organic,monthly,web
2629,2026-07-21 08:41:19,referral,monthly,android
2630,2026-07-30 22:11:26,paid_search,annual,ios
2631,2026-03-14 10:13:23,paid_search,monthly,android
2632,2026-04-01 14:26:35,referral,monthly,android
2633,2026-06-25 18:27:35,influencer,monthly,android
2634,2026-03-21 10:57:03,referral,monthly,ios
2635,2026-03-16 19:10:05,paid_search,monthly,android
2636,2026-05-20 20:43:51,paid_search,annual,android
2637,2026-03-11 05:57:41,referral,monthly,ios
2638,2026-05-07 00:53:09,organic,annual,android
2639,2026-03-09 00:54:16,paid_search,monthly,android
2640,2026-05-08 23:13:06,paid_search,monthly,android
2641,2026-05-27 03:03:09,paid_search,monthly,web
2642,2026-04-08 19:40:15,referral,annual,android
2643,2026-05-26 13:39:04,referral,annual,android
2644,2026-03-23 05:39:54,organic,annual,android
2645,2026-07-14 16:07:05,influencer,monthly,android
2646,2026-04-20 12:02:29,organic,annual,web
2647,2026-06-14 07:33:46,organic,monthly,android
2648,2026-07-29 00:45:18,organic,annual,android
2649,2026-04-15 03:07:35,organic,monthly,ios
2650,2026-06-23 06:33:30,organic,annual,ios
2651,2026-07-21 22:28:16,organic,monthly,android
2652,2026-07-17 11:00:07,referral,annual,ios
2653,2026-07-17 13:10:12,referral,monthly,ios
2654,2026-06-04 04:02:29,paid_search,annual,ios
2655,2026-06-20 02:46:28,influencer,monthly,ios
2656,2026-07-30 00:59:35,paid_search,annual,android
2657,2026-05-22 11:49:22,organic,monthly,ios
2658,2026-07-04 01:02:51,organic,monthly,web
2659,2026-07-31 21:13:53,referral,annual,android
2660,2026-08-26 11:10:07,paid_search,monthly,ios
2661,2026-05-11 03:29:20,organic,monthly,android
2662,2026-08-06 20:06:20,referral,monthly,web
2663,2026-08-30 08:35:55,influencer,monthly,web
2664,2026-07-31 20:03:57,paid_search,monthly,android
2665,2026-07-28 02:42:38,paid_search,annual,ios
2666,2026-06-17 16:08:03,referral,monthly,ios
2667,2026-06-19 18:47:34,organic,annual,ios
2668,2026-08-17 06:25:10,organic,monthly,ios
2669,2026-04-28 05:32:28,paid_search,monthly,web
2670,2026-07-31 06:16:06,paid_search,annual,android
2671,2026-06-11 00:37:36,organic,annual,ios
2672,2026-08-18 10:23:01,influencer,monthly,ios
2673,2026-07-02 05:05:25,paid_search,monthly,web
2674,2026-05-20 12:03:52,influencer,annual,web
2675,2026-05-28 15:27:04,organic,monthly,ios
2676,2026-05-10 15:21:19,referral,monthly,android
2677,2026-04-08 11:43:33,organic,monthly,ios
2678,2026-05-31 09:36:28,organic,monthly,ios
2679,2026-06-01 05:32:13,referral,monthly,ios
2680,2026-07-23 04:08:12,organic,annual,android
2681,2026-04-28 01:47:39,referral,annual,ios
2682,2026-08-02 13:50:45,organic,annual,android
2683,2026-04-11 22:14:24,referral,monthly,android
2684,2026-08-23 19:13:27,influencer,monthly,ios
2685,2026-08-20 04:13:49,paid_search,monthly,ios
2686,2026-07-02 21:58:21,influencer,monthly,android
2687,2026-07-29 04:14:28,referral,monthly,android
2688,2026-03-07 23:45:38,organic,monthly,android
2689,2026-03-31 03:40:45,influencer,monthly,android
2690,2026-05-03 12:50:01,organic,monthly,ios
2691,2026-05-04 22:25:20,organic,annual,android
2692,2026-05-25 12:48:30,paid_search,monthly,ios
2693,2026-04-07 00:15:21,influencer,monthly,ios
2694,2026-08-24 04:45:49,paid_search,monthly,web
2695,2026-07-30 22:04:29,influencer,monthly,android
2696,2026-06-15 14:13:13,paid_search,annual,android
2697,2026-07-24 17:16:49,referral,monthly,android
2698,2026-06-19 18:34:09,organic,monthly,android
2699,2026-04-01 19:55:36,referral,monthly,android
2700,2026-08-02 15:06:44,paid_search,monthly,web
2701,2026-07-06 13:49:20,organic,annual,android
2702,2026-07-27 11:32:11,referral,annual,android
2703,2026-08-05 05:23:25,organic,monthly,android
2704,2026-07-25 21:08:25,organic,monthly,ios
2705,2026-03-17 18:11:43,referral,monthly,web
2706,2026-06-23 22:49:05,organic,monthly,android
2707,2026-03-01 19:39:54,referral,annual,android
2708,2026-06-26 03:20:12,paid_search,annual,android
2709,2026-06-23 11:05:03,organic,monthly,android
2710,2026-05-06 11:36:22,paid_search,annual,ios
2711,2026-08-15 01:46:24,referral,monthly,android
2712,2026-07-11 18:23:33,paid_search,monthly,web
2713,2026-07-26 13:23:01,paid_search,monthly,ios
2714,2026-06-06 13:54:34,organic,monthly,web
2715,2026-07-05 19:40:30,influencer,annual,android
2716,2026-06-28 18:29:35,referral,monthly,ios
2717,2026-04-26 04:52:25,paid_search,monthly,android
2718,2026-04-29 10:50:19,paid_search,monthly,ios
2719,2026-07-23 11:32:06,organic,monthly,android
2720,2026-08-21 01:48:36,paid_search,monthly,ios
2721,2026-04-18 06:12:28,influencer,monthly,android
2722,2026-06-01 13:46:50,organic,monthly,ios
2723,2026-06-03 17:51:58,paid_search,monthly,android
2724,2026-08-31 16:09:14,paid_search,monthly,android
2725,2026-05-07 03:40:11,referral,monthly,android
2726,2026-08-31 00:09:43,paid_search,monthly,web
2727,2026-05-19 02:47:51,paid_search,monthly,android
2728,2026-05-30 02:57:20,paid_search,monthly,web
2729,2026-03-04 17:58:45,paid_search,monthly,web
2730,2026-03-31 04:58:57,paid_search,monthly,ios
2731,2026-07-04 15:59:02,organic,monthly,android
2732,2026-04-19 13:52:15,paid_search,annual,android
2733,2026-05-01 12:57:37,paid_search,monthly,android
2734,2026-07-17 22:31:57,referral,monthly,web
2735,2026-07-23 08:28:59,referral,monthly,web
2736,2026-04-28 00:37:23,paid_search,monthly,web
2737,2026-04-14 02:46:36,paid_search,monthly,android
2738,2026-04-04 01:43:56,organic,monthly,android
2739,2026-07-13 21:00:58,organic,annual,android
2740,2026-06-03 07:50:27,organic,monthly,ios
2741,2026-04-07 23:56:33,paid_search,annual,web
2742,2026-06-13 04:02:53,paid_search,monthly,android
2743,2026-04-22 00:36:32,influencer,monthly,web
2744,2026-03-11 23:53:14,influencer,annual,ios
2745,2026-07-02 01:35:23,referral,monthly,ios
2746,2026-08-02 23:54:45,organic,monthly,ios
2747,2026-08-26 00:09:30,paid_search,monthly,ios
2748,2026-05-14 01:56:24,referral,monthly,ios
2749,2026-03-10 22:05:34,referral,monthly,web
2750,2026-06-26 01:36:04,referral,annual,android
2751,2026-05-24 12:51:43,organic,monthly,ios
2752,2026-06-29 06:13:41,organic,monthly,ios
2753,2026-03-08 18:47:25,influencer,monthly,web
2754,2026-05-28 18:39:20,organic,monthly,ios
2755,2026-06-20 04:27:15,paid_search,annual,android
2756,2026-06-18 09:59:24,referral,monthly,web
2757,2026-08-27 19:01:27,organic,monthly,ios
2758,2026-05-29 15:06:46,referral,monthly,web
2759,2026-08-10 01:45:53,organic,annual,android
2760,2026-05-06 19:36:24,organic,monthly,web
2761,2026-08-04 05:33:48,paid_search,monthly,android
2762,2026-08-20 05:04:05,paid_search,monthly,android
2763,2026-03-18 01:28:59,paid_search,monthly,web
2764,2026-06-10 14:09:06,paid_search,monthly,android
2765,2026-07-31 17:06:02,organic,monthly,web
2766,2026-06-04 08:44:12,organic,monthly,android
2767,2026-06-17 10:15:52,organic,monthly,web
2768,2026-03-30 21:01:58,referral,monthly,android
2769,2026-06-23 02:47:28,referral,monthly,android
2770,2026-08-23 05:37:15,organic,monthly,ios
2771,2026-08-11 12:26:43,influencer,monthly,ios
2772,2026-06-18 23:43:39,organic,monthly,android
2773,2026-06-13 09:46:39,organic,monthly,android
2774,2026-06-06 02:48:35,paid_search,annual,android
2775,2026-03-31 12:58:47,paid_search,monthly,web
2776,2026-08-15 21:44:46,referral,annual,web
2777,2026-05-05 19:16:06,paid_search,monthly,ios
2778,2026-03-07 14:55:36,referral,monthly,ios
2779,2026-07-19 17:35:22,influencer,monthly,ios
2780,2026-06-25 19:38:26,paid_search,monthly,android
2781,2026-08-10 18:50:09,paid_search,annual,ios
2782,2026-05-22 16:52:38,referral,annual,web
2783,2026-06-11 10:19:46,paid_search,monthly,ios
2784,2026-08-23 21:21:01,organic,monthly,ios
2785,2026-07-25 07:33:33,organic,monthly,android
2786,2026-04-28 17:51:28,organic,annual,ios
2787,2026-07-08 17:07:20,paid_search,monthly,web
2788,2026-04-06 00:13:33,referral,monthly,ios
2789,2026-06-24 00:05:59,influencer,annual,web
2790,2026-05-26 04:06:46,influencer,monthly,web
2791,2026-03-18 01:46:16,influencer,monthly,ios
2792,2026-07-06 10:27:06,influencer,monthly,android
2793,2026-08-22 04:31:00,organic,monthly,ios
2794,2026-07-31 18:11:13,paid_search,monthly,ios
2795,2026-05-28 21:34:47,referral,monthly,web
2796,2026-06-08 17:14:48,paid_search,monthly,web
2797,2026-06-28 16:12:18,organic,monthly,ios
2798,2026-06-03 17:02:14,paid_search,monthly,android
2799,2026-03-29 12:41:48,referral,monthly,ios
2800,2026-07-28 16:27:24,organic,annual,web
2801,2026-06-25 22:19:40,referral,annual,web
2802,2026-08-15 18:49:27,paid_search,monthly,android
2803,2026-08-03 07:18:39,organic,monthly,android
2804,2026-07-06 18:15:07,paid_search,monthly,ios
2805,2026-07-15 16:18:50,paid_search,monthly,ios
2806,2026-05-20 22:40:10,organic,annual,android
2807,2026-07-22 16:50:03,referral,monthly,android
2808,2026-03-31 12:41:43,organic,monthly,android
2809,2026-06-05 09:12:47,organic,monthly,android
2810,2026-04-30 11:08:24,referral,monthly,ios
2811,2026-05-13 12:39:03,referral,monthly,android
2812,2026-06-10 21:04:16,organic,monthly,web
2813,2026-06-02 11:52:22,referral,monthly,android
2814,2026-06-19 03:00:14,influencer,annual,android
2815,2026-06-25 04:24:20,organic,annual,web
2816,2026-04-11 04:34:30,organic,monthly,ios
2817,2026-06-20 00:31:15,paid_search,monthly,ios
2818,2026-06-10 15:00:10,influencer,monthly,ios
2819,2026-07-22 08:58:19,organic,monthly,web
2820,2026-05-23 23:59:15,referral,annual,ios
2821,2026-06-25 20:42:24,organic,monthly,ios
2822,2026-05-06 18:16:50,organic,annual,ios
2823,2026-08-19 21:29:49,paid_search,monthly,android
2824,2026-05-16 10:28:46,organic,monthly,ios
2825,2026-06-01 13:30:30,organic,monthly,ios
2826,2026-05-22 16:41:09,referral,monthly,android
2827,2026-03-16 16:18:02,referral,monthly,web
2828,2026-08-29 04:20:22,paid_search,annual,android
2829,2026-03-01 07:10:44,organic,monthly,android
2830,2026-03-21 21:09:48,paid_search,annual,web
2831,2026-03-24 19:08:49,organic,monthly,android
2832,2026-03-25 15:17:38,organic,annual,web
2833,2026-08-17 05:28:48,referral,monthly,android
2834,2026-08-06 22:30:28,paid_search,monthly,ios
2835,2026-05-22 07:29:17,paid_search,monthly,android
2836,2026-08-18 21:48:02,organic,monthly,android
2837,2026-04-10 05:44:01,influencer,monthly,android
2838,2026-05-13 04:41:21,paid_search,monthly,ios
2839,2026-06-23 11:14:28,paid_search,annual,web
2840,2026-06-02 00:51:47,paid_search,monthly,ios
2841,2026-05-25 09:13:09,organic,monthly,web
2842,2026-06-26 09:21:30,organic,monthly,ios
2843,2026-06-09 15:45:31,paid_search,monthly,android
2844,2026-08-07 07:16:42,referral,monthly,ios
2845,2026-07-18 13:54:12,organic,annual,android
2846,2026-08-15 19:10:23,referral,monthly,web
2847,2026-05-21 12:06:16,referral,monthly,ios
2848,2026-08-27 00:00:10,paid_search,monthly,ios
2849,2026-03-25 17:28:57,organic,monthly,web
2850,2026-06-20 20:41:26,influencer,annual,android
2851,2026-07-01 04:19:22,paid_search,monthly,web
2852,2026-06-08 18:39:38,referral,monthly,ios
2853,2026-05-09 02:24:06,influencer,monthly,android
2854,2026-07-03 22:08:00,organic,monthly,ios
2855,2026-08-06 20:20:31,referral,monthly,web
2856,2026-03-15 18:58:51,influencer,monthly,ios
2857,2026-04-03 00:49:32,influencer,monthly,android
2858,2026-05-13 23:08:58,organic,annual,ios
2859,2026-05-23 03:10:50,influencer,monthly,ios
2860,2026-03-01 10:49:42,paid_search,annual,web
2861,2026-07-04 02:48:21,paid_search,monthly,android
2862,2026-04-02 09:59:19,organic,monthly,ios
2863,2026-08-30 13:55:14,paid_search,monthly,web
2864,2026-05-02 02:19:09,influencer,annual,web
2865,2026-08-30 19:07:33,paid_search,monthly,web
2866,2026-08-03 17:39:31,paid_search,monthly,ios
2867,2026-03-29 11:20:50,influencer,annual,android
2868,2026-05-16 02:37:29,paid_search,monthly,android
2869,2026-08-18 17:44:18,referral,monthly,android
2870,2026-05-16 11:37:39,organic,monthly,ios
2871,2026-07-23 23:48:11,referral,monthly,ios
2872,2026-08-23 00:52:03,referral,monthly,android
2873,2026-08-22 12:53:32,paid_search,monthly,ios
2874,2026-08-01 04:31:11,referral,monthly,ios
2875,2026-08-20 08:55:56,paid_search,annual,web
2876,2026-06-05 18:20:22,organic,monthly,web
2877,2026-05-26 14:53:02,influencer,annual,android
2878,2026-08-22 19:56:47,paid_search,annual,android
2879,2026-06-14 16:22:52,paid_search,monthly,android
2880,2026-06-03 04:52:20,paid_search,monthly,ios
2881,2026-07-05 10:51:24,influencer,annual,android
2882,2026-06-19 03:20:53,organic,monthly,android
2883,2026-07-22 22:48:51,organic,monthly,ios
2884,2026-06-08 09:10:53,paid_search,monthly,web
2885,2026-03-21 00:46:23,paid_search,monthly,ios
2886,2026-03-06 00:05:52,paid_search,monthly,android
2887,2026-08-02 11:11:41,influencer,annual,ios
2888,2026-07-27 15:45:09,paid_search,annual,ios
2889,2026-05-01 03:43:33,paid_search,annual,ios
2890,2026-06-12 13:26:31,organic,annual,ios
2891,2026-05-03 22:05:13,paid_search,monthly,web
2892,2026-05-29 04:52:42,paid_search,monthly,ios
2893,2026-05-03 10:56:50,referral,annual,ios
2894,2026-08-30 10:53:43,paid_search,monthly,web
2895,2026-03-09 16:53:05,organic,annual,android
2896,2026-08-19 07:06:07,paid_search,monthly,android
2897,2026-04-26 20:03:26,paid_search,monthly,web
2898,2026-08-05 01:47:26,influencer,monthly,android
2899,2026-06-22 11:37:07,organic,monthly,ios
2900,2026-04-13 11:57:05,referral,monthly,android
2901,2026-06-27 11:42:44,organic,annual,ios
2902,2026-07-21 15:36:03,referral,monthly,ios
2903,2026-04-28 02:11:38,influencer,monthly,ios
2904,2026-03-02 05:59:06,organic,monthly,android
2905,2026-07-15 02:04:12,influencer,monthly,android
2906,2026-03-14 14:56:00,paid_search,annual,web
2907,2026-03-05 06:36:14,paid_search,annual,android
2908,2026-08-30 04:06:52,paid_search,monthly,android
2909,2026-07-15 16:15:54,paid_search,monthly,android
2910,2026-03-31 03:24:55,organic,annual,android
2911,2026-04-06 11:29:28,paid_search,monthly,ios
2912,2026-08-31 19:18:09,referral,monthly,android
2913,2026-07-28 07:00:30,referral,monthly,ios
2914,2026-05-26 22:55:01,paid_search,annual,web
2915,2026-06-01 11:59:17,organic,monthly,ios
2916,2026-07-04 23:56:16,paid_search,monthly,ios
2917,2026-07-27 11:22:12,paid_search,monthly,android
2918,2026-06-26 03:04:24,organic,monthly,ios
2919,2026-05-23 06:27:35,referral,annual,android
2920,2026-08-09 23:12:15,organic,monthly,ios
2921,2026-07-21 21:31:41,paid_search,annual,android
2922,2026-06-26 03:44:51,influencer,monthly,ios
2923,2026-06-06 20:58:06,influencer,monthly,ios
2924,2026-06-19 07:06:33,influencer,monthly,web
2925,2026-05-13 17:30:45,paid_search,annual,ios
2926,2026-03-26 15:03:51,organic,monthly,android
2927,2026-05-15 18:59:48,organic,monthly,android
2928,2026-06-25 11:46:07,paid_search,monthly,ios
2929,2026-04-08 15:24:39,paid_search,monthly,android
2930,2026-08-30 10:46:57,paid_search,annual,android
2931,2026-04-03 00:06:07,referral,monthly,android
2932,2026-05-31 10:51:51,referral,monthly,ios
2933,2026-07-24 06:15:07,organic,monthly,web
2934,2026-03-09 16:06:46,paid_search,monthly,ios
2935,2026-06-23 02:58:15,influencer,annual,ios
2936,2026-05-12 17:15:49,organic,monthly,android
2937,2026-07-22 13:51:43,referral,monthly,android
2938,2026-06-26 03:31:57,influencer,monthly,web
2939,2026-06-13 20:39:17,paid_search,monthly,ios
2940,2026-04-20 01:50:26,referral,annual,android
2941,2026-04-13 13:01:37,referral,monthly,ios
2942,2026-05-28 05:50:44,paid_search,monthly,ios
2943,2026-06-05 20:00:28,organic,monthly,web
2944,2026-04-28 14:27:57,referral,monthly,web
2945,2026-06-08 05:14:34,referral,annual,android
2946,2026-06-22 05:07:03,organic,monthly,ios
2947,2026-03-21 05:14:35,organic,monthly,web
2948,2026-07-02 05:18:36,referral,monthly,web
2949,2026-06-05 02:16:38,organic,monthly,android
2950,2026-07-30 07:09:00,paid_search,monthly,web
2951,2026-08-12 22:03:53,referral,monthly,android
2952,2026-03-13 18:00:33,organic,annual,android
2953,2026-03-13 09:47:32,paid_search,monthly,web
2954,2026-08-15 01:49:28,paid_search,monthly,ios
2955,2026-08-15 19:03:36,influencer,monthly,web
2956,2026-06-28 12:56:46,organic,monthly,web
2957,2026-08-07 03:52:51,paid_search,monthly,android
2958,2026-05-25 12:50:06,influencer,monthly,android
2959,2026-04-01 01:20:55,influencer,monthly,android
2960,2026-06-07 13:57:08,influencer,monthly,ios
2961,2026-08-31 13:49:27,paid_search,monthly,android
2962,2026-06-17 06:18:11,referral,monthly,web
2963,2026-08-16 22:32:05,paid_search,annual,android
2964,2026-06-14 21:33:06,organic,annual,android
2965,2026-07-27 16:29:31,paid_search,monthly,ios
2966,2026-08-31 11:38:06,organic,annual,ios
2967,2026-05-14 01:46:52,paid_search,monthly,ios
2968,2026-07-30 22:37:50,organic,annual,android
2969,2026-03-10 19:13:45,organic,monthly,android
2970,2026-08-18 04:52:33,paid_search,annual,ios
2971,2026-05-24 02:58:32,influencer,monthly,ios
2972,2026-05-27 03:36:20,paid_search,monthly,ios
2973,2026-06-16 16:43:52,organic,monthly,ios
2974,2026-07-22 14:11:14,paid_search,annual,ios
2975,2026-05-24 08:20:05,paid_search,monthly,ios
2976,2026-05-10 07:45:01,paid_search,annual,ios
2977,2026-03-11 03:41:22,paid_search,monthly,web
2978,2026-08-02 16:09:16,organic,monthly,android
2979,2026-04-07 11:25:55,organic,monthly,android
2980,2026-03-08 21:00:42,influencer,monthly,ios
2981,2026-08-28 14:35:05,influencer,annual,android
2982,2026-06-04 17:12:02,paid_search,monthly,ios
2983,2026-07-15 18:27:58,influencer,monthly,android
2984,2026-07-11 09:00:07,paid_search,annual,ios
2985,2026-05-05 03:30:55,organic,monthly,web
2986,2026-04-13 04:23:27,referral,monthly,ios
2987,2026-03-14 23:18:08,paid_search,monthly,web
2988,2026-06-24 04:02:03,referral,monthly,android
2989,2026-06-25 12:14:49,paid_search,annual,android
2990,2026-08-14 01:25:43,referral,monthly,android
2991,2026-03-22 06:56:06,paid_search,monthly,android
2992,2026-05-30 13:43:04,organic,monthly,ios
2993,2026-08-29 07:18:52,organic,monthly,web
2994,2026-04-30 03:27:53,organic,monthly,android
2995,2026-06-05 11:48:20,paid_search,monthly,ios
2996,2026-04-24 09:20:54,paid_search,monthly,ios
2997,2026-07-26 19:05:52,paid_search,monthly,web
2998,2026-06-12 13:20:25,paid_search,monthly,ios
2999,2026-08-23 12:28:29,influencer,monthly,android
3000,2026-06-11 21:05:51,influencer,monthly,ios
3001,2026-04-26 00:16:05,paid_search,annual,android
3002,2026-04-22 23:27:21,paid_search,monthly,android
3003,2026-04-06 03:21:27,referral,monthly,ios
3004,2026-08-29 20:54:44,referral,monthly,ios
3005,2026-04-07 08:52:31,organic,annual,ios
3006,2026-05-24 21:03:51,influencer,monthly,ios
3007,2026-08-02 03:03:39,organic,monthly,android
3008,2026-06-23 21:43:23,referral,monthly,ios
3009,2026-07-02 02:21:04,paid_search,monthly,android
3010,2026-06-28 13:08:30,referral,annual,android
3011,2026-04-09 17:53:00,organic,monthly,ios
3012,2026-04-24 08:52:09,organic,monthly,ios
3013,2026-06-10 12:03:59,organic,monthly,ios
3014,2026-08-14 05:43:22,paid_search,monthly,ios
3015,2026-05-24 22:03:37,organic,monthly,ios
3016,2026-07-11 02:26:26,influencer,monthly,android
3017,2026-05-26 15:53:51,referral,monthly,android
3018,2026-08-16 14:39:57,influencer,monthly,android
3019,2026-08-18 09:43:38,referral,annual,android
3020,2026-05-07 12:43:50,paid_search,monthly,ios
3021,2026-05-20 03:17:58,paid_search,annual,android
3022,2026-03-10 01:36:46,organic,monthly,android
3023,2026-05-22 03:06:42,influencer,monthly,android
3024,2026-03-19 18:21:14,influencer,annual,web
3025,2026-03-29 04:01:27,organic,annual,web
3026,2026-07-20 16:50:26,organic,monthly,android
3027,2026-05-27 02:18:04,organic,monthly,web
3028,2026-05-19 22:59:20,paid_search,monthly,ios
3029,2026-07-08 01:15:15,paid_search,monthly,ios
3030,2026-08-30 21:56:37,influencer,monthly,ios
3031,2026-06-29 04:44:34,referral,monthly,web
3032,2026-08-21 12:14:20,paid_search,monthly,web
3033,2026-07-11 08:18:45,organic,monthly,web
3034,2026-07-03 06:05:32,organic,monthly,ios
3035,2026-04-29 02:13:08,paid_search,monthly,ios
3036,2026-07-01 08:00:52,paid_search,annual,android
3037,2026-03-16 12:38:59,paid_search,monthly,android
3038,2026-08-02 13:38:50,organic,monthly,android
3039,2026-06-19 21:07:12,influencer,monthly,web
3040,2026-04-27 16:24:41,organic,annual,ios
3041,2026-03-02 06:42:16,paid_search,monthly,web
3042,2026-03-17 04:44:19,organic,monthly,android
3043,2026-06-19 08:08:12,influencer,monthly,web
3044,2026-07-20 08:38:16,referral,monthly,android
3045,2026-03-05 12:40:09,influencer,annual,android
3046,2026-08-14 10:36:23,organic,annual,android
3047,2026-05-19 15:46:29,paid_search,annual,android
3048,2026-08-20 21:15:31,paid_search,monthly,ios
3049,2026-06-29 13:02:15,organic,monthly,ios
3050,2026-06-20 18:15:12,organic,monthly,ios
3051,2026-06-21 15:47:44,organic,monthly,ios
3052,2026-08-03 18:31:15,paid_search,monthly,android
3053,2026-08-21 01:28:19,organic,monthly,ios
3054,2026-05-14 06:06:59,referral,monthly,ios
3055,2026-03-09 04:00:37,paid_search,monthly,ios
3056,2026-05-30 17:39:35,paid_search,annual,ios
3057,2026-07-22 03:52:00,influencer,monthly,android
3058,2026-04-30 21:57:15,influencer,monthly,android
3059,2026-08-18 19:12:36,paid_search,monthly,web
3060,2026-07-24 10:08:13,influencer,annual,web
3061,2026-07-21 07:44:29,referral,monthly,web
3062,2026-05-17 11:22:09,paid_search,monthly,web
3063,2026-03-24 13:41:15,organic,annual,android
3064,2026-04-04 01:07:42,paid_search,monthly,android
3065,2026-07-15 05:17:45,influencer,monthly,android
3066,2026-05-16 16:51:04,paid_search,annual,web
3067,2026-05-12 14:02:50,organic,annual,android
3068,2026-08-11 02:58:24,influencer,annual,android
3069,2026-06-15 23:01:44,referral,monthly,ios
3070,2026-04-16 01:22:38,paid_search,monthly,web
3071,2026-07-27 16:02:22,referral,monthly,ios
3072,2026-03-30 09:04:14,organic,monthly,web
3073,2026-05-10 14:07:14,paid_search,monthly,android
3074,2026-08-20 19:41:45,organic,monthly,android
3075,2026-03-16 19:45:54,referral,monthly,ios
3076,2026-04-23 06:04:50,paid_search,monthly,web
3077,2026-04-20 09:51:17,referral,monthly,android
3078,2026-03-01 06:30:18,organic,monthly,ios
3079,2026-04-08 21:10:30,paid_search,monthly,android
3080,2026-06-18 23:48:28,paid_search,monthly,web
3081,2026-04-15 20:04:11,referral,monthly,ios
3082,2026-07-01 14:32:42,organic,monthly,android
3083,2026-08-09 20:51:47,paid_search,monthly,android
3084,2026-03-12 05:53:58,influencer,annual,android
3085,2026-03-13 17:33:22,organic,monthly,ios
3086,2026-05-11 22:01:23,referral,monthly,android
3087,2026-08-08 00:54:58,referral,monthly,ios
3088,2026-05-03 19:34:12,paid_search,monthly,android
3089,2026-04-27 23:22:06,referral,monthly,ios
3090,2026-03-17 00:44:18,influencer,monthly,web
3091,2026-03-18 12:38:30,paid_search,monthly,ios
3092,2026-07-09 04:25:51,organic,monthly,ios
3093,2026-06-26 02:33:05,paid_search,monthly,ios
3094,2026-05-02 09:37:58,referral,monthly,ios
3095,2026-05-11 04:14:09,organic,monthly,android
3096,2026-03-10 11:25:15,paid_search,monthly,android
3097,2026-04-27 14:41:35,referral,monthly,ios
3098,2026-05-29 19:34:07,paid_search,monthly,android
3099,2026-08-01 04:14:42,organic,monthly,android
3100,2026-08-26 09:25:01,paid_search,annual,android
3101,2026-04-21 09:03:59,organic,annual,web
3102,2026-04-13 15:44:08,paid_search,monthly,web
3103,2026-06-06 21:07:29,paid_search,monthly,android
3104,2026-03-13 10:29:49,referral,monthly,web
3105,2026-08-22 05:44:21,referral,monthly,ios
3106,2026-04-10 21:56:18,paid_search,monthly,web
3107,2026-06-20 23:00:48,influencer,monthly,android
3108,2026-06-28 16:27:09,referral,monthly,android
3109,2026-07-04 00:52:42,paid_search,monthly,android
3110,2026-04-08 10:23:56,influencer,monthly,ios
3111,2026-04-12 20:00:26,referral,monthly,ios
3112,2026-07-23 22:54:20,paid_search,monthly,web
3113,2026-03-09 05:23:43,paid_search,annual,android
3114,2026-04-14 05:05:13,influencer,monthly,ios
3115,2026-05-07 23:11:06,referral,monthly,ios
3116,2026-08-08 01:25:53,paid_search,monthly,ios
3117,2026-04-19 22:23:34,paid_search,monthly,web
3118,2026-07-21 03:27:04,paid_search,monthly,ios
3119,2026-03-05 14:48:02,paid_search,monthly,android
3120,2026-07-05 11:02:08,referral,monthly,ios
3121,2026-03-27 18:44:58,paid_search,annual,web
3122,2026-07-08 13:18:24,paid_search,annual,ios
3123,2026-07-19 17:33:57,influencer,annual,ios
3124,2026-07-23 10:30:18,referral,annual,android
3125,2026-05-10 08:33:33,organic,monthly,ios
3126,2026-04-27 07:08:48,referral,monthly,android
3127,2026-05-30 03:32:50,paid_search,monthly,ios
3128,2026-04-05 14:04:40,paid_search,monthly,web
3129,2026-07-16 14:46:43,organic,monthly,web
3130,2026-03-29 18:30:22,organic,monthly,ios
3131,2026-06-13 11:10:03,paid_search,monthly,ios
3132,2026-03-17 11:59:15,organic,monthly,android
3133,2026-05-17 10:35:55,organic,monthly,web
3134,2026-05-16 07:32:36,influencer,annual,web
3135,2026-04-17 11:48:24,organic,monthly,ios
3136,2026-08-18 08:15:13,paid_search,monthly,ios
3137,2026-04-08 00:26:28,organic,annual,android
3138,2026-06-04 18:06:38,organic,monthly,android
3139,2026-03-21 02:30:02,organic,monthly,ios
3140,2026-06-30 07:31:59,organic,annual,android
3141,2026-04-02 03:46:56,paid_search,monthly,android
3142,2026-04-26 12:23:25,paid_search,monthly,android
3143,2026-06-19 03:22:29,influencer,monthly,web
3144,2026-06-14 16:07:39,paid_search,annual,android
3145,2026-08-08 21:39:34,paid_search,annual,ios
3146,2026-06-09 12:51:57,organic,annual,android
3147,2026-03-08 22:55:53,organic,monthly,ios
3148,2026-03-26 07:22:30,referral,monthly,web
3149,2026-07-10 16:08:50,referral,monthly,web
3150,2026-03-31 15:17:10,paid_search,monthly,ios
3151,2026-07-07 19:48:48,paid_search,monthly,ios
3152,2026-04-10 09:35:56,paid_search,monthly,ios
3153,2026-07-11 02:33:11,referral,annual,web
3154,2026-03-24 07:36:01,paid_search,annual,ios
3155,2026-03-19 01:41:46,organic,monthly,web
3156,2026-03-22 06:08:22,influencer,monthly,android
3157,2026-07-24 05:08:24,referral,annual,web
3158,2026-06-08 18:40:57,influencer,monthly,web
3159,2026-07-24 08:42:54,paid_search,monthly,android
3160,2026-06-05 04:37:23,organic,monthly,ios
3161,2026-07-10 20:37:52,organic,monthly,ios
3162,2026-05-31 09:17:06,referral,annual,android
3163,2026-03-21 20:28:20,influencer,monthly,android
3164,2026-04-07 19:20:57,influencer,monthly,ios
3165,2026-03-01 09:40:30,influencer,monthly,web
3166,2026-07-29 00:56:33,referral,annual,ios
3167,2026-08-26 08:27:08,paid_search,monthly,ios
3168,2026-04-14 01:32:06,referral,monthly,android
3169,2026-03-04 07:01:44,referral,annual,android
3170,2026-04-05 02:27:58,influencer,monthly,web
3171,2026-03-30 10:44:29,organic,monthly,ios
3172,2026-04-19 08:29:00,organic,monthly,android
3173,2026-08-27 14:57:08,paid_search,monthly,android
3174,2026-07-29 09:18:04,organic,monthly,ios
3175,2026-04-18 08:55:40,influencer,monthly,ios
3176,2026-07-19 11:29:38,paid_search,monthly,ios
3177,2026-04-18 00:07:36,influencer,monthly,android
3178,2026-06-06 11:19:38,paid_search,monthly,android
3179,2026-06-29 04:34:26,organic,monthly,web
3180,2026-05-24 09:34:35,influencer,annual,android
3181,2026-07-20 07:20:44,paid_search,monthly,android
3182,2026-03-05 19:18:06,organic,monthly,ios
3183,2026-07-16 20:09:02,paid_search,monthly,ios
3184,2026-04-06 20:35:43,influencer,annual,ios
3185,2026-05-23 02:50:32,paid_search,annual,web
3186,2026-08-11 21:07:59,influencer,monthly,ios
3187,2026-04-03 22:49:52,organic,monthly,web
3188,2026-04-07 07:28:47,paid_search,monthly,ios
3189,2026-05-18 03:17:32,organic,monthly,web
3190,2026-08-16 16:56:23,paid_search,annual,android
3191,2026-06-27 19:31:58,paid_search,monthly,ios
3192,2026-04-14 16:45:34,paid_search,annual,ios
3193,2026-08-20 12:09:08,paid_search,monthly,android
3194,2026-05-28 22:00:47,organic,monthly,ios
3195,2026-05-02 16:33:35,paid_search,annual,web
3196,2026-08-19 11:25:44,organic,annual,android
3197,2026-07-03 13:06:08,referral,monthly,ios
3198,2026-07-31 23:51:17,paid_search,monthly,android
3199,2026-06-06 22:51:02,paid_search,monthly,web
3200,2026-08-24 12:23:34,referral,monthly,ios
3201,2026-06-22 09:31:23,paid_search,monthly,ios
3202,2026-04-11 21:30:19,paid_search,monthly,android
3203,2026-08-28 22:18:49,influencer,annual,android
3204,2026-05-20 03:35:39,referral,annual,android
3205,2026-08-22 19:39:49,paid_search,monthly,android
3206,2026-07-06 00:43:26,organic,annual,ios
3207,2026-03-18 22:21:58,organic,monthly,ios
3208,2026-05-03 12:55:20,organic,monthly,ios
3209,2026-05-13 06:14:07,paid_search,annual,android
3210,2026-07-29 10:38:36,referral,monthly,web
3211,2026-04-02 18:32:54,influencer,monthly,ios
3212,2026-06-30 22:49:57,referral,monthly,android
3213,2026-03-03 08:47:47,referral,monthly,web
3214,2026-03-14 18:31:20,paid_search,monthly,ios
3215,2026-05-12 13:38:44,paid_search,monthly,ios
3216,2026-07-09 03:31:02,paid_search,monthly,android
3217,2026-07-18 23:40:41,paid_search,monthly,ios
3218,2026-03-30 21:26:16,paid_search,monthly,web
3219,2026-06-10 07:30:27,organic,annual,ios
3220,2026-04-29 13:48:35,organic,monthly,ios
3221,2026-05-09 11:32:44,paid_search,annual,ios
3222,2026-05-16 03:07:35,organic,annual,android
3223,2026-08-14 08:17:24,organic,annual,web
3224,2026-03-23 23:31:13,paid_search,annual,web
3225,2026-06-03 07:43:44,referral,monthly,android
3226,2026-07-02 16:12:39,referral,monthly,web
3227,2026-08-04 21:29:14,organic,monthly,web
3228,2026-07-02 06:36:40,organic,monthly,ios
3229,2026-04-05 05:38:36,organic,annual,android
3230,2026-06-17 15:06:36,referral,monthly,web
3231,2026-05-28 19:22:27,referral,annual,android
3232,2026-07-07 14:00:37,influencer,monthly,web
3233,2026-08-09 19:20:21,organic,annual,android
3234,2026-04-26 03:40:33,organic,annual,android
3235,2026-04-26 11:19:09,organic,monthly,ios
3236,2026-06-02 06:49:20,referral,monthly,android
3237,2026-04-25 23:21:50,paid_search,monthly,ios
3238,2026-08-16 01:00:25,referral,monthly,android
3239,2026-08-27 19:17:03,organic,monthly,web
3240,2026-08-12 15:33:21,paid_search,monthly,ios
3241,2026-06-11 18:49:27,referral,annual,android
3242,2026-03-23 11:07:16,referral,monthly,web
3243,2026-08-26 11:43:28,organic,monthly,android
3244,2026-08-09 08:58:26,paid_search,monthly,android
3245,2026-04-04 02:40:11,referral,annual,web
3246,2026-08-14 03:48:33,paid_search,annual,android
3247,2026-08-17 16:09:02,referral,monthly,ios
3248,2026-07-22 12:45:23,referral,monthly,ios
3249,2026-05-20 22:26:20,referral,monthly,android
3250,2026-05-18 01:21:24,referral,monthly,ios
3251,2026-03-24 09:42:58,paid_search,monthly,web
3252,2026-04-13 08:21:39,paid_search,monthly,android
3253,2026-04-26 04:19:22,referral,monthly,web
3254,2026-07-29 13:56:15,referral,monthly,ios
3255,2026-03-18 03:57:29,paid_search,monthly,android
3256,2026-08-19 13:47:05,organic,annual,ios
3257,2026-06-15 18:51:49,organic,monthly,ios
3258,2026-08-08 14:05:43,paid_search,monthly,android
3259,2026-08-17 20:51:22,referral,monthly,web
3260,2026-05-20 05:23:48,organic,monthly,android
3261,2026-07-12 21:18:23,paid_search,monthly,ios
3262,2026-04-05 18:18:07,organic,monthly,android
3263,2026-04-05 06:00:47,organic,annual,web
3264,2026-08-20 13:26:52,paid_search,monthly,web
3265,2026-05-22 21:08:17,organic,monthly,ios
3266,2026-05-23 16:51:58,organic,monthly,ios
3267,2026-04-25 01:39:17,paid_search,monthly,web
3268,2026-03-13 18:37:16,organic,annual,android
3269,2026-08-06 19:45:15,organic,monthly,ios
3270,2026-08-03 22:48:42,organic,monthly,android
3271,2026-04-30 16:02:13,influencer,annual,android
3272,2026-05-18 09:59:26,organic,monthly,ios
3273,2026-05-08 13:58:00,paid_search,monthly,ios
3274,2026-04-14 00:03:46,paid_search,annual,android
3275,2026-07-10 15:21:53,influencer,annual,ios
3276,2026-04-01 04:21:04,paid_search,annual,web
3277,2026-06-08 11:03:25,paid_search,monthly,android
3278,2026-03-20 09:55:21,paid_search,annual,ios
3279,2026-06-17 10:35:17,referral,annual,web
3280,2026-06-11 10:45:09,organic,monthly,web
3281,2026-05-28 22:54:17,referral,monthly,ios
3282,2026-06-21 01:14:36,paid_search,monthly,web
3283,2026-06-07 22:26:52,paid_search,monthly,android
3284,2026-04-29 21:22:54,referral,annual,ios
3285,2026-05-17 08:33:41,paid_search,monthly,android
3286,2026-03-22 15:36:58,referral,annual,web
3287,2026-07-05 11:03:50,influencer,annual,ios
3288,2026-05-29 05:48:29,organic,annual,android
3289,2026-08-05 12:34:43,paid_search,monthly,android
3290,2026-07-08 13:13:46,organic,monthly,android
3291,2026-07-21 08:45:33,paid_search,annual,web
3292,2026-04-28 12:23:19,paid_search,monthly,web
3293,2026-03-03 23:25:37,paid_search,annual,web
3294,2026-08-18 17:01:38,paid_search,monthly,ios
3295,2026-07-18 06:21:28,paid_search,annual,android
3296,2026-08-09 15:06:18,referral,annual,android
3297,2026-04-28 06:42:22,referral,monthly,ios
3298,2026-05-24 18:02:50,influencer,annual,ios
3299,2026-03-06 05:40:47,paid_search,monthly,android
3300,2026-08-26 13:21:07,paid_search,monthly,ios
3301,2026-03-18 10:39:39,organic,monthly,android
3302,2026-03-14 17:06:23,organic,monthly,android
3303,2026-03-13 21:13:19,paid_search,monthly,web
3304,2026-03-06 07:40:19,organic,annual,ios
3305,2026-07-25 05:30:32,referral,monthly,android
3306,2026-06-25 13:46:51,referral,monthly,web
3307,2026-05-28 12:22:31,referral,monthly,android
3308,2026-08-09 20:25:54,organic,annual,ios
3309,2026-06-20 15:33:44,organic,annual,web
3310,2026-07-31 06:56:08,paid_search,monthly,ios
3311,2026-07-28 00:09:28,organic,annual,android
3312,2026-08-10 22:37:37,organic,monthly,android
3313,2026-08-20 08:27:02,referral,annual,web
3314,2026-05-06 21:54:48,organic,monthly,web
3315,2026-03-27 22:33:28,organic,monthly,ios
3316,2026-07-08 14:03:55,referral,monthly,web
3317,2026-07-20 23:35:36,referral,monthly,ios
3318,2026-07-30 16:00:34,paid_search,monthly,android
3319,2026-08-17 02:08:59,paid_search,monthly,ios
3320,2026-05-16 12:54:30,referral,monthly,android
3321,2026-08-03 10:57:50,influencer,monthly,ios
3322,2026-06-30 03:19:54,organic,monthly,ios
3323,2026-07-10 17:57:54,influencer,annual,android
3324,2026-08-09 19:58:29,influencer,monthly,android
3325,2026-04-04 11:00:28,referral,monthly,android
3326,2026-05-23 08:21:26,organic,annual,android
3327,2026-04-18 23:32:17,organic,annual,web
3328,2026-05-20 03:36:18,organic,annual,ios
3329,2026-07-26 23:18:37,influencer,monthly,ios
3330,2026-08-21 09:15:54,influencer,monthly,android
3331,2026-04-07 11:57:09,paid_search,monthly,ios
3332,2026-04-25 17:24:15,paid_search,monthly,android
3333,2026-03-16 14:40:08,organic,annual,android
3334,2026-03-05 18:15:03,referral,monthly,ios
3335,2026-04-07 09:43:23,referral,monthly,android
3336,2026-06-16 02:32:27,paid_search,annual,android
3337,2026-08-29 09:32:16,paid_search,annual,android
3338,2026-04-12 13:18:36,organic,monthly,ios
3339,2026-06-20 09:25:44,influencer,annual,ios
3340,2026-05-29 21:22:13,paid_search,monthly,android
3341,2026-08-29 15:41:13,referral,monthly,android
3342,2026-03-08 22:03:01,referral,annual,android
3343,2026-05-03 02:55:30,influencer,annual,android
3344,2026-05-23 20:20:50,organic,annual,android
3345,2026-08-05 05:16:55,referral,annual,web
3346,2026-05-08 01:24:08,organic,monthly,ios
3347,2026-06-01 20:34:16,referral,monthly,ios
3348,2026-04-20 19:06:29,paid_search,annual,ios
3349,2026-06-11 09:35:54,organic,monthly,android
3350,2026-08-01 09:01:32,paid_search,monthly,ios
3351,2026-08-09 18:23:56,organic,monthly,web
3352,2026-08-31 08:37:09,organic,monthly,ios
3353,2026-04-10 00:40:03,referral,monthly,web
3354,2026-06-26 15:54:02,referral,annual,ios
3355,2026-08-09 18:57:00,organic,monthly,ios
3356,2026-06-04 17:04:31,influencer,annual,web
3357,2026-05-14 23:37:03,organic,monthly,web
3358,2026-06-20 00:44:25,influencer,monthly,ios
3359,2026-04-11 11:58:37,organic,annual,ios
3360,2026-07-26 08:49:32,paid_search,monthly,web
3361,2026-03-19 01:38:50,paid_search,annual,web
3362,2026-04-28 19:30:28,paid_search,monthly,ios
3363,2026-03-31 22:40:33,organic,monthly,ios
3364,2026-05-24 16:37:19,paid_search,annual,android
3365,2026-05-28 20:00:15,organic,monthly,android
3366,2026-08-18 05:09:56,influencer,annual,web
3367,2026-04-29 19:38:13,influencer,monthly,android
3368,2026-08-20 06:51:12,influencer,monthly,ios
3369,2026-04-14 15:51:17,organic,monthly,web
3370,2026-07-23 13:20:03,referral,monthly,ios
3371,2026-06-12 21:53:42,organic,annual,android
3372,2026-08-25 14:24:38,organic,monthly,android
3373,2026-03-05 19:23:57,paid_search,annual,android
3374,2026-04-07 15:36:20,organic,monthly,ios
3375,2026-06-17 21:02:56,paid_search,annual,web
3376,2026-07-06 19:37:20,referral,monthly,web
3377,2026-07-14 20:49:14,organic,monthly,android
3378,2026-04-10 12:49:20,paid_search,monthly,android
3379,2026-03-21 16:51:25,organic,monthly,ios
3380,2026-04-09 00:41:44,influencer,monthly,ios
3381,2026-05-29 06:51:41,organic,monthly,web
3382,2026-07-08 05:22:58,organic,monthly,web
3383,2026-05-30 11:03:24,organic,monthly,android
3384,2026-03-13 13:02:14,organic,monthly,ios
3385,2026-07-23 13:29:10,influencer,monthly,ios
3386,2026-07-02 14:18:41,referral,monthly,android
3387,2026-05-10 05:24:40,paid_search,monthly,android
3388,2026-04-15 09:29:01,referral,monthly,web
3389,2026-08-08 10:54:49,paid_search,monthly,ios
3390,2026-05-10 04:35:13,organic,monthly,ios
3391,2026-05-12 20:41:58,organic,annual,android
3392,2026-03-13 21:55:22,organic,monthly,ios
3393,2026-04-02 12:04:10,paid_search,monthly,ios
3394,2026-04-09 23:27:33,organic,monthly,android
3395,2026-08-16 16:23:44,organic,annual,android
3396,2026-06-15 13:48:06,paid_search,annual,android
3397,2026-03-05 12:38:01,paid_search,monthly,web
3398,2026-08-02 08:47:47,referral,monthly,ios
3399,2026-06-19 02:11:03,paid_search,annual,android
3400,2026-03-13 10:47:15,paid_search,monthly,ios
3401,2026-03-13 17:32:46,paid_search,monthly,ios
3402,2026-04-24 17:25:08,paid_search,annual,web
3403,2026-07-15 03:40:14,influencer,monthly,ios
3404,2026-05-25 16:49:27,organic,monthly,android
3405,2026-05-29 18:35:09,referral,monthly,web
3406,2026-05-16 05:38:29,organic,monthly,android
3407,2026-04-12 10:51:42,referral,monthly,android
3408,2026-06-17 18:06:49,organic,monthly,android
3409,2026-05-05 07:42:19,paid_search,annual,ios
3410,2026-07-31 06:01:50,organic,monthly,web
3411,2026-08-02 06:14:22,referral,monthly,android
3412,2026-08-11 17:46:52,referral,monthly,android
3413,2026-07-07 17:30:51,paid_search,monthly,web
3414,2026-04-11 04:23:56,paid_search,monthly,ios
3415,2026-07-30 20:46:33,organic,annual,ios
3416,2026-06-23 05:31:53,influencer,annual,web
3417,2026-04-21 18:00:12,paid_search,annual,ios
3418,2026-04-17 08:30:39,referral,annual,web
3419,2026-07-13 14:22:21,organic,monthly,ios
3420,2026-03-22 09:28:57,referral,monthly,ios
3421,2026-04-02 20:22:21,paid_search,monthly,ios
3422,2026-08-21 11:13:36,organic,monthly,android
3423,2026-08-12 18:03:52,organic,monthly,ios
3424,2026-06-27 12:53:15,influencer,annual,android
3425,2026-05-26 19:57:51,paid_search,annual,android
3426,2026-04-11 22:04:59,organic,monthly,android
3427,2026-08-21 06:19:33,paid_search,monthly,android
3428,2026-04-06 11:42:20,paid_search,annual,ios
3429,2026-05-15 11:43:42,paid_search,monthly,android
3430,2026-03-29 02:50:45,organic,monthly,ios
3431,2026-05-28 01:30:57,organic,monthly,web
3432,2026-08-30 00:54:42,paid_search,monthly,ios
3433,2026-07-05 16:09:34,referral,monthly,android
3434,2026-03-22 18:34:15,organic,monthly,android
3435,2026-03-29 22:02:15,influencer,annual,android
3436,2026-07-13 07:32:59,referral,monthly,ios
3437,2026-07-16 04:49:20,referral,monthly,android
3438,2026-04-07 01:53:13,paid_search,monthly,ios
3439,2026-08-13 01:03:30,influencer,monthly,ios
3440,2026-04-22 18:58:10,referral,monthly,ios
3441,2026-06-26 21:20:16,paid_search,monthly,web
3442,2026-08-19 15:19:53,paid_search,monthly,android
3443,2026-05-20 00:53:34,referral,monthly,web
3444,2026-03-28 20:06:38,paid_search,annual,web
3445,2026-05-16 04:33:13,influencer,monthly,ios
3446,2026-07-31 13:52:09,organic,monthly,ios
3447,2026-05-03 16:15:20,referral,monthly,ios
3448,2026-03-29 03:35:07,organic,monthly,android
3449,2026-08-08 20:37:46,influencer,annual,android
3450,2026-07-09 07:24:58,referral,annual,ios
3451,2026-07-09 13:49:06,referral,monthly,android
3452,2026-04-08 01:59:06,paid_search,monthly,android
3453,2026-04-04 09:34:48,paid_search,monthly,android
3454,2026-04-13 19:52:37,referral,monthly,ios
3455,2026-04-16 09:54:16,paid_search,monthly,ios
3456,2026-07-25 13:32:18,referral,monthly,android
3457,2026-06-01 12:43:01,paid_search,monthly,web
3458,2026-06-12 20:30:38,paid_search,monthly,android
3459,2026-06-10 10:13:11,paid_search,annual,ios
3460,2026-05-18 20:06:05,influencer,monthly,web
3461,2026-04-03 21:41:24,organic,annual,android
3462,2026-03-15 02:49:45,paid_search,monthly,ios
3463,2026-06-14 02:36:07,organic,monthly,ios
3464,2026-03-26 15:19:29,referral,monthly,android
3465,2026-04-04 19:49:26,paid_search,monthly,android
3466,2026-07-21 12:18:08,referral,annual,ios
3467,2026-08-24 17:01:17,paid_search,monthly,android
3468,2026-07-14 12:19:07,paid_search,monthly,web
3469,2026-06-26 00:44:14,influencer,monthly,ios
3470,2026-08-11 08:00:59,referral,monthly,web
3471,2026-07-06 15:39:31,organic,monthly,android
3472,2026-07-02 17:53:45,paid_search,monthly,android
3473,2026-05-18 07:41:29,influencer,monthly,android
3474,2026-06-19 07:29:20,referral,annual,android
3475,2026-06-22 21:53:48,organic,monthly,ios
3476,2026-08-12 22:44:21,referral,annual,ios
3477,2026-03-03 08:58:53,organic,monthly,android
3478,2026-06-08 14:10:27,paid_search,monthly,web
3479,2026-05-19 04:36:17,paid_search,monthly,android
3480,2026-06-24 06:00:13,paid_search,monthly,android
3481,2026-05-28 02:09:34,referral,monthly,ios
3482,2026-04-06 16:45:16,referral,monthly,ios
3483,2026-06-27 13:52:49,paid_search,monthly,ios
3484,2026-04-28 03:34:43,referral,monthly,android
3485,2026-06-27 04:51:44,influencer,monthly,ios
3486,2026-03-10 10:31:10,paid_search,annual,web
3487,2026-06-27 14:38:31,paid_search,monthly,ios
3488,2026-05-11 07:01:24,paid_search,monthly,ios
3489,2026-03-17 11:33:42,organic,annual,android
3490,2026-07-27 22:00:44,paid_search,monthly,android
3491,2026-04-20 15:53:08,paid_search,annual,ios
3492,2026-08-09 20:04:04,organic,annual,android
3493,2026-06-24 17:33:00,referral,monthly,android
3494,2026-06-12 18:24:51,organic,annual,ios
3495,2026-04-01 08:54:27,paid_search,monthly,ios
3496,2026-05-12 01:32:05,referral,annual,web
3497,2026-08-25 15:26:51,referral,monthly,android
3498,2026-06-22 09:59:02,paid_search,annual,ios
3499,2026-06-24 16:45:09,organic,monthly,web
3500,2026-07-27 10:28:43,referral,monthly,android
3501,2026-04-08 05:13:56,referral,annual,android
3502,2026-07-04 16:27:13,paid_search,monthly,android
3503,2026-05-01 15:14:03,referral,monthly,ios
3504,2026-08-29 16:27:55,paid_search,monthly,ios
3505,2026-06-10 03:58:36,referral,monthly,android
3506,2026-07-08 19:15:39,organic,monthly,ios
3507,2026-06-13 14:04:37,paid_search,monthly,web
3508,2026-07-11 04:06:04,paid_search,monthly,web
3509,2026-08-15 00:47:41,referral,monthly,android
3510,2026-03-07 11:12:27,paid_search,annual,web
3511,2026-06-26 20:22:23,paid_search,annual,android
3512,2026-05-29 16:43:11,influencer,monthly,web
3513,2026-08-27 20:57:41,paid_search,monthly,android
3514,2026-06-02 00:28:32,referral,monthly,ios
3515,2026-07-20 16:04:30,referral,monthly,web
3516,2026-04-17 23:32:55,organic,monthly,android
3517,2026-04-24 23:08:46,influencer,monthly,android
3518,2026-07-16 12:17:02,paid_search,monthly,web
3519,2026-06-20 01:51:44,organic,monthly,ios
3520,2026-06-29 10:53:59,organic,monthly,android
3521,2026-05-08 09:10:19,referral,annual,web
3522,2026-03-28 10:59:05,referral,monthly,android
3523,2026-08-26 07:40:07,organic,monthly,web
3524,2026-04-27 09:54:49,referral,monthly,android
3525,2026-05-19 10:46:35,organic,annual,android
3526,2026-07-29 08:14:32,paid_search,monthly,ios
3527,2026-08-18 04:14:35,organic,monthly,ios
3528,2026-06-26 18:18:42,paid_search,monthly,ios
3529,2026-07-14 13:28:35,influencer,monthly,web
3530,2026-05-10 08:28:56,referral,monthly,web
3531,2026-07-06 18:42:19,paid_search,monthly,web
3532,2026-05-17 23:41:33,influencer,monthly,ios
3533,2026-08-20 04:07:59,paid_search,annual,android
3534,2026-07-03 08:33:47,referral,monthly,web
3535,2026-08-08 04:11:57,influencer,annual,ios
3536,2026-05-25 16:26:56,paid_search,annual,ios
3537,2026-05-05 03:47:44,paid_search,monthly,ios
3538,2026-08-27 03:45:45,organic,monthly,ios
3539,2026-05-03 20:21:17,organic,annual,web
3540,2026-07-07 05:38:37,paid_search,monthly,android
3541,2026-06-28 11:26:10,influencer,annual,android
3542,2026-08-09 18:09:00,organic,annual,web
3543,2026-05-27 16:29:55,influencer,monthly,android
3544,2026-08-06 02:07:20,paid_search,monthly,ios
3545,2026-08-04 09:00:52,paid_search,monthly,android
3546,2026-08-17 21:27:47,paid_search,monthly,ios
3547,2026-04-11 14:58:53,organic,annual,android
3548,2026-07-02 07:47:07,influencer,annual,web
3549,2026-05-23 22:10:42,organic,monthly,android
3550,2026-08-24 00:12:37,organic,monthly,android
3551,2026-04-23 15:57:29,influencer,annual,ios
3552,2026-03-30 13:32:06,referral,annual,android
3553,2026-04-02 08:21:46,referral,monthly,android
3554,2026-03-27 21:25:49,paid_search,monthly,android
3555,2026-08-22 06:30:50,organic,monthly,ios
3556,2026-03-17 17:34:28,referral,annual,ios
3557,2026-06-30 07:16:48,organic,monthly,android
3558,2026-05-15 20:09:17,organic,monthly,web
3559,2026-07-24 02:56:15,paid_search,monthly,android
3560,2026-04-07 10:35:41,organic,monthly,android
3561,2026-05-30 19:11:35,paid_search,monthly,ios
3562,2026-04-05 07:12:16,organic,monthly,android
3563,2026-08-22 09:12:56,organic,monthly,web
3564,2026-07-13 17:26:44,referral,annual,ios
3565,2026-04-25 00:25:33,referral,monthly,ios
3566,2026-07-06 09:17:59,organic,annual,android
3567,2026-03-10 01:31:35,influencer,annual,web
3568,2026-07-14 13:14:41,organic,monthly,android
3569,2026-08-01 11:00:48,paid_search,monthly,web
3570,2026-03-02 20:08:20,paid_search,monthly,ios
3571,2026-04-04 15:04:02,paid_search,annual,web
3572,2026-08-05 03:04:41,organic,monthly,ios
3573,2026-08-31 17:54:59,paid_search,monthly,ios
3574,2026-04-10 17:36:18,organic,monthly,android
3575,2026-06-30 09:46:49,referral,monthly,ios
3576,2026-04-22 20:53:25,influencer,monthly,android
3577,2026-04-11 19:48:55,organic,monthly,web
3578,2026-04-16 03:33:33,paid_search,annual,android
3579,2026-06-01 20:52:40,paid_search,monthly,android
3580,2026-07-22 06:24:19,influencer,monthly,ios
3581,2026-08-28 18:56:40,influencer,monthly,ios
3582,2026-08-05 06:24:16,referral,annual,ios
3583,2026-04-30 19:44:47,paid_search,annual,ios
3584,2026-03-02 01:45:01,paid_search,annual,android
3585,2026-07-13 21:34:58,organic,annual,web
3586,2026-07-08 10:57:14,organic,monthly,web
3587,2026-08-30 07:46:40,paid_search,annual,web
3588,2026-06-27 15:22:21,paid_search,monthly,android
3589,2026-05-12 21:06:49,paid_search,monthly,ios
3590,2026-06-13 13:40:33,referral,monthly,ios
3591,2026-06-15 14:05:16,influencer,monthly,web
3592,2026-05-25 06:43:39,organic,monthly,android
3593,2026-06-25 08:11:03,influencer,monthly,ios
3594,2026-05-14 16:23:37,referral,monthly,web
3595,2026-03-20 10:43:08,influencer,annual,ios
3596,2026-03-27 00:06:32,organic,monthly,ios
3597,2026-05-15 07:34:10,referral,monthly,web
3598,2026-04-14 08:01:01,paid_search,monthly,ios
3599,2026-06-17 04:40:54,referral,annual,web
3600,2026-06-18 04:34:09,organic,monthly,ios
3601,2026-08-29 21:25:50,organic,monthly,android
3602,2026-07-29 06:33:19,paid_search,monthly,web
3603,2026-03-07 19:16:12,influencer,monthly,ios
3604,2026-07-30 17:13:55,paid_search,monthly,android
3605,2026-05-27 13:47:51,paid_search,monthly,android
3606,2026-08-29 17:51:23,organic,monthly,ios
3607,2026-07-15 14:05:50,organic,monthly,android
3608,2026-03-02 06:41:24,paid_search,monthly,ios
3609,2026-03-28 11:24:34,paid_search,monthly,ios
3610,2026-05-03 01:06:33,referral,monthly,ios
3611,2026-08-10 06:22:29,referral,monthly,ios
3612,2026-08-16 01:02:33,influencer,annual,android
3613,2026-07-20 05:46:01,paid_search,monthly,web
3614,2026-08-06 01:29:34,organic,monthly,android
3615,2026-07-04 08:52:05,organic,monthly,ios
3616,2026-03-02 19:14:41,organic,annual,android
3617,2026-04-17 21:38:05,referral,monthly,web
3618,2026-04-25 18:06:21,referral,monthly,ios
3619,2026-05-10 06:18:25,organic,annual,android
3620,2026-08-01 13:13:35,organic,monthly,web
3621,2026-04-14 06:41:51,referral,monthly,android
3622,2026-06-09 23:35:11,paid_search,monthly,ios
3623,2026-05-13 03:36:20,organic,monthly,android
3624,2026-07-27 22:02:41,referral,monthly,web
3625,2026-06-30 08:08:33,influencer,monthly,android
3626,2026-07-20 10:58:12,organic,monthly,ios
3627,2026-04-24 13:29:06,referral,monthly,android
3628,2026-04-01 23:42:09,paid_search,monthly,ios
3629,2026-06-09 10:58:30,paid_search,monthly,web
3630,2026-08-16 06:49:14,organic,monthly,android
3631,2026-05-15 00:10:26,referral,annual,web
3632,2026-03-03 16:43:04,organic,monthly,ios
3633,2026-04-07 19:26:59,organic,monthly,web
3634,2026-03-13 01:45:34,organic,monthly,android
3635,2026-06-30 06:43:50,referral,annual,android
3636,2026-03-16 09:34:12,paid_search,monthly,android
3637,2026-06-01 02:18:48,paid_search,annual,android
3638,2026-08-14 13:49:33,referral,monthly,android
3639,2026-05-28 20:49:07,paid_search,monthly,web
3640,2026-07-29 18:20:38,referral,annual,web
3641,2026-03-09 06:27:10,organic,annual,android
3642,2026-03-06 00:33:39,influencer,monthly,ios
3643,2026-05-01 21:15:37,paid_search,monthly,ios
3644,2026-07-08 12:57:09,referral,annual,web
3645,2026-07-23 08:33:56,organic,annual,web
3646,2026-03-29 13:48:31,paid_search,monthly,android
3647,2026-03-11 02:57:56,influencer,monthly,ios
3648,2026-05-29 11:11:01,organic,annual,ios
3649,2026-03-17 18:02:42,referral,monthly,web
3650,2026-08-30 04:35:33,influencer,monthly,ios
3651,2026-04-17 16:37:23,paid_search,annual,ios
3652,2026-04-11 23:36:14,organic,monthly,ios
3653,2026-07-03 03:18:52,organic,annual,ios
3654,2026-07-19 16:37:09,paid_search,monthly,android
3655,2026-08-12 05:47:29,paid_search,monthly,ios
3656,2026-07-31 07:36:51,referral,annual,web
3657,2026-06-08 02:24:38,organic,monthly,web
3658,2026-08-23 11:22:43,paid_search,annual,ios
3659,2026-07-09 14:31:12,referral,annual,ios
3660,2026-05-01 05:17:24,referral,monthly,android
3661,2026-05-26 18:05:31,paid_search,monthly,android
3662,2026-04-15 09:22:24,referral,annual,web
3663,2026-04-27 10:18:23,organic,monthly,web
3664,2026-07-22 22:52:03,influencer,monthly,android
3665,2026-05-05 04:08:10,referral,annual,android
3666,2026-04-29 22:34:44,referral,monthly,android
3667,2026-07-23 23:47:21,organic,monthly,android
3668,2026-05-11 03:36:49,referral,monthly,ios
3669,2026-07-27 09:52:00,organic,monthly,android
3670,2026-05-23 13:40:54,referral,monthly,web
3671,2026-05-29 22:02:45,referral,monthly,ios
3672,2026-08-09 00:32:41,organic,monthly,ios
3673,2026-03-25 08:33:16,influencer,annual,ios
3674,2026-07-29 02:33:06,referral,monthly,android
3675,2026-08-25 08:50:58,paid_search,monthly,android
3676,2026-08-31 05:31:01,organic,annual,android
3677,2026-04-15 05:09:17,paid_search,annual,ios
3678,2026-05-03 22:48:55,influencer,monthly,android
3679,2026-05-18 19:42:52,organic,annual,web
3680,2026-08-18 07:56:31,paid_search,monthly,web
3681,2026-06-21 09:27:03,organic,annual,android
3682,2026-03-02 02:09:43,organic,annual,android
3683,2026-03-08 05:14:43,organic,monthly,android
3684,2026-03-11 09:27:13,paid_search,monthly,web
3685,2026-08-04 11:16:05,influencer,monthly,android
3686,2026-08-06 00:20:31,organic,monthly,web
3687,2026-05-13 03:54:30,organic,monthly,ios
3688,2026-04-23 06:03:57,referral,annual,ios
3689,2026-03-17 19:17:25,referral,monthly,ios
3690,2026-04-05 20:54:13,paid_search,monthly,ios
3691,2026-08-30 00:38:50,paid_search,monthly,web
3692,2026-06-21 23:48:41,organic,monthly,ios
3693,2026-03-24 05:40:29,referral,monthly,android
3694,2026-03-24 23:36:15,influencer,monthly,web
3695,2026-03-02 17:27:52,paid_search,monthly,android
3696,2026-06-30 10:17:02,organic,monthly,android
3697,2026-06-28 21:59:39,referral,monthly,ios
3698,2026-08-05 11:31:28,influencer,monthly,web
3699,2026-04-20 17:31:15,paid_search,annual,android
3700,2026-08-27 07:45:50,paid_search,monthly,ios
3701,2026-04-25 06:40:58,paid_search,annual,ios
3702,2026-05-24 12:27:09,organic,monthly,ios
3703,2026-03-09 05:33:51,referral,monthly,android
3704,2026-08-02 20:29:13,referral,monthly,ios
3705,2026-04-09 07:30:58,organic,monthly,web
3706,2026-04-07 13:08:25,organic,monthly,android
3707,2026-07-21 04:01:44,influencer,annual,ios
3708,2026-06-02 12:17:57,organic,monthly,ios
3709,2026-03-29 21:36:58,influencer,monthly,android
3710,2026-04-17 02:22:28,influencer,annual,ios
3711,2026-05-04 20:59:36,paid_search,annual,android
3712,2026-07-07 22:13:18,influencer,monthly,ios
3713,2026-04-09 03:48:06,referral,annual,ios
3714,2026-07-16 18:20:06,paid_search,annual,ios
3715,2026-04-19 13:29:48,paid_search,monthly,ios
3716,2026-07-16 11:57:49,organic,monthly,web
3717,2026-07-07 22:58:50,referral,monthly,android
3718,2026-03-29 20:02:27,organic,monthly,ios
3719,2026-04-11 23:49:37,referral,monthly,web
3720,2026-05-15 11:42:36,organic,monthly,web
3721,2026-08-14 23:43:57,paid_search,monthly,ios
3722,2026-08-10 21:33:43,paid_search,monthly,android
3723,2026-05-05 22:13:21,paid_search,monthly,web
3724,2026-04-14 07:51:51,paid_search,annual,web
3725,2026-05-13 18:44:44,referral,annual,ios
3726,2026-06-22 17:47:02,organic,monthly,web
3727,2026-03-15 21:16:08,influencer,monthly,ios
3728,2026-08-05 14:54:37,influencer,annual,ios
3729,2026-07-25 07:51:34,paid_search,monthly,android
3730,2026-07-12 02:45:20,referral,monthly,web
3731,2026-06-19 13:36:11,organic,annual,ios
3732,2026-03-01 05:47:03,organic,monthly,android
3733,2026-06-04 04:31:39,organic,annual,ios
3734,2026-05-18 22:03:33,organic,annual,ios
3735,2026-05-18 09:09:16,referral,monthly,android
3736,2026-06-29 06:32:58,referral,monthly,web
3737,2026-08-01 03:54:06,paid_search,monthly,android
3738,2026-05-30 12:03:40,organic,annual,ios
3739,2026-07-02 23:11:20,paid_search,monthly,android
3740,2026-04-22 22:59:40,paid_search,annual,ios
3741,2026-04-09 05:30:57,organic,annual,ios
3742,2026-06-15 14:09:55,paid_search,monthly,android
3743,2026-07-19 02:37:50,influencer,monthly,ios
3744,2026-08-31 03:03:43,influencer,annual,android
3745,2026-04-30 22:46:10,referral,monthly,ios
3746,2026-04-10 14:00:51,referral,monthly,web
3747,2026-05-16 08:04:51,organic,annual,web
3748,2026-06-03 10:29:42,influencer,monthly,ios
3749,2026-08-06 06:13:00,organic,annual,ios
3750,2026-08-23 12:06:17,organic,monthly,web
3751,2026-06-15 22:29:01,organic,monthly,ios
3752,2026-04-10 07:05:12,paid_search,monthly,web
3753,2026-03-30 14:07:14,referral,monthly,android
3754,2026-07-04 13:37:19,paid_search,monthly,web
3755,2026-08-19 00:15:47,organic,monthly,ios
3756,2026-08-14 14:08:38,paid_search,annual,web
3757,2026-05-19 18:53:10,paid_search,monthly,ios
3758,2026-06-24 20:32:02,referral,monthly,ios
3759,2026-08-11 21:38:00,referral,monthly,android
3760,2026-06-23 21:35:17,paid_search,monthly,android
3761,2026-04-23 07:30:14,organic,monthly,ios
3762,2026-03-19 05:15:45,paid_search,monthly,android
3763,2026-04-05 10:34:15,referral,annual,ios
3764,2026-03-26 08:37:06,organic,monthly,ios
3765,2026-04-20 17:41:34,paid_search,monthly,ios
3766,2026-06-21 05:56:02,influencer,monthly,web
3767,2026-07-08 05:57:26,influencer,monthly,web
3768,2026-07-13 15:53:05,referral,monthly,ios
3769,2026-04-13 15:58:30,paid_search,annual,web
3770,2026-03-23 13:13:35,referral,monthly,ios
3771,2026-06-01 21:53:10,referral,monthly,android
3772,2026-08-26 01:32:15,paid_search,annual,ios
3773,2026-03-10 18:01:24,paid_search,monthly,web
3774,2026-06-15 10:06:28,organic,monthly,web
3775,2026-07-21 19:29:08,organic,monthly,ios
3776,2026-08-24 11:04:22,referral,monthly,android
3777,2026-08-25 11:18:27,paid_search,monthly,android
3778,2026-03-20 10:13:01,referral,monthly,web
3779,2026-07-14 18:59:14,referral,monthly,ios
3780,2026-08-24 11:30:53,influencer,monthly,ios
3781,2026-08-08 01:44:12,organic,monthly,android
3782,2026-08-21 06:49:04,referral,monthly,ios
3783,2026-06-08 08:45:49,paid_search,monthly,web
3784,2026-05-09 17:03:11,referral,monthly,ios
3785,2026-07-06 10:52:48,referral,monthly,ios
3786,2026-08-15 15:07:19,organic,annual,android
3787,2026-07-28 13:02:52,referral,monthly,android
3788,2026-06-12 23:16:12,referral,annual,web
3789,2026-07-25 07:59:17,paid_search,monthly,android
3790,2026-03-19 03:56:24,paid_search,annual,android
3791,2026-08-10 16:03:51,paid_search,annual,android
3792,2026-03-21 02:12:48,paid_search,monthly,android
3793,2026-05-07 16:58:33,referral,annual,web
3794,2026-08-21 03:01:43,influencer,monthly,ios
3795,2026-08-25 23:04:36,referral,monthly,ios
3796,2026-06-03 00:09:06,referral,monthly,android
3797,2026-05-15 08:01:30,organic,annual,web
3798,2026-04-13 23:57:55,referral,monthly,ios
3799,2026-03-29 21:42:41,referral,monthly,ios
3800,2026-07-06 08:22:19,paid_search,annual,ios
3801,2026-08-25 01:29:17,organic,monthly,android
3802,2026-08-26 12:34:21,influencer,monthly,web
3803,2026-04-21 00:36:16,organic,annual,ios
3804,2026-08-05 11:13:16,referral,monthly,web
3805,2026-07-12 15:02:36,organic,monthly,android
3806,2026-04-18 16:46:00,paid_search,monthly,android
3807,2026-03-31 02:09:21,organic,annual,web
3808,2026-07-13 16:58:47,paid_search,monthly,ios
3809,2026-04-19 01:10:21,organic,annual,ios
3810,2026-08-15 00:48:35,paid_search,annual,android
3811,2026-06-02 03:09:41,influencer,monthly,ios
3812,2026-07-09 08:48:52,paid_search,annual,ios
3813,2026-03-17 16:00:04,influencer,annual,ios
3814,2026-05-01 00:42:43,organic,monthly,android
3815,2026-06-20 03:00:23,influencer,monthly,web
3816,2026-07-09 20:53:33,organic,monthly,ios
3817,2026-07-02 14:52:56,organic,annual,ios
3818,2026-07-09 01:04:50,referral,monthly,ios
3819,2026-06-26 03:05:24,paid_search,monthly,android
3820,2026-06-11 04:12:23,paid_search,monthly,android
3821,2026-04-23 22:30:46,paid_search,monthly,ios
3822,2026-07-21 01:57:40,paid_search,monthly,ios
3823,2026-07-06 08:21:02,referral,monthly,web
3824,2026-08-28 23:39:51,influencer,monthly,ios
3825,2026-07-23 05:06:11,referral,monthly,ios
3826,2026-08-13 01:15:04,organic,monthly,ios
3827,2026-08-17 19:21:04,paid_search,monthly,ios
3828,2026-04-01 10:10:13,referral,monthly,web
3829,2026-03-09 17:54:40,organic,monthly,web
3830,2026-08-28 23:45:48,paid_search,monthly,ios
3831,2026-05-18 05:24:58,referral,monthly,web
3832,2026-07-05 17:28:02,organic,monthly,ios
3833,2026-06-10 16:09:41,paid_search,annual,android
3834,2026-05-04 04:20:04,referral,annual,android
3835,2026-05-01 04:42:32,influencer,monthly,android
3836,2026-07-21 00:07:55,influencer,monthly,android
3837,2026-03-23 18:27:27,organic,monthly,android
3838,2026-08-16 09:22:43,organic,monthly,android
3839,2026-08-05 02:38:10,organic,monthly,android
3840,2026-06-30 00:17:04,paid_search,monthly,android
3841,2026-04-27 13:17:41,organic,monthly,ios
3842,2026-04-07 10:12:50,referral,monthly,android
3843,2026-04-08 11:23:31,influencer,annual,android
3844,2026-03-26 06:40:18,referral,monthly,android
3845,2026-06-11 09:07:44,influencer,annual,ios
3846,2026-04-18 15:22:30,organic,monthly,android
3847,2026-08-10 14:06:09,paid_search,monthly,android
3848,2026-03-19 03:05:18,paid_search,monthly,web
3849,2026-05-10 15:12:08,influencer,monthly,web
3850,2026-08-04 07:56:06,referral,monthly,ios
3851,2026-07-09 11:37:00,paid_search,annual,web
3852,2026-05-11 00:02:45,paid_search,monthly,ios
3853,2026-06-04 20:11:26,referral,monthly,android
3854,2026-07-27 11:53:19,referral,annual,android
3855,2026-06-05 19:39:32,influencer,annual,ios
3856,2026-07-03 19:59:30,paid_search,annual,android
3857,2026-06-14 14:17:24,referral,monthly,ios
3858,2026-06-11 15:28:32,paid_search,annual,ios
3859,2026-04-28 20:03:31,organic,annual,android
3860,2026-03-23 02:39:45,paid_search,monthly,web
3861,2026-08-01 12:34:11,paid_search,monthly,android
3862,2026-06-26 07:13:20,organic,monthly,ios
3863,2026-08-10 17:56:16,referral,monthly,ios
3864,2026-08-06 23:28:32,influencer,monthly,ios
3865,2026-05-03 03:24:28,paid_search,annual,ios
3866,2026-06-16 03:04:02,organic,annual,ios
3867,2026-06-02 07:57:56,organic,monthly,android
3868,2026-08-03 00:05:54,referral,annual,android
3869,2026-07-11 02:14:16,paid_search,annual,ios
3870,2026-05-26 00:13:52,influencer,monthly,web
3871,2026-06-22 07:01:50,organic,monthly,ios
3872,2026-03-25 07:29:17,organic,monthly,android
3873,2026-04-02 09:38:36,organic,monthly,web
3874,2026-04-06 20:46:20,organic,monthly,android
3875,2026-06-12 19:58:38,referral,annual,web
3876,2026-04-30 13:19:06,paid_search,monthly,android
3877,2026-03-04 05:32:08,paid_search,monthly,web
3878,2026-03-25 21:37:36,organic,monthly,ios
3879,2026-05-08 21:13:47,organic,monthly,ios
3880,2026-03-04 08:42:03,referral,monthly,ios
3881,2026-07-22 06:16:06,organic,monthly,android
3882,2026-06-27 00:42:37,influencer,monthly,android
3883,2026-03-11 01:04:24,organic,annual,ios
3884,2026-08-05 05:17:46,referral,monthly,ios
3885,2026-07-06 10:02:58,organic,monthly,web
3886,2026-07-27 04:43:05,paid_search,monthly,android
3887,2026-07-24 23:50:21,organic,monthly,ios
3888,2026-08-15 11:37:16,paid_search,monthly,android
3889,2026-05-15 22:25:02,paid_search,monthly,ios
3890,2026-04-19 13:45:18,influencer,annual,android
3891,2026-07-13 15:27:13,paid_search,monthly,android
3892,2026-08-03 18:33:18,paid_search,monthly,web
3893,2026-05-31 04:49:49,paid_search,annual,android
3894,2026-06-06 01:34:08,paid_search,annual,ios
3895,2026-05-21 06:14:31,referral,monthly,ios
3896,2026-03-21 19:51:09,paid_search,annual,android
3897,2026-08-09 08:44:31,organic,monthly,android
3898,2026-07-20 07:56:13,paid_search,monthly,android
3899,2026-07-11 21:37:34,influencer,monthly,android
3900,2026-08-20 23:00:23,organic,monthly,android
3901,2026-05-13 16:40:40,referral,monthly,ios
3902,2026-05-09 09:09:24,influencer,monthly,ios
3903,2026-05-30 20:07:41,paid_search,monthly,android
3904,2026-03-24 16:46:44,paid_search,monthly,android
3905,2026-03-08 00:28:21,paid_search,annual,android
3906,2026-08-11 01:39:24,organic,monthly,android
3907,2026-06-29 06:13:23,referral,monthly,ios
3908,2026-08-21 22:57:32,paid_search,annual,ios
3909,2026-08-14 06:51:24,paid_search,monthly,ios
3910,2026-05-09 04:50:52,paid_search,monthly,android
3911,2026-05-20 09:06:18,referral,monthly,ios
3912,2026-04-03 05:46:26,paid_search,annual,android
3913,2026-05-04 15:00:53,influencer,annual,android
3914,2026-06-26 23:14:32,paid_search,annual,android
3915,2026-06-10 17:40:11,paid_search,annual,ios
3916,2026-07-03 00:07:28,organic,annual,ios
3917,2026-05-28 22:48:46,influencer,monthly,ios
3918,2026-03-28 07:16:03,referral,monthly,android
3919,2026-04-13 13:23:28,organic,monthly,web
3920,2026-07-27 04:53:05,paid_search,monthly,android
3921,2026-05-28 03:19:22,referral,monthly,ios
3922,2026-07-22 15:34:02,referral,monthly,android
3923,2026-06-14 10:48:01,referral,annual,web
3924,2026-08-21 09:45:02,referral,monthly,ios
3925,2026-07-23 22:55:03,organic,monthly,ios
3926,2026-07-21 12:13:47,influencer,monthly,ios
3927,2026-07-24 09:00:35,organic,monthly,android
3928,2026-05-19 03:04:30,influencer,annual,android
3929,2026-07-23 18:32:26,paid_search,monthly,ios
3930,2026-07-18 07:09:00,organic,monthly,android
3931,2026-03-10 05:57:52,organic,annual,ios
3932,2026-06-20 13:59:58,organic,monthly,ios
3933,2026-06-20 23:21:23,influencer,annual,android
3934,2026-08-12 02:53:38,referral,monthly,ios
3935,2026-08-16 17:10:03,paid_search,monthly,ios
3936,2026-06-17 02:06:43,paid_search,annual,ios
3937,2026-08-12 09:51:58,organic,monthly,ios
3938,2026-03-11 07:42:56,organic,monthly,ios
3939,2026-04-28 19:00:49,referral,annual,ios
3940,2026-06-22 09:08:43,referral,monthly,web
3941,2026-05-28 10:46:37,organic,monthly,web
3942,2026-03-17 14:16:07,organic,monthly,android
3943,2026-04-01 13:55:36,referral,monthly,ios
3944,2026-05-30 06:06:11,paid_search,annual,web
3945,2026-06-04 04:57:28,paid_search,monthly,android
3946,2026-06-16 15:22:34,influencer,monthly,ios
3947,2026-04-19 17:41:15,organic,monthly,web
3948,2026-08-13 07:00:48,paid_search,monthly,android
3949,2026-04-27 14:32:38,referral,annual,ios
3950,2026-07-05 12:58:58,paid_search,monthly,android
3951,2026-04-10 23:17:15,paid_search,monthly,ios
3952,2026-07-20 07:22:57,influencer,monthly,android
3953,2026-05-12 07:36:46,paid_search,monthly,android
3954,2026-08-17 19:59:10,organic,annual,web
3955,2026-05-16 08:37:44,paid_search,monthly,ios
3956,2026-08-11 06:12:59,paid_search,monthly,android
3957,2026-05-08 15:55:32,influencer,annual,ios
3958,2026-07-18 20:58:21,paid_search,monthly,ios
3959,2026-03-26 10:42:11,organic,monthly,android
3960,2026-04-17 16:50:05,paid_search,monthly,web
3961,2026-05-04 05:10:28,paid_search,annual,web
3962,2026-04-13 00:15:32,referral,monthly,android
3963,2026-08-16 11:26:33,paid_search,monthly,android
3964,2026-08-27 23:11:54,organic,monthly,web
3965,2026-08-15 14:49:51,organic,annual,android
3966,2026-04-11 06:59:02,referral,monthly,android
3967,2026-05-26 21:17:59,paid_search,monthly,ios
3968,2026-08-01 11:12:02,organic,monthly,android
3969,2026-08-17 21:07:54,paid_search,monthly,ios
3970,2026-08-05 01:21:08,organic,monthly,ios
3971,2026-03-07 06:48:01,organic,monthly,android
3972,2026-06-03 16:56:35,organic,monthly,android
3973,2026-08-25 18:53:12,paid_search,monthly,web
3974,2026-07-25 00:27:21,organic,monthly,android
3975,2026-07-17 00:59:15,paid_search,monthly,web
3976,2026-07-06 00:27:02,referral,monthly,android
3977,2026-04-05 10:24:21,referral,monthly,android
3978,2026-07-03 17:19:09,referral,monthly,ios
3979,2026-03-13 17:16:31,referral,monthly,ios
3980,2026-04-09 14:30:06,paid_search,monthly,android
3981,2026-05-27 08:40:50,referral,monthly,ios
3982,2026-06-21 04:33:22,organic,annual,ios
3983,2026-08-03 22:49:23,referral,monthly,ios
3984,2026-08-10 03:23:46,paid_search,monthly,android
3985,2026-07-20 04:56:32,referral,monthly,android
3986,2026-08-13 01:23:15,paid_search,monthly,android
3987,2026-06-25 11:54:49,influencer,monthly,android
3988,2026-07-08 19:32:14,organic,annual,web
3989,2026-07-09 01:21:54,referral,monthly,android
3990,2026-07-03 09:11:10,influencer,monthly,ios
3991,2026-03-06 11:28:39,influencer,monthly,ios
3992,2026-04-05 07:51:00,organic,monthly,android
3993,2026-03-05 08:40:54,organic,annual,android
3994,2026-07-05 07:37:27,referral,annual,android
3995,2026-07-10 14:29:43,paid_search,monthly,ios
3996,2026-08-02 17:20:31,organic,monthly,web
3997,2026-05-21 09:17:20,paid_search,monthly,web
3998,2026-06-09 09:18:08,referral,monthly,web
3999,2026-08-29 22:25:32,referral,monthly,ios
4000,2026-06-13 19:03:47,organic,annual,ios
4001,2026-04-06 09:18:33,paid_search,monthly,ios
4002,2026-06-30 18:14:54,paid_search,monthly,android
4003,2026-03-28 02:37:52,organic,annual,web
4004,2026-07-13 06:00:07,referral,monthly,ios
4005,2026-04-17 08:10:55,referral,monthly,ios
4006,2026-05-09 15:05:37,paid_search,monthly,android
4007,2026-05-16 10:52:48,paid_search,annual,android
4008,2026-06-18 06:54:46,referral,annual,ios
4009,2026-03-29 13:41:40,organic,monthly,ios
4010,2026-04-27 13:27:42,referral,annual,android
4011,2026-05-17 20:11:05,organic,monthly,android
4012,2026-08-05 18:16:19,paid_search,monthly,android
4013,2026-05-31 21:54:43,organic,annual,web
4014,2026-07-01 09:02:06,referral,annual,ios
4015,2026-03-13 03:19:30,organic,monthly,android
4016,2026-08-29 13:10:59,organic,monthly,ios
4017,2026-07-16 14:29:10,paid_search,monthly,ios
4018,2026-08-18 18:27:17,influencer,monthly,android
4019,2026-08-02 03:03:14,influencer,monthly,ios
4020,2026-08-15 22:43:39,organic,monthly,android
4021,2026-08-27 02:49:48,paid_search,monthly,web
4022,2026-07-17 02:36:51,referral,monthly,ios
4023,2026-07-11 05:10:49,referral,monthly,ios
4024,2026-05-21 14:12:48,referral,monthly,ios
4025,2026-04-13 22:06:37,paid_search,monthly,web
4026,2026-03-06 03:43:16,influencer,annual,web
4027,2026-04-14 08:40:28,paid_search,monthly,ios
4028,2026-08-10 17:19:52,paid_search,monthly,web
4029,2026-06-30 04:28:41,influencer,annual,ios
4030,2026-03-11 15:16:34,paid_search,annual,android
4031,2026-04-11 22:08:26,organic,annual,android
4032,2026-03-13 08:50:47,organic,monthly,android
4033,2026-07-14 18:10:17,paid_search,monthly,ios
4034,2026-05-08 04:20:08,organic,monthly,web
4035,2026-07-27 21:43:50,paid_search,monthly,ios
4036,2026-05-05 16:56:30,paid_search,annual,web
4037,2026-07-07 10:35:04,paid_search,monthly,ios
4038,2026-06-25 00:13:33,paid_search,annual,ios
4039,2026-04-24 10:23:14,influencer,annual,android
4040,2026-05-26 05:11:33,paid_search,monthly,android
4041,2026-06-15 02:54:07,organic,annual,ios
4042,2026-06-02 16:15:07,influencer,monthly,ios
4043,2026-03-14 18:46:26,paid_search,annual,ios
4044,2026-03-31 20:24:57,influencer,annual,web
4045,2026-05-28 18:52:32,referral,monthly,ios
4046,2026-05-23 04:10:09,referral,monthly,web
4047,2026-06-19 17:49:33,referral,monthly,ios
4048,2026-08-31 22:34:56,organic,monthly,android
4049,2026-07-16 14:05:40,paid_search,monthly,ios
4050,2026-05-01 01:27:44,paid_search,annual,web
4051,2026-04-18 06:27:16,paid_search,monthly,ios
4052,2026-05-04 19:48:21,paid_search,monthly,web
4053,2026-04-06 06:06:39,paid_search,monthly,android
4054,2026-08-06 13:14:42,organic,monthly,web
4055,2026-06-15 09:07:01,influencer,monthly,ios
4056,2026-05-04 22:08:00,paid_search,monthly,ios
4057,2026-07-18 13:31:32,organic,annual,ios
4058,2026-08-05 15:02:10,paid_search,monthly,android
4059,2026-06-12 23:03:12,influencer,monthly,android
4060,2026-05-21 13:06:08,paid_search,annual,android
4061,2026-03-20 13:41:10,referral,monthly,ios
4062,2026-05-28 22:17:58,referral,monthly,ios
4063,2026-05-26 19:28:48,paid_search,monthly,ios
4064,2026-05-06 13:07:29,paid_search,annual,android
4065,2026-04-16 16:15:55,referral,monthly,web
4066,2026-06-07 09:10:49,organic,annual,android
4067,2026-05-28 07:36:58,influencer,monthly,ios
4068,2026-07-26 01:26:35,referral,annual,android
4069,2026-06-20 09:40:04,organic,annual,web
4070,2026-04-09 14:47:46,influencer,annual,ios
4071,2026-08-07 21:33:34,organic,monthly,android
4072,2026-04-09 23:53:06,referral,monthly,ios
4073,2026-06-17 00:36:30,organic,monthly,android
4074,2026-07-03 08:04:43,influencer,monthly,ios
4075,2026-03-11 11:10:49,referral,monthly,web
4076,2026-03-03 03:33:20,influencer,annual,android
4077,2026-03-25 09:00:30,paid_search,monthly,android
4078,2026-08-04 12:02:48,organic,annual,android
4079,2026-08-03 06:53:32,paid_search,monthly,ios
4080,2026-03-18 14:30:55,organic,monthly,ios
4081,2026-04-19 00:26:22,paid_search,annual,ios
4082,2026-06-26 00:07:44,paid_search,monthly,android
4083,2026-07-26 07:02:07,organic,monthly,web
4084,2026-03-07 21:49:22,paid_search,monthly,android
4085,2026-08-10 15:47:44,organic,monthly,android
4086,2026-05-23 11:50:24,referral,annual,android
4087,2026-06-27 08:04:11,organic,monthly,android
4088,2026-03-26 01:17:56,paid_search,annual,android
4089,2026-04-15 19:25:52,organic,monthly,web
4090,2026-07-30 13:22:36,paid_search,monthly,web
4091,2026-07-25 06:40:00,paid_search,monthly,ios
4092,2026-04-17 08:47:38,referral,monthly,ios
4093,2026-06-07 07:13:10,organic,monthly,android
4094,2026-05-12 16:47:03,paid_search,annual,android
4095,2026-05-08 15:42:03,organic,monthly,ios
4096,2026-08-30 10:40:08,organic,annual,ios
4097,2026-06-23 19:04:43,paid_search,monthly,ios
4098,2026-05-28 07:48:02,referral,annual,web
4099,2026-07-08 09:03:40,referral,annual,ios
4100,2026-08-26 03:08:19,organic,monthly,android
4101,2026-07-22 20:06:52,paid_search,annual,ios
4102,2026-07-09 22:43:29,organic,monthly,android
4103,2026-04-08 09:50:31,organic,annual,ios
4104,2026-07-06 17:13:35,organic,annual,ios
4105,2026-06-18 10:34:30,influencer,annual,ios
4106,2026-08-02 01:33:30,referral,monthly,ios
4107,2026-05-26 18:56:33,influencer,monthly,web
4108,2026-04-30 23:04:26,organic,monthly,ios
4109,2026-07-31 10:04:18,influencer,monthly,web
4110,2026-05-28 21:47:07,referral,annual,ios
4111,2026-04-01 17:46:10,paid_search,monthly,ios
4112,2026-04-20 22:08:07,influencer,annual,ios
4113,2026-04-26 14:04:24,influencer,monthly,web
4114,2026-04-05 09:17:28,organic,monthly,android
4115,2026-03-01 05:33:24,organic,annual,web
4116,2026-07-02 13:24:24,paid_search,monthly,ios
4117,2026-06-17 22:57:13,paid_search,monthly,android
4118,2026-05-25 12:34:56,referral,monthly,ios
4119,2026-08-27 10:52:55,paid_search,monthly,android
4120,2026-05-18 06:51:21,paid_search,annual,android
4121,2026-07-22 17:20:01,referral,monthly,ios
4122,2026-07-21 00:24:42,paid_search,monthly,android
4123,2026-03-19 02:00:51,organic,monthly,android
4124,2026-06-04 20:22:54,paid_search,monthly,android
4125,2026-06-16 11:00:15,organic,annual,ios
4126,2026-07-29 16:11:18,influencer,monthly,ios
4127,2026-08-09 14:42:08,paid_search,monthly,ios
4128,2026-06-16 14:08:20,influencer,annual,ios
4129,2026-05-22 01:53:39,organic,monthly,web
4130,2026-08-14 02:45:06,paid_search,monthly,android
4131,2026-03-10 09:58:02,paid_search,monthly,ios
4132,2026-07-23 15:11:29,referral,monthly,android
4133,2026-03-01 22:47:38,referral,monthly,ios
4134,2026-03-03 15:17:15,influencer,annual,ios
4135,2026-08-24 05:22:34,organic,monthly,android
4136,2026-07-05 02:44:37,influencer,annual,ios
4137,2026-08-03 11:33:27,influencer,monthly,ios
4138,2026-06-10 12:41:19,organic,annual,android
4139,2026-07-24 04:04:27,referral,monthly,android
4140,2026-07-10 07:00:09,organic,monthly,web
4141,2026-08-22 02:30:00,organic,monthly,web
4142,2026-05-14 15:52:24,referral,monthly,web
4143,2026-08-15 22:30:02,paid_search,monthly,ios
4144,2026-08-22 18:57:54,referral,monthly,android
4145,2026-08-12 20:48:09,paid_search,monthly,web
4146,2026-07-14 08:42:06,influencer,monthly,android
4147,2026-05-12 21:11:47,paid_search,monthly,web
4148,2026-08-08 23:40:42,influencer,monthly,android
4149,2026-03-08 03:47:54,organic,monthly,ios
4150,2026-04-23 00:40:12,referral,monthly,web
4151,2026-05-14 02:33:22,organic,monthly,web
4152,2026-07-13 14:14:52,influencer,annual,ios
4153,2026-08-25 06:08:43,referral,monthly,android
4154,2026-03-08 08:49:01,referral,monthly,web
4155,2026-08-25 15:54:48,referral,annual,ios
4156,2026-05-31 13:52:05,organic,monthly,ios
4157,2026-07-05 18:51:08,organic,annual,ios
4158,2026-08-19 05:58:37,referral,annual,web
4159,2026-06-27 18:54:50,paid_search,monthly,ios
4160,2026-07-17 12:39:34,influencer,monthly,ios
4161,2026-05-06 11:07:43,influencer,annual,ios
4162,2026-06-07 11:11:17,paid_search,annual,ios
4163,2026-08-12 16:45:25,referral,monthly,ios
4164,2026-08-10 11:11:26,organic,monthly,android
4165,2026-07-19 17:01:43,organic,annual,web
4166,2026-07-28 05:31:44,organic,monthly,android
4167,2026-04-14 22:06:04,influencer,annual,ios
4168,2026-04-24 17:55:12,paid_search,monthly,android
4169,2026-08-11 17:26:37,paid_search,monthly,ios
4170,2026-04-10 13:47:31,referral,monthly,ios
4171,2026-08-11 14:30:39,referral,monthly,ios
4172,2026-05-17 00:29:07,organic,annual,android
4173,2026-07-19 13:30:54,paid_search,annual,ios
4174,2026-06-18 12:21:41,organic,monthly,ios
4175,2026-05-01 16:12:56,influencer,monthly,android
4176,2026-03-11 03:31:07,organic,monthly,ios
4177,2026-07-29 22:08:39,referral,monthly,android
4178,2026-03-07 06:27:15,paid_search,monthly,android
4179,2026-04-08 05:59:47,referral,monthly,android
4180,2026-08-07 17:38:59,organic,monthly,ios
4181,2026-08-10 12:41:44,organic,monthly,android
4182,2026-05-26 11:12:01,paid_search,monthly,ios
4183,2026-08-07 04:52:42,paid_search,monthly,android
4184,2026-05-15 11:36:53,organic,monthly,android
4185,2026-06-26 18:09:03,organic,annual,android
4186,2026-05-18 01:11:11,influencer,annual,ios
4187,2026-06-28 06:39:04,referral,monthly,ios
4188,2026-06-09 12:46:05,referral,annual,ios
4189,2026-07-28 10:55:48,organic,monthly,ios
4190,2026-05-31 18:46:32,paid_search,monthly,ios
4191,2026-05-13 10:44:08,paid_search,annual,ios
4192,2026-07-13 13:40:35,paid_search,monthly,android
4193,2026-07-14 02:47:02,paid_search,monthly,android
4194,2026-04-24 08:46:16,paid_search,annual,ios
4195,2026-08-08 13:08:15,organic,monthly,android
4196,2026-06-30 01:22:04,influencer,monthly,ios
4197,2026-03-03 11:50:40,organic,monthly,web
4198,2026-08-13 10:40:05,paid_search,annual,web
4199,2026-04-10 03:49:09,influencer,monthly,ios
4200,2026-06-28 14:48:15,organic,monthly,ios
4201,2026-04-27 17:07:57,paid_search,annual,ios
4202,2026-06-03 06:50:14,referral,monthly,android
4203,2026-04-03 09:12:11,paid_search,annual,ios
4204,2026-05-05 04:45:44,referral,monthly,ios
4205,2026-08-09 07:32:51,organic,annual,web
4206,2026-05-24 21:28:01,influencer,monthly,web
4207,2026-07-14 15:36:52,influencer,annual,web
4208,2026-05-04 22:08:03,organic,monthly,android
4209,2026-07-23 03:08:47,paid_search,annual,ios
4210,2026-08-19 21:20:27,paid_search,monthly,ios
4211,2026-05-02 10:47:34,referral,monthly,ios
4212,2026-05-03 18:24:35,paid_search,annual,ios
4213,2026-07-23 03:15:05,organic,annual,web
4214,2026-08-20 04:04:00,influencer,monthly,web
4215,2026-07-19 16:52:36,organic,annual,android
4216,2026-05-27 06:22:01,referral,annual,ios
4217,2026-04-23 18:24:07,paid_search,monthly,web
4218,2026-07-20 17:42:30,paid_search,monthly,web
4219,2026-05-09 03:13:14,referral,monthly,web
4220,2026-05-28 18:44:35,paid_search,monthly,ios
4221,2026-08-19 19:15:26,paid_search,monthly,ios
4222,2026-08-18 22:16:16,paid_search,monthly,android
4223,2026-07-15 01:46:07,referral,annual,android
4224,2026-07-06 21:14:56,referral,monthly,android
4225,2026-07-23 16:13:54,referral,monthly,ios
4226,2026-08-22 10:47:39,organic,monthly,android
4227,2026-04-09 05:41:22,organic,monthly,web
4228,2026-08-28 21:04:07,paid_search,annual,ios
4229,2026-07-21 22:32:56,paid_search,annual,ios
4230,2026-03-26 09:52:22,referral,annual,ios
4231,2026-05-23 14:48:36,organic,annual,android
4232,2026-04-08 07:23:11,referral,monthly,android
4233,2026-06-02 04:26:53,referral,monthly,ios
4234,2026-08-27 07:27:59,referral,monthly,ios
4235,2026-05-27 08:36:44,referral,monthly,web
4236,2026-03-05 23:10:19,referral,monthly,android
4237,2026-05-18 21:13:45,organic,monthly,web
4238,2026-06-25 08:03:47,paid_search,monthly,web
4239,2026-05-16 07:34:58,referral,monthly,ios
4240,2026-06-30 14:33:03,organic,monthly,ios
4241,2026-05-17 10:30:05,paid_search,annual,android
4242,2026-05-06 17:12:08,influencer,annual,ios
4243,2026-05-30 15:00:55,influencer,monthly,android
4244,2026-03-25 06:18:35,organic,monthly,android
4245,2026-08-01 03:26:45,organic,monthly,ios
4246,2026-07-07 10:24:02,organic,monthly,android
4247,2026-07-20 12:05:03,influencer,monthly,ios
4248,2026-03-02 07:13:35,influencer,monthly,ios
4249,2026-03-01 09:04:14,referral,monthly,android
4250,2026-06-03 17:03:32,paid_search,monthly,web
4251,2026-05-31 10:56:18,organic,monthly,ios
4252,2026-07-13 11:56:28,referral,monthly,android
4253,2026-07-21 14:39:59,influencer,monthly,android
4254,2026-04-26 09:15:41,referral,monthly,ios
4255,2026-08-24 06:06:34,influencer,annual,ios
4256,2026-03-18 22:45:29,referral,monthly,android
4257,2026-08-04 00:33:25,referral,monthly,web
4258,2026-03-05 01:05:14,referral,annual,ios
4259,2026-08-15 09:44:04,referral,annual,web
4260,2026-07-20 11:05:11,organic,monthly,ios
4261,2026-04-05 06:51:12,paid_search,monthly,web
4262,2026-03-03 16:19:28,influencer,monthly,android
4263,2026-07-25 15:11:35,organic,monthly,android
4264,2026-06-23 14:46:21,paid_search,monthly,ios
4265,2026-06-09 19:47:09,referral,monthly,ios
4266,2026-07-09 17:18:55,referral,annual,ios
4267,2026-03-17 04:52:02,organic,annual,ios
4268,2026-03-17 17:01:18,paid_search,monthly,web
4269,2026-08-28 09:29:36,organic,monthly,ios
4270,2026-03-05 17:12:01,referral,monthly,ios
4271,2026-08-30 11:13:02,paid_search,monthly,web
4272,2026-05-15 09:48:17,paid_search,annual,ios
4273,2026-07-06 11:37:33,influencer,monthly,ios
4274,2026-06-16 21:06:23,organic,annual,android
4275,2026-08-07 00:51:49,organic,annual,web
4276,2026-05-13 15:34:39,influencer,annual,android
4277,2026-06-26 05:19:29,referral,annual,ios
4278,2026-05-16 05:35:30,paid_search,monthly,web
4279,2026-03-11 21:21:33,influencer,monthly,android
4280,2026-06-19 01:08:11,referral,monthly,web
4281,2026-05-22 07:08:11,paid_search,monthly,ios
4282,2026-06-27 20:03:08,referral,monthly,android
4283,2026-06-08 01:34:48,paid_search,annual,ios
4284,2026-08-11 16:27:54,organic,monthly,web
4285,2026-04-18 21:43:29,paid_search,monthly,ios
4286,2026-07-04 17:33:45,paid_search,monthly,web
4287,2026-03-12 04:33:21,organic,annual,android
4288,2026-05-14 12:18:08,organic,monthly,android
4289,2026-03-24 23:13:47,paid_search,monthly,web
4290,2026-04-01 09:33:35,organic,annual,android
4291,2026-08-25 23:59:17,paid_search,annual,web
4292,2026-06-05 03:45:52,influencer,monthly,android
4293,2026-05-06 08:57:31,organic,monthly,android
4294,2026-07-16 21:56:26,organic,monthly,android
4295,2026-04-04 19:46:00,organic,monthly,ios
4296,2026-05-31 02:18:32,paid_search,annual,web
4297,2026-06-15 04:01:14,influencer,monthly,web
4298,2026-03-27 22:00:59,paid_search,monthly,ios
4299,2026-04-13 12:30:17,organic,monthly,web
4300,2026-03-01 17:29:22,paid_search,monthly,ios
4301,2026-06-14 09:26:54,paid_search,monthly,web
4302,2026-08-04 11:37:07,organic,monthly,android
4303,2026-07-10 20:24:10,organic,monthly,ios
4304,2026-08-27 11:57:29,paid_search,monthly,android
4305,2026-05-05 08:12:34,paid_search,monthly,android
4306,2026-06-21 07:56:05,paid_search,monthly,android
4307,2026-03-08 01:03:18,referral,monthly,ios
4308,2026-08-31 07:47:25,referral,monthly,ios
4309,2026-07-05 17:21:05,organic,monthly,android
4310,2026-05-25 19:20:34,referral,monthly,web
4311,2026-07-22 10:54:07,organic,monthly,android
4312,2026-08-29 16:42:23,paid_search,monthly,ios
4313,2026-06-26 21:22:42,paid_search,monthly,web
4314,2026-06-10 01:29:46,organic,annual,web
4315,2026-07-20 11:51:38,referral,monthly,ios
4316,2026-05-03 06:43:25,influencer,annual,android
4317,2026-03-16 20:00:02,paid_search,monthly,ios
4318,2026-04-10 05:55:40,influencer,annual,ios
4319,2026-06-01 16:36:43,paid_search,monthly,android
4320,2026-07-15 11:50:52,paid_search,monthly,android
4321,2026-05-25 14:11:22,organic,monthly,ios
4322,2026-07-21 13:25:25,paid_search,monthly,web
4323,2026-06-19 12:52:37,referral,monthly,android
4324,2026-06-16 13:23:02,paid_search,monthly,ios
4325,2026-08-26 08:55:33,referral,monthly,ios
4326,2026-04-05 21:08:56,paid_search,monthly,ios
4327,2026-08-21 13:48:02,paid_search,monthly,ios
4328,2026-03-02 22:10:35,referral,monthly,ios
4329,2026-07-16 00:26:02,paid_search,monthly,android
4330,2026-04-29 22:19:49,referral,monthly,android
4331,2026-05-03 16:43:16,referral,monthly,android
4332,2026-07-31 16:06:04,referral,annual,ios
4333,2026-05-30 10:58:10,organic,monthly,web
4334,2026-06-11 15:26:01,referral,monthly,android
4335,2026-03-01 06:02:52,paid_search,monthly,android
4336,2026-03-08 19:17:10,referral,monthly,ios
4337,2026-08-26 06:45:49,paid_search,annual,android
4338,2026-08-19 11:59:08,paid_search,monthly,ios
4339,2026-06-14 03:05:02,organic,monthly,ios
4340,2026-04-06 23:34:53,paid_search,annual,ios
4341,2026-04-16 09:24:47,referral,monthly,web
4342,2026-04-16 18:27:59,organic,monthly,android
4343,2026-03-26 21:10:06,paid_search,monthly,android
4344,2026-08-05 06:16:13,organic,monthly,android
4345,2026-05-28 10:39:29,referral,monthly,ios
4346,2026-06-02 11:48:21,organic,monthly,ios
4347,2026-07-22 08:23:32,paid_search,monthly,android
4348,2026-04-24 10:15:35,organic,monthly,ios
4349,2026-03-22 00:14:43,influencer,monthly,web
4350,2026-08-14 21:19:17,organic,annual,android
4351,2026-08-02 16:00:03,referral,monthly,android
4352,2026-07-04 18:45:53,referral,annual,android
4353,2026-07-18 02:03:18,paid_search,annual,web
4354,2026-03-31 16:44:47,organic,annual,web
4355,2026-06-05 04:02:07,paid_search,monthly,web
4356,2026-08-27 00:03:51,paid_search,monthly,ios
4357,2026-07-16 07:21:15,paid_search,monthly,android
4358,2026-07-29 05:00:04,organic,annual,ios
4359,2026-08-10 16:47:09,influencer,monthly,web
4360,2026-06-14 02:57:43,referral,monthly,web
4361,2026-07-07 07:01:03,referral,monthly,android
4362,2026-06-19 20:44:51,organic,monthly,android
4363,2026-06-23 08:09:28,referral,monthly,web
4364,2026-07-02 13:21:36,paid_search,monthly,ios
4365,2026-06-18 04:44:26,paid_search,annual,ios
4366,2026-07-08 14:52:53,referral,annual,android
4367,2026-05-11 01:12:51,paid_search,monthly,android
4368,2026-05-25 09:41:58,referral,monthly,android
4369,2026-08-15 12:08:07,organic,monthly,ios
4370,2026-08-04 14:52:04,influencer,monthly,web
4371,2026-04-12 01:04:16,referral,monthly,android
4372,2026-03-25 04:02:02,paid_search,monthly,ios
4373,2026-05-02 09:57:27,organic,monthly,ios
4374,2026-07-30 16:41:48,paid_search,annual,ios
4375,2026-06-03 15:41:50,paid_search,monthly,ios
4376,2026-07-27 15:49:20,paid_search,monthly,ios
4377,2026-06-20 03:02:17,paid_search,monthly,android
4378,2026-05-14 01:39:20,organic,monthly,android
4379,2026-07-29 22:14:07,influencer,annual,android
4380,2026-03-30 00:51:08,referral,monthly,android
4381,2026-06-26 19:37:14,organic,monthly,android
4382,2026-06-01 13:01:41,paid_search,monthly,web
4383,2026-08-01 19:15:28,influencer,monthly,web
4384,2026-04-28 05:06:28,paid_search,annual,ios
4385,2026-04-04 20:56:46,paid_search,monthly,ios
4386,2026-06-22 17:33:38,organic,annual,ios
4387,2026-03-06 05:45:42,organic,monthly,web
4388,2026-08-17 02:15:45,influencer,monthly,web
4389,2026-08-09 06:00:52,paid_search,monthly,ios
4390,2026-06-08 12:32:59,organic,monthly,android
4391,2026-07-04 06:07:47,referral,monthly,ios
4392,2026-07-01 14:52:34,paid_search,monthly,web
4393,2026-07-02 17:35:20,paid_search,monthly,web
4394,2026-07-13 22:36:46,organic,annual,ios
4395,2026-04-23 08:09:53,referral,monthly,ios
4396,2026-06-17 07:55:19,organic,monthly,web
4397,2026-06-11 07:12:59,organic,monthly,android
4398,2026-04-02 06:05:49,paid_search,monthly,ios
4399,2026-07-14 00:30:41,paid_search,annual,ios
4400,2026-05-26 02:22:58,referral,monthly,ios
4401,2026-05-18 14:37:21,referral,monthly,web
4402,2026-08-14 22:55:53,referral,annual,android
4403,2026-08-24 05:56:54,paid_search,annual,ios
4404,2026-07-24 06:04:03,organic,annual,web
4405,2026-03-26 12:41:06,paid_search,monthly,android
4406,2026-08-15 21:38:11,organic,monthly,ios
4407,2026-04-05 12:23:49,organic,monthly,web
4408,2026-05-09 20:41:22,referral,monthly,android
4409,2026-06-21 01:34:24,referral,monthly,android
4410,2026-04-23 08:02:36,paid_search,monthly,web
4411,2026-08-12 00:06:50,referral,monthly,ios
4412,2026-06-21 16:47:39,influencer,monthly,android
4413,2026-03-30 00:50:16,organic,annual,ios
4414,2026-07-31 02:02:24,paid_search,annual,ios
4415,2026-07-23 22:37:58,organic,annual,android
4416,2026-07-18 00:44:31,influencer,monthly,android
4417,2026-08-31 11:03:45,paid_search,monthly,web
4418,2026-08-31 19:06:32,organic,annual,android
4419,2026-06-27 06:15:47,paid_search,monthly,ios
4420,2026-07-29 04:24:55,paid_search,monthly,ios
4421,2026-05-22 08:38:02,paid_search,annual,ios
4422,2026-07-29 08:08:29,influencer,monthly,android
4423,2026-04-23 02:58:57,referral,monthly,android
4424,2026-08-26 18:07:42,influencer,annual,ios
4425,2026-04-24 07:55:29,organic,monthly,android
4426,2026-07-23 23:05:37,organic,annual,android
4427,2026-03-30 15:14:18,paid_search,monthly,web
4428,2026-06-21 20:01:58,organic,annual,web
4429,2026-03-18 09:22:57,paid_search,monthly,ios
4430,2026-04-16 13:59:06,organic,monthly,ios
4431,2026-08-12 10:16:47,paid_search,monthly,android
4432,2026-08-02 20:31:47,organic,annual,ios
4433,2026-08-07 07:20:02,paid_search,annual,ios
4434,2026-03-10 18:20:31,paid_search,monthly,android
4435,2026-03-28 21:14:56,organic,monthly,web
4436,2026-04-22 23:20:49,organic,annual,ios
4437,2026-05-06 15:21:13,organic,monthly,ios
4438,2026-06-26 11:53:16,influencer,annual,ios
4439,2026-07-28 06:42:12,organic,monthly,web
4440,2026-04-02 09:15:04,paid_search,monthly,android
4441,2026-07-13 19:28:18,organic,monthly,web
4442,2026-07-09 05:45:46,paid_search,monthly,ios
4443,2026-08-13 03:00:00,organic,monthly,android
4444,2026-08-08 16:42:23,influencer,monthly,android
4445,2026-04-14 04:32:42,paid_search,monthly,android
4446,2026-03-26 11:40:19,organic,monthly,android
4447,2026-07-25 20:34:21,paid_search,annual,ios
4448,2026-06-02 22:18:01,influencer,annual,android
4449,2026-08-17 09:33:43,referral,monthly,android
4450,2026-08-25 21:36:39,referral,monthly,android
4451,2026-08-19 19:38:20,paid_search,monthly,ios
4452,2026-03-07 13:33:35,paid_search,monthly,android
4453,2026-04-24 14:32:01,influencer,monthly,web
4454,2026-05-13 10:34:40,paid_search,monthly,ios
4455,2026-05-06 04:28:44,referral,annual,web
4456,2026-08-09 08:58:48,referral,monthly,ios
4457,2026-06-03 02:29:33,influencer,monthly,android
4458,2026-06-06 06:19:46,paid_search,monthly,web
4459,2026-05-04 03:50:09,paid_search,monthly,ios
4460,2026-08-06 13:59:03,organic,annual,ios
4461,2026-07-20 17:06:54,influencer,monthly,android
4462,2026-03-30 02:39:02,influencer,monthly,ios
4463,2026-05-20 21:28:03,paid_search,monthly,ios
4464,2026-06-02 16:51:48,organic,monthly,android
4465,2026-08-17 04:20:53,organic,annual,ios
4466,2026-06-27 09:54:34,referral,annual,ios
4467,2026-08-15 12:24:55,paid_search,annual,android
4468,2026-08-26 06:21:30,organic,monthly,web
4469,2026-07-11 11:17:12,paid_search,monthly,ios
4470,2026-07-17 18:56:41,organic,monthly,web
4471,2026-06-05 07:04:01,organic,annual,ios
4472,2026-07-13 17:07:42,paid_search,monthly,android
4473,2026-07-05 01:40:00,paid_search,monthly,android
4474,2026-03-26 21:23:36,paid_search,annual,web
4475,2026-05-24 15:06:50,paid_search,monthly,android
4476,2026-03-22 15:29:04,paid_search,monthly,ios
4477,2026-04-21 22:34:13,paid_search,annual,android
4478,2026-05-12 16:08:05,organic,annual,ios
4479,2026-03-03 05:45:17,paid_search,monthly,ios
4480,2026-08-27 03:05:47,referral,monthly,android
4481,2026-08-02 18:12:32,referral,annual,android
4482,2026-08-28 15:35:31,influencer,annual,android
4483,2026-05-14 19:31:22,organic,monthly,ios
4484,2026-03-12 04:08:12,organic,monthly,web
4485,2026-07-07 20:25:52,referral,monthly,web
4486,2026-06-22 04:04:20,paid_search,monthly,ios
4487,2026-04-30 22:31:30,paid_search,monthly,ios
4488,2026-07-19 20:24:22,organic,monthly,android
4489,2026-03-24 05:54:17,organic,monthly,android
4490,2026-07-05 02:43:41,organic,monthly,web
4491,2026-08-23 19:11:26,paid_search,monthly,web
4492,2026-05-11 08:27:22,referral,monthly,ios
4493,2026-06-29 16:15:35,organic,monthly,android
4494,2026-06-12 19:55:27,influencer,monthly,ios
4495,2026-07-21 21:41:28,paid_search,monthly,android
4496,2026-07-22 00:49:35,organic,monthly,ios
4497,2026-04-15 19:56:27,organic,monthly,web
4498,2026-07-31 09:41:43,paid_search,monthly,ios
4499,2026-07-12 02:02:45,referral,monthly,android
4500,2026-07-15 02:27:16,organic,monthly,android
4501,2026-04-23 09:23:03,paid_search,monthly,ios
4502,2026-06-07 06:17:57,organic,annual,android
4503,2026-03-14 05:39:18,influencer,monthly,web
4504,2026-05-10 20:30:25,referral,annual,ios
4505,2026-07-18 20:27:02,referral,monthly,android
4506,2026-06-13 23:31:08,organic,annual,android
4507,2026-07-02 22:17:18,paid_search,monthly,android
4508,2026-05-17 06:40:05,paid_search,annual,ios
4509,2026-06-30 18:10:19,influencer,monthly,android
4510,2026-05-11 08:10:46,influencer,monthly,ios
4511,2026-04-13 05:11:06,paid_search,monthly,web
4512,2026-05-26 04:18:25,paid_search,monthly,web
4513,2026-05-29 05:56:29,paid_search,monthly,web
4514,2026-06-29 13:32:54,referral,monthly,web
4515,2026-03-09 02:15:34,paid_search,monthly,ios
4516,2026-04-17 17:47:36,organic,monthly,ios
4517,2026-08-10 03:01:49,paid_search,annual,android
4518,2026-03-27 17:57:49,organic,monthly,ios
4519,2026-03-08 19:12:34,referral,monthly,web
4520,2026-06-26 03:13:09,organic,monthly,web
4521,2026-03-21 10:50:09,influencer,monthly,android
4522,2026-05-10 09:44:06,influencer,annual,android
4523,2026-04-03 05:23:47,influencer,annual,android
4524,2026-05-05 00:47:42,paid_search,monthly,ios
4525,2026-04-25 13:53:15,influencer,monthly,web
4526,2026-03-05 05:55:35,referral,monthly,ios
4527,2026-07-17 17:39:50,influencer,monthly,ios
4528,2026-07-24 12:57:44,referral,annual,web
4529,2026-06-12 20:19:29,referral,annual,web
4530,2026-04-28 14:31:58,organic,monthly,web
4531,2026-03-24 21:43:49,influencer,monthly,android
4532,2026-03-04 03:57:22,organic,monthly,web
4533,2026-08-27 01:45:21,paid_search,monthly,ios
4534,2026-08-26 03:03:24,paid_search,annual,ios
4535,2026-05-27 13:51:59,paid_search,annual,ios
4536,2026-07-23 17:35:48,referral,monthly,ios
4537,2026-07-11 16:27:07,organic,annual,android
4538,2026-03-08 11:45:17,influencer,annual,android
4539,2026-05-30 03:54:03,referral,monthly,ios
4540,2026-03-12 23:07:07,organic,annual,android
4541,2026-08-20 22:10:58,paid_search,annual,ios
4542,2026-06-11 11:08:44,organic,monthly,android
4543,2026-07-03 00:48:41,referral,monthly,android
4544,2026-04-17 17:05:31,organic,monthly,android
4545,2026-05-01 15:08:34,organic,annual,ios
4546,2026-06-13 04:31:31,influencer,monthly,web
4547,2026-08-20 06:13:14,referral,monthly,web
4548,2026-08-04 08:03:34,organic,monthly,android
4549,2026-04-15 11:21:33,organic,monthly,ios
4550,2026-07-15 03:26:39,paid_search,monthly,ios
4551,2026-08-14 12:11:07,influencer,monthly,ios
4552,2026-06-19 13:39:19,paid_search,monthly,web
4553,2026-04-22 09:25:18,paid_search,monthly,web
4554,2026-03-17 21:00:19,organic,monthly,ios
4555,2026-04-20 07:26:11,paid_search,monthly,android
4556,2026-05-12 09:57:38,influencer,annual,android
4557,2026-05-16 17:25:53,referral,monthly,web
4558,2026-07-28 11:24:16,referral,monthly,ios
4559,2026-05-01 10:41:31,referral,annual,web
4560,2026-06-04 15:38:53,organic,annual,android
4561,2026-03-27 00:24:10,organic,monthly,ios
4562,2026-04-12 13:43:45,organic,monthly,android
4563,2026-03-14 11:38:54,organic,monthly,android
4564,2026-03-25 21:36:18,influencer,monthly,android
4565,2026-07-01 04:41:15,influencer,monthly,web
4566,2026-07-24 14:52:09,paid_search,monthly,web
4567,2026-04-08 15:19:24,paid_search,monthly,android
4568,2026-03-27 06:11:42,organic,monthly,android
4569,2026-04-19 17:39:56,paid_search,monthly,ios
4570,2026-05-20 18:39:26,paid_search,monthly,web
4571,2026-06-23 18:21:47,organic,monthly,android
4572,2026-03-17 02:05:28,paid_search,monthly,web
4573,2026-06-23 14:03:22,organic,monthly,android
4574,2026-07-09 13:00:47,organic,monthly,android
4575,2026-03-05 21:57:31,influencer,annual,android
4576,2026-05-02 04:33:18,referral,annual,android
4577,2026-07-29 07:57:39,paid_search,monthly,web
4578,2026-06-12 23:02:46,organic,monthly,android
4579,2026-05-09 23:44:18,referral,monthly,ios
4580,2026-08-06 14:42:55,organic,annual,android
4581,2026-04-23 13:30:48,referral,monthly,android
4582,2026-08-04 19:31:27,paid_search,annual,ios
4583,2026-06-11 09:28:05,organic,monthly,web
4584,2026-08-21 20:31:42,organic,monthly,ios
4585,2026-06-17 10:31:42,organic,monthly,android
4586,2026-03-25 05:34:30,organic,monthly,web
4587,2026-06-21 00:39:45,influencer,annual,web
4588,2026-08-31 10:28:06,organic,monthly,ios
4589,2026-04-11 04:56:23,paid_search,monthly,web
4590,2026-03-15 22:03:47,organic,annual,ios
4591,2026-06-03 10:31:36,organic,monthly,android
4592,2026-03-01 16:03:17,paid_search,monthly,android
4593,2026-06-19 19:53:20,paid_search,annual,android
4594,2026-07-06 16:29:41,influencer,monthly,ios
4595,2026-03-10 19:19:34,influencer,annual,ios
4596,2026-06-18 03:29:43,paid_search,annual,ios
4597,2026-08-12 23:10:36,influencer,annual,web
4598,2026-04-05 03:18:06,referral,monthly,ios
4599,2026-05-22 21:52:23,organic,monthly,ios
4600,2026-06-25 20:11:33,organic,monthly,android
4601,2026-04-09 23:27:17,organic,annual,android
4602,2026-03-12 07:37:39,paid_search,annual,android
4603,2026-06-26 05:23:25,influencer,annual,ios
4604,2026-08-12 13:15:10,organic,monthly,web
4605,2026-08-05 16:50:32,referral,monthly,android
4606,2026-03-04 00:26:53,referral,monthly,android
4607,2026-08-23 06:11:58,paid_search,monthly,android
4608,2026-04-23 02:58:59,organic,monthly,ios
4609,2026-04-15 18:55:24,paid_search,monthly,android
4610,2026-08-03 21:54:55,organic,monthly,ios
4611,2026-08-14 00:46:27,referral,annual,android
4612,2026-04-30 16:53:28,paid_search,annual,android
4613,2026-05-04 21:54:06,influencer,monthly,android
4614,2026-07-27 22:09:22,referral,annual,ios
4615,2026-06-09 17:06:05,influencer,monthly,web
4616,2026-06-30 08:24:59,organic,monthly,ios
4617,2026-03-31 05:51:57,organic,annual,ios
4618,2026-05-22 21:33:07,organic,monthly,ios
4619,2026-04-21 21:21:45,influencer,monthly,android
4620,2026-08-16 00:02:12,paid_search,annual,android
4621,2026-03-03 19:41:17,influencer,monthly,android
4622,2026-08-20 23:19:13,paid_search,annual,ios
4623,2026-03-31 13:06:14,paid_search,monthly,android
4624,2026-05-06 03:01:16,paid_search,monthly,ios
4625,2026-04-19 05:22:25,paid_search,monthly,android
4626,2026-03-16 20:29:35,organic,monthly,ios
4627,2026-08-10 21:25:53,organic,monthly,ios
4628,2026-04-04 02:59:20,paid_search,annual,web
4629,2026-08-30 12:32:01,paid_search,monthly,ios
4630,2026-03-08 02:17:05,paid_search,monthly,android
4631,2026-07-09 21:40:14,organic,monthly,web
4632,2026-04-03 13:51:39,organic,monthly,web
4633,2026-08-28 18:34:46,paid_search,monthly,ios
4634,2026-04-08 14:35:05,paid_search,monthly,web
4635,2026-07-23 12:04:59,referral,monthly,ios
4636,2026-08-14 15:43:21,organic,annual,web
4637,2026-08-15 17:10:41,referral,monthly,ios
4638,2026-06-02 00:30:13,organic,monthly,android
4639,2026-07-15 12:43:28,referral,monthly,ios
4640,2026-06-21 05:20:00,organic,monthly,web
4641,2026-06-23 19:48:47,referral,monthly,android
4642,2026-08-11 20:52:19,organic,monthly,ios
4643,2026-08-24 16:28:18,paid_search,monthly,web
4644,2026-07-03 18:56:34,influencer,monthly,android
4645,2026-04-03 12:22:11,paid_search,monthly,ios
4646,2026-07-29 11:58:38,referral,monthly,android
4647,2026-08-12 10:03:01,influencer,monthly,ios
4648,2026-06-07 17:30:05,paid_search,monthly,android
4649,2026-06-24 14:44:53,paid_search,annual,ios
4650,2026-08-12 20:36:34,organic,annual,android
4651,2026-06-15 13:56:21,paid_search,monthly,android
4652,2026-03-17 18:22:54,influencer,annual,ios
4653,2026-08-19 15:43:20,organic,monthly,ios
4654,2026-07-21 05:14:27,paid_search,monthly,ios
4655,2026-03-24 12:59:45,influencer,annual,ios
4656,2026-03-18 00:54:59,influencer,monthly,web
4657,2026-06-08 22:44:39,referral,monthly,android
4658,2026-05-17 23:37:54,paid_search,monthly,web
4659,2026-04-26 13:09:57,organic,monthly,ios
4660,2026-07-15 10:43:54,referral,monthly,ios
4661,2026-08-20 15:25:19,paid_search,monthly,android
4662,2026-06-08 22:08:53,influencer,monthly,android
4663,2026-04-22 00:43:18,organic,monthly,android
4664,2026-03-28 06:41:49,influencer,monthly,android
4665,2026-07-11 21:10:21,referral,monthly,ios
4666,2026-04-19 21:46:51,paid_search,monthly,ios
4667,2026-06-28 18:56:12,referral,monthly,android
4668,2026-06-24 14:08:03,organic,annual,ios
4669,2026-05-11 01:19:30,paid_search,monthly,ios
4670,2026-03-01 10:55:08,influencer,monthly,android
4671,2026-07-21 22:06:49,influencer,monthly,android
4672,2026-07-29 05:34:36,referral,annual,web
4673,2026-06-04 21:25:22,organic,monthly,ios
4674,2026-04-23 01:30:58,referral,monthly,ios
4675,2026-04-30 18:35:19,organic,monthly,web
4676,2026-08-11 16:56:05,influencer,monthly,ios
4677,2026-03-31 20:41:30,organic,monthly,web
4678,2026-05-06 16:36:47,paid_search,monthly,ios
4679,2026-05-16 09:50:21,paid_search,monthly,ios
4680,2026-08-02 08:30:30,paid_search,monthly,android
4681,2026-07-23 17:17:32,paid_search,annual,ios
4682,2026-07-25 23:51:42,organic,annual,android
4683,2026-07-30 06:35:58,organic,monthly,android
4684,2026-04-10 06:43:40,organic,monthly,ios
4685,2026-04-05 05:46:55,paid_search,monthly,ios
4686,2026-07-23 06:56:21,organic,monthly,web
4687,2026-07-27 17:09:30,organic,annual,web
4688,2026-03-11 08:12:41,paid_search,annual,ios
4689,2026-07-01 11:08:32,paid_search,monthly,ios
4690,2026-06-24 22:58:55,referral,annual,android
4691,2026-06-05 03:24:54,referral,monthly,ios
4692,2026-08-16 02:04:02,paid_search,monthly,ios
4693,2026-04-02 03:54:24,referral,annual,android
4694,2026-08-12 09:07:45,paid_search,monthly,ios
4695,2026-05-13 15:30:32,referral,monthly,ios
4696,2026-07-31 15:21:38,organic,monthly,ios
4697,2026-03-23 07:57:13,influencer,monthly,android
4698,2026-06-13 17:10:38,referral,annual,ios
4699,2026-08-02 12:28:22,paid_search,monthly,ios
4700,2026-03-06 06:51:58,paid_search,monthly,android
4701,2026-06-08 15:13:27,influencer,annual,ios
4702,2026-03-13 09:12:13,organic,monthly,ios
4703,2026-08-15 21:41:39,paid_search,monthly,web
4704,2026-08-15 07:07:03,influencer,monthly,android
4705,2026-06-08 01:48:22,paid_search,annual,android
4706,2026-08-21 10:15:13,influencer,annual,web
4707,2026-04-15 17:15:18,referral,monthly,android
4708,2026-06-30 16:14:33,paid_search,monthly,web
4709,2026-07-12 02:40:17,organic,monthly,android
4710,2026-07-12 13:43:23,organic,monthly,web
4711,2026-06-30 14:20:43,paid_search,monthly,android
4712,2026-05-05 05:44:53,organic,monthly,android
4713,2026-07-07 13:23:48,paid_search,monthly,android
4714,2026-03-02 16:04:07,paid_search,annual,ios
4715,2026-03-08 05:32:53,influencer,monthly,web
4716,2026-04-23 22:20:24,referral,monthly,ios
4717,2026-08-18 12:36:39,paid_search,monthly,android
4718,2026-06-19 17:19:15,referral,annual,android
4719,2026-05-10 06:11:45,paid_search,monthly,web
4720,2026-03-27 06:03:27,paid_search,monthly,ios
4721,2026-07-26 16:30:55,organic,monthly,ios
4722,2026-05-30 00:50:04,influencer,monthly,web
4723,2026-03-08 16:00:20,paid_search,monthly,android
4724,2026-07-28 00:21:52,organic,monthly,ios
4725,2026-03-09 12:59:10,referral,monthly,web
4726,2026-06-10 12:18:08,referral,monthly,web
4727,2026-06-15 01:34:28,paid_search,monthly,web
4728,2026-05-12 19:53:05,paid_search,monthly,ios
4729,2026-06-27 09:35:47,organic,monthly,android
4730,2026-07-12 03:57:24,referral,monthly,web
4731,2026-05-30 03:53:46,referral,monthly,ios
4732,2026-07-26 12:52:00,referral,monthly,ios
4733,2026-07-04 21:47:55,paid_search,monthly,web
4734,2026-05-24 08:50:56,organic,annual,android
4735,2026-05-08 09:02:04,paid_search,annual,web
4736,2026-04-10 05:17:48,organic,monthly,ios
4737,2026-06-23 07:16:27,organic,monthly,web
4738,2026-07-03 02:24:04,influencer,monthly,android
4739,2026-06-23 03:02:26,organic,annual,ios
4740,2026-06-12 15:31:11,influencer,monthly,ios
4741,2026-05-30 02:39:06,organic,annual,web
4742,2026-08-14 18:19:55,paid_search,monthly,android
4743,2026-07-27 11:50:53,organic,monthly,web
4744,2026-08-31 06:28:24,organic,monthly,ios
4745,2026-08-29 04:57:16,paid_search,monthly,android
4746,2026-05-23 01:29:31,influencer,monthly,ios
4747,2026-08-03 17:50:24,paid_search,monthly,ios
4748,2026-03-04 07:01:03,influencer,monthly,ios
4749,2026-03-11 21:58:43,organic,monthly,android
4750,2026-05-23 11:50:18,paid_search,monthly,web
4751,2026-05-11 01:46:38,organic,annual,ios
4752,2026-06-10 18:51:31,organic,monthly,ios
4753,2026-07-19 03:11:57,organic,monthly,web
4754,2026-06-16 06:10:10,organic,monthly,ios
4755,2026-06-19 00:17:47,organic,monthly,ios
4756,2026-07-20 04:16:39,paid_search,annual,web
4757,2026-06-12 15:41:34,paid_search,annual,android
4758,2026-07-29 16:26:14,paid_search,annual,ios
4759,2026-07-18 04:26:07,paid_search,monthly,android
4760,2026-08-13 10:33:41,paid_search,annual,ios
4761,2026-06-27 11:57:32,influencer,monthly,web
4762,2026-08-02 15:45:39,organic,monthly,ios
4763,2026-07-03 19:02:37,paid_search,monthly,android
4764,2026-08-31 14:07:42,paid_search,monthly,android
4765,2026-08-24 08:53:19,organic,monthly,ios
4766,2026-07-06 07:19:42,paid_search,monthly,ios
4767,2026-06-12 05:56:17,influencer,monthly,ios
4768,2026-06-10 15:28:30,paid_search,annual,android
4769,2026-05-09 23:21:08,organic,annual,ios
4770,2026-08-31 09:19:44,organic,monthly,android
4771,2026-04-01 21:37:55,influencer,annual,ios
4772,2026-06-05 03:03:39,paid_search,monthly,ios
4773,2026-06-13 04:46:17,referral,monthly,ios
4774,2026-07-22 02:47:14,influencer,monthly,web
4775,2026-04-25 23:06:06,organic,monthly,web
4776,2026-08-23 00:34:16,referral,annual,android
4777,2026-08-02 06:16:45,influencer,monthly,web
4778,2026-04-03 17:32:12,organic,monthly,ios
4779,2026-07-07 02:26:50,paid_search,monthly,ios
4780,2026-05-04 20:10:39,referral,monthly,ios
4781,2026-07-12 15:09:06,influencer,monthly,ios
4782,2026-08-04 08:08:22,organic,monthly,ios
4783,2026-06-28 17:00:32,referral,annual,ios
4784,2026-08-14 22:42:26,paid_search,annual,ios
4785,2026-08-01 23:26:12,influencer,monthly,android
4786,2026-05-26 09:56:47,paid_search,monthly,android
4787,2026-08-05 09:50:37,paid_search,monthly,ios
4788,2026-06-14 20:32:11,paid_search,annual,android
4789,2026-04-26 14:30:48,influencer,monthly,web
4790,2026-07-22 02:05:46,referral,annual,ios
4791,2026-03-07 21:31:26,organic,monthly,web
4792,2026-08-15 11:21:19,paid_search,annual,android
4793,2026-05-19 02:11:07,organic,monthly,ios
4794,2026-08-18 02:18:21,referral,monthly,web
4795,2026-08-30 00:46:56,referral,monthly,android
4796,2026-05-23 23:47:19,paid_search,annual,ios
4797,2026-08-06 20:39:50,paid_search,monthly,android
4798,2026-08-12 02:55:43,referral,monthly,web
4799,2026-07-21 17:05:14,influencer,monthly,android
4800,2026-05-04 13:57:24,referral,monthly,android
4801,2026-03-29 17:29:41,referral,monthly,android
4802,2026-08-21 19:48:02,influencer,monthly,ios
4803,2026-07-19 05:18:02,referral,monthly,android
4804,2026-06-26 08:45:56,organic,monthly,ios
4805,2026-08-25 08:48:34,paid_search,monthly,ios
4806,2026-07-25 02:37:49,organic,annual,android
4807,2026-03-23 06:47:16,paid_search,monthly,android
4808,2026-06-07 12:55:13,referral,monthly,ios
4809,2026-08-03 23:24:43,influencer,monthly,android
4810,2026-06-14 01:26:54,paid_search,annual,android
4811,2026-08-18 08:48:21,referral,monthly,android
4812,2026-08-31 23:41:28,organic,monthly,android
4813,2026-05-16 16:13:05,referral,annual,android
4814,2026-06-28 23:46:19,paid_search,annual,android
4815,2026-04-14 23:40:18,paid_search,monthly,android
4816,2026-05-27 09:23:45,referral,annual,web
4817,2026-06-10 15:30:44,organic,monthly,ios
4818,2026-04-02 11:37:49,paid_search,monthly,android
4819,2026-05-18 00:06:39,paid_search,monthly,web
4820,2026-08-04 03:24:25,organic,annual,web
4821,2026-06-04 09:11:42,paid_search,monthly,ios
4822,2026-04-28 23:35:08,influencer,annual,web
4823,2026-05-06 00:48:01,influencer,monthly,android
4824,2026-07-10 00:14:35,paid_search,annual,ios
4825,2026-08-30 21:09:38,organic,monthly,android
4826,2026-05-28 19:27:15,influencer,monthly,android
4827,2026-05-10 22:18:02,influencer,annual,android
4828,2026-05-22 02:19:40,paid_search,annual,android
4829,2026-05-12 19:56:04,paid_search,annual,ios
4830,2026-04-12 05:31:29,organic,monthly,ios
4831,2026-06-26 02:26:16,influencer,monthly,ios
4832,2026-05-01 07:00:01,paid_search,monthly,web
4833,2026-07-26 00:16:27,paid_search,monthly,android
4834,2026-04-22 22:13:35,paid_search,monthly,ios
4835,2026-08-07 17:14:49,paid_search,monthly,ios
4836,2026-04-15 07:35:13,paid_search,monthly,web
4837,2026-07-02 02:28:00,paid_search,annual,ios
4838,2026-05-20 14:44:57,paid_search,monthly,android
4839,2026-06-30 20:09:37,referral,annual,ios
4840,2026-04-13 02:16:09,influencer,monthly,ios
4841,2026-05-20 04:44:31,referral,monthly,ios
4842,2026-05-10 21:36:29,influencer,monthly,web
4843,2026-03-30 20:46:19,paid_search,monthly,android
4844,2026-08-26 07:31:00,organic,annual,android
4845,2026-07-23 08:48:18,paid_search,monthly,ios
4846,2026-07-07 10:38:52,paid_search,monthly,ios
4847,2026-07-26 06:55:36,influencer,monthly,android
4848,2026-07-09 22:30:24,referral,monthly,android
4849,2026-08-15 06:48:19,influencer,annual,android
4850,2026-06-11 15:42:42,organic,monthly,ios
4851,2026-07-18 22:43:26,referral,annual,android
4852,2026-04-04 21:25:25,referral,monthly,android
4853,2026-05-25 19:42:03,referral,monthly,android
4854,2026-08-24 07:11:03,influencer,monthly,android
4855,2026-05-12 05:12:16,influencer,monthly,ios
4856,2026-04-23 20:00:59,referral,annual,ios
4857,2026-03-23 23:03:45,organic,monthly,web
4858,2026-07-20 01:01:02,paid_search,monthly,web
4859,2026-07-23 03:07:07,referral,monthly,android
4860,2026-04-14 10:02:36,paid_search,monthly,web
4861,2026-08-25 21:30:16,paid_search,monthly,web
4862,2026-07-15 16:29:28,influencer,monthly,ios
4863,2026-04-04 14:54:04,paid_search,annual,android
4864,2026-05-27 19:13:15,influencer,monthly,android
4865,2026-07-24 10:27:10,influencer,monthly,android
4866,2026-06-07 11:17:48,paid_search,monthly,web
4867,2026-07-14 20:15:45,paid_search,monthly,android
4868,2026-08-17 12:00:57,referral,annual,web
4869,2026-05-21 05:36:03,referral,annual,android
4870,2026-06-25 23:11:26,paid_search,monthly,android
4871,2026-07-24 14:40:35,referral,monthly,android
4872,2026-08-23 11:16:22,referral,monthly,android
4873,2026-08-08 22:47:14,organic,monthly,web
4874,2026-07-23 20:53:54,referral,monthly,web
4875,2026-08-11 11:01:52,paid_search,annual,ios
4876,2026-08-27 02:47:09,referral,annual,web
4877,2026-07-23 20:48:45,paid_search,annual,android
4878,2026-05-12 01:11:30,referral,annual,android
4879,2026-04-09 22:20:32,referral,monthly,android
4880,2026-06-25 17:24:26,paid_search,annual,android
4881,2026-05-06 19:33:12,influencer,monthly,ios
4882,2026-07-30 18:14:12,referral,monthly,android
4883,2026-08-16 10:28:08,referral,monthly,ios
4884,2026-06-20 04:45:05,organic,monthly,web
4885,2026-07-06 21:29:15,paid_search,annual,ios
4886,2026-06-12 09:27:25,paid_search,monthly,ios
4887,2026-07-16 04:29:29,referral,monthly,ios
4888,2026-04-03 16:15:33,paid_search,monthly,android
4889,2026-04-20 23:26:09,influencer,monthly,android
4890,2026-03-02 03:25:47,influencer,monthly,android
4891,2026-04-01 07:55:59,referral,monthly,android
4892,2026-07-29 10:24:08,organic,monthly,ios
4893,2026-05-13 07:41:58,influencer,annual,ios
4894,2026-06-13 17:28:58,paid_search,annual,ios
4895,2026-07-28 06:14:15,referral,monthly,web
4896,2026-07-02 03:07:07,organic,monthly,ios
4897,2026-03-27 00:11:23,paid_search,monthly,ios
4898,2026-04-23 18:41:21,referral,monthly,ios
4899,2026-07-31 05:58:28,paid_search,monthly,android
4900,2026-07-27 10:22:34,organic,annual,web
4901,2026-08-04 02:57:42,influencer,monthly,web
4902,2026-05-02 04:06:06,influencer,monthly,web
4903,2026-07-19 21:15:05,organic,annual,android
4904,2026-07-22 09:57:09,paid_search,monthly,ios
4905,2026-08-26 11:33:28,organic,annual,web
4906,2026-06-11 07:51:28,organic,monthly,ios
4907,2026-04-08 19:28:16,organic,annual,android
4908,2026-06-18 04:01:24,organic,monthly,ios
4909,2026-05-21 06:20:51,referral,annual,ios
4910,2026-08-13 08:30:38,organic,monthly,ios
4911,2026-07-27 20:48:57,paid_search,monthly,web
4912,2026-08-03 09:09:56,referral,annual,android
4913,2026-05-09 05:52:57,organic,annual,android
4914,2026-07-09 22:29:53,paid_search,monthly,ios
4915,2026-04-10 00:10:54,referral,monthly,android
4916,2026-07-05 00:55:05,influencer,monthly,android
4917,2026-03-07 06:41:57,paid_search,monthly,web
4918,2026-05-10 01:52:12,organic,annual,ios
4919,2026-08-11 22:39:56,referral,annual,ios
4920,2026-06-14 12:56:58,organic,monthly,ios
4921,2026-08-30 10:20:10,paid_search,annual,ios
4922,2026-03-15 10:54:33,organic,annual,android
4923,2026-06-14 23:05:39,referral,monthly,android
4924,2026-06-02 06:03:28,referral,annual,android
4925,2026-08-15 04:08:41,organic,monthly,android
4926,2026-08-13 02:35:47,referral,monthly,web
4927,2026-08-29 13:27:42,organic,monthly,android
4928,2026-04-15 21:53:45,influencer,monthly,ios
4929,2026-07-27 12:15:19,referral,annual,android
4930,2026-08-15 00:39:23,organic,monthly,android
4931,2026-06-11 01:25:58,organic,annual,web
4932,2026-04-22 19:40:25,referral,monthly,android
4933,2026-03-08 04:08:03,referral,monthly,android
4934,2026-03-18 06:26:49,influencer,monthly,web
4935,2026-06-16 23:58:38,organic,monthly,android
4936,2026-05-03 09:41:23,influencer,monthly,ios
4937,2026-07-08 04:18:06,referral,annual,web
4938,2026-04-09 05:50:47,paid_search,monthly,ios
4939,2026-03-08 17:50:16,organic,monthly,ios
4940,2026-03-15 00:33:18,organic,monthly,android
4941,2026-08-22 05:01:28,influencer,annual,android
4942,2026-06-20 07:53:43,organic,monthly,ios
4943,2026-08-02 14:06:28,organic,monthly,ios
4944,2026-07-29 10:10:11,organic,annual,android
4945,2026-08-17 05:00:45,paid_search,monthly,ios
4946,2026-06-29 18:33:40,organic,monthly,ios
4947,2026-06-16 23:31:01,paid_search,monthly,web
4948,2026-08-03 14:29:22,influencer,annual,ios
4949,2026-05-16 21:30:49,influencer,monthly,ios
4950,2026-08-25 17:17:27,paid_search,annual,android
4951,2026-08-13 21:37:08,paid_search,annual,web
4952,2026-03-06 17:30:01,influencer,monthly,ios
4953,2026-06-29 10:23:50,organic,monthly,ios
4954,2026-07-08 12:11:44,paid_search,monthly,web
4955,2026-07-26 19:13:25,paid_search,monthly,web
4956,2026-03-12 14:53:53,organic,annual,ios
4957,2026-08-12 01:12:44,influencer,monthly,ios
4958,2026-06-20 13:47:43,paid_search,monthly,web
4959,2026-05-03 01:22:00,organic,monthly,web
4960,2026-06-03 00:45:23,referral,monthly,web
4961,2026-08-16 16:23:24,organic,monthly,ios
4962,2026-04-27 22:29:14,organic,annual,ios
4963,2026-08-14 12:45:43,referral,monthly,web
4964,2026-08-04 16:39:58,paid_search,annual,android
4965,2026-03-22 17:53:24,influencer,annual,web
4966,2026-06-29 15:45:34,organic,annual,android
4967,2026-03-25 05:10:53,paid_search,annual,android
4968,2026-07-29 08:22:06,referral,monthly,web
4969,2026-03-15 23:04:58,referral,monthly,ios
4970,2026-07-08 16:35:48,referral,monthly,ios
4971,2026-06-11 20:13:15,paid_search,monthly,android
4972,2026-05-07 13:28:35,paid_search,annual,ios
4973,2026-07-06 03:37:47,influencer,monthly,web
4974,2026-03-02 05:51:48,referral,annual,web
4975,2026-05-11 02:04:22,organic,annual,web
4976,2026-04-10 21:38:47,paid_search,monthly,android
4977,2026-06-09 03:06:13,organic,annual,android
4978,2026-04-03 02:44:19,organic,annual,android
4979,2026-05-15 11:02:29,influencer,monthly,android
4980,2026-03-20 06:12:51,paid_search,monthly,android
4981,2026-07-13 23:32:19,referral,annual,web
4982,2026-07-07 10:26:52,organic,monthly,ios
4983,2026-04-13 05:01:45,organic,monthly,android
4984,2026-08-23 20:20:10,referral,annual,ios
4985,2026-08-05 19:54:55,organic,monthly,android
4986,2026-08-30 03:24:41,organic,monthly,ios
4987,2026-08-05 12:56:01,organic,monthly,ios
4988,2026-04-04 11:23:47,paid_search,annual,web
4989,2026-04-26 00:18:38,organic,monthly,web
4990,2026-08-01 07:50:38,organic,monthly,ios
4991,2026-04-03 08:37:34,organic,annual,ios
4992,2026-08-02 05:16:48,paid_search,monthly,ios
4993,2026-03-04 08:16:52,paid_search,annual,android
4994,2026-05-30 13:01:05,paid_search,monthly,android
4995,2026-07-04 01:36:24,paid_search,monthly,android
4996,2026-08-17 04:21:30,paid_search,monthly,ios
4997,2026-07-27 14:39:38,paid_search,annual,ios
4998,2026-08-11 03:31:26,paid_search,annual,web
4999,2026-08-20 03:24:23,organic,annual,android
5000,2026-07-26 05:54:31,paid_search,monthly,android
5001,2026-03-06 16:31:11,paid_search,annual,ios
5002,2026-05-27 13:58:08,paid_search,monthly,android
5003,2026-05-01 12:40:39,organic,annual,web
5004,2026-08-22 08:04:14,referral,monthly,android
5005,2026-08-02 13:58:08,influencer,monthly,web
5006,2026-08-20 03:14:46,influencer,monthly,ios
5007,2026-03-28 22:12:59,organic,monthly,ios
5008,2026-08-13 14:17:26,paid_search,monthly,android
5009,2026-05-09 04:06:24,paid_search,monthly,ios
5010,2026-07-10 05:16:59,influencer,monthly,ios
5011,2026-07-30 02:18:40,paid_search,monthly,android
5012,2026-07-06 16:58:12,organic,monthly,web
5013,2026-04-22 18:11:39,paid_search,monthly,android
5014,2026-04-25 20:21:56,paid_search,monthly,android
5015,2026-08-05 18:18:53,referral,monthly,web
5016,2026-06-23 00:55:54,influencer,annual,android
5017,2026-04-01 08:43:31,referral,monthly,ios
5018,2026-08-14 17:34:19,influencer,monthly,android
5019,2026-05-03 16:05:25,influencer,monthly,android
5020,2026-05-21 16:40:55,influencer,annual,web
5021,2026-06-01 05:19:18,referral,monthly,web
5022,2026-07-06 07:05:00,paid_search,monthly,web
5023,2026-05-07 14:56:07,influencer,monthly,ios
5024,2026-05-19 18:16:49,organic,monthly,web
5025,2026-08-30 21:38:01,referral,monthly,android
5026,2026-04-22 23:16:22,organic,monthly,web
5027,2026-07-11 11:55:40,paid_search,monthly,ios
5028,2026-07-04 02:22:29,referral,monthly,android
5029,2026-07-28 14:12:21,influencer,monthly,ios
5030,2026-06-26 09:58:48,organic,annual,ios
5031,2026-05-15 16:19:14,paid_search,monthly,android
5032,2026-03-24 10:23:42,paid_search,monthly,ios
5033,2026-06-06 14:08:58,organic,monthly,android
5034,2026-04-21 22:43:07,referral,annual,ios
5035,2026-04-17 17:07:11,influencer,annual,android
5036,2026-07-10 09:36:31,paid_search,monthly,web
5037,2026-03-14 12:35:12,organic,monthly,ios
5038,2026-08-26 20:35:22,referral,monthly,android
5039,2026-08-14 06:25:56,referral,monthly,android
5040,2026-05-03 22:48:33,referral,monthly,android
5041,2026-06-25 21:01:16,paid_search,monthly,web
5042,2026-03-31 21:53:05,organic,monthly,ios
5043,2026-03-16 01:55:27,organic,monthly,ios
5044,2026-07-28 13:49:50,paid_search,monthly,ios
5045,2026-03-03 04:11:12,referral,monthly,ios
5046,2026-03-18 16:24:13,organic,monthly,android
5047,2026-04-10 18:04:36,referral,monthly,android
5048,2026-06-01 16:35:49,paid_search,annual,android
5049,2026-06-24 21:51:27,paid_search,monthly,web
5050,2026-03-31 19:26:50,paid_search,monthly,ios
5051,2026-04-09 11:59:43,referral,annual,web
5052,2026-07-06 19:28:30,paid_search,monthly,ios
5053,2026-07-12 03:06:20,organic,monthly,android
5054,2026-06-19 03:08:47,paid_search,monthly,web
5055,2026-04-01 17:20:25,paid_search,monthly,ios
5056,2026-04-30 12:32:20,paid_search,monthly,android
5057,2026-04-13 23:32:40,organic,annual,android
5058,2026-07-13 04:36:26,referral,annual,android
5059,2026-05-11 12:04:42,referral,monthly,web
5060,2026-05-14 03:12:18,organic,monthly,web
5061,2026-03-24 15:23:52,referral,monthly,android
5062,2026-08-19 07:55:45,organic,annual,ios
5063,2026-06-11 03:36:01,paid_search,monthly,android
5064,2026-08-29 06:12:04,organic,monthly,android
5065,2026-07-11 14:51:47,referral,monthly,android
5066,2026-07-18 20:54:21,influencer,monthly,android
5067,2026-07-19 00:32:52,organic,annual,android
5068,2026-07-10 20:14:55,organic,monthly,web
5069,2026-03-18 05:28:50,organic,annual,ios
5070,2026-06-16 12:26:20,paid_search,monthly,ios
5071,2026-05-23 14:35:26,influencer,monthly,web
5072,2026-04-21 10:03:43,influencer,annual,android
5073,2026-07-05 00:49:03,paid_search,annual,web
5074,2026-04-23 18:22:12,organic,monthly,ios
5075,2026-07-02 20:11:41,paid_search,monthly,android
5076,2026-08-08 16:46:36,organic,monthly,ios
5077,2026-04-23 16:20:11,paid_search,monthly,android
5078,2026-03-04 14:22:18,paid_search,annual,android
5079,2026-07-08 00:18:06,paid_search,monthly,web
5080,2026-07-22 22:19:09,organic,annual,web
5081,2026-07-12 13:51:46,paid_search,annual,ios
5082,2026-08-22 22:09:25,referral,monthly,web
5083,2026-08-11 19:52:09,influencer,monthly,android
5084,2026-03-28 08:04:14,organic,monthly,web
5085,2026-05-18 21:38:49,referral,monthly,android
5086,2026-06-06 10:20:05,organic,monthly,android
5087,2026-04-20 17:14:29,paid_search,monthly,web
5088,2026-05-29 01:09:01,organic,annual,android
5089,2026-04-06 10:31:26,paid_search,monthly,ios
5090,2026-08-28 20:33:49,referral,monthly,android
5091,2026-08-14 18:19:03,referral,monthly,web
5092,2026-04-20 19:02:35,influencer,monthly,android
5093,2026-06-29 10:58:11,organic,annual,android
5094,2026-08-15 01:31:44,referral,monthly,android
5095,2026-06-15 01:28:51,organic,annual,android
5096,2026-04-17 06:00:01,referral,monthly,android
5097,2026-05-19 00:45:13,paid_search,monthly,android
5098,2026-03-21 14:37:58,influencer,annual,ios
5099,2026-08-31 09:55:51,referral,monthly,ios
5100,2026-05-31 05:37:55,paid_search,monthly,android
5101,2026-05-23 02:29:19,organic,monthly,ios
5102,2026-07-23 03:15:30,paid_search,annual,ios
5103,2026-05-17 20:42:43,organic,monthly,android
5104,2026-04-01 13:12:59,organic,monthly,ios
5105,2026-07-17 03:25:44,organic,annual,web
5106,2026-07-05 05:15:14,organic,monthly,android
5107,2026-03-15 03:12:33,organic,annual,web
5108,2026-05-21 15:08:44,paid_search,annual,web
5109,2026-04-05 15:17:52,paid_search,monthly,ios
5110,2026-06-25 06:24:19,organic,annual,ios
5111,2026-07-22 22:41:50,influencer,annual,web
5112,2026-03-31 20:40:55,influencer,monthly,ios
5113,2026-08-24 08:52:08,organic,monthly,android
5114,2026-07-21 04:19:10,organic,monthly,web
5115,2026-08-14 23:21:52,organic,monthly,android
5116,2026-07-16 11:10:36,influencer,monthly,ios
5117,2026-08-04 13:33:45,paid_search,monthly,android
5118,2026-04-20 22:17:39,paid_search,monthly,android
5119,2026-03-11 16:21:01,organic,monthly,android
5120,2026-08-13 00:02:34,paid_search,monthly,android
5121,2026-07-26 05:52:58,referral,monthly,web
5122,2026-08-18 08:23:49,influencer,monthly,web
5123,2026-08-29 17:10:33,organic,monthly,ios
5124,2026-05-23 17:13:34,organic,monthly,ios
5125,2026-08-25 17:10:28,referral,annual,ios
5126,2026-04-19 07:28:54,paid_search,monthly,ios
5127,2026-04-21 18:25:45,referral,monthly,android
5128,2026-07-02 22:25:35,paid_search,monthly,ios
5129,2026-08-09 05:07:28,influencer,annual,ios
5130,2026-03-25 11:33:59,paid_search,annual,ios
5131,2026-06-21 22:24:47,referral,monthly,ios
5132,2026-08-08 19:17:13,organic,annual,android
5133,2026-04-22 09:17:58,referral,monthly,android
5134,2026-04-03 11:05:16,influencer,monthly,web
5135,2026-07-12 17:29:11,organic,monthly,web
5136,2026-05-19 11:28:59,paid_search,monthly,ios
5137,2026-08-22 15:34:18,organic,monthly,ios
5138,2026-07-07 08:49:16,influencer,annual,android
5139,2026-07-26 18:52:41,influencer,monthly,ios
5140,2026-06-14 10:24:50,paid_search,annual,ios
5141,2026-04-19 15:06:30,organic,annual,android
5142,2026-07-06 09:19:55,referral,monthly,android
5143,2026-05-01 09:37:45,influencer,annual,ios
5144,2026-08-15 13:31:14,paid_search,annual,android
5145,2026-05-18 03:34:51,organic,annual,web
5146,2026-08-16 07:53:08,referral,annual,ios
5147,2026-04-13 15:11:30,referral,annual,android
5148,2026-04-17 11:15:35,organic,monthly,android
5149,2026-07-08 10:27:52,referral,annual,ios
5150,2026-04-05 18:39:40,paid_search,annual,android
5151,2026-05-16 18:50:18,influencer,monthly,ios
5152,2026-06-18 01:26:20,referral,monthly,android
5153,2026-08-10 16:38:52,paid_search,monthly,ios
5154,2026-05-08 21:59:14,referral,annual,ios
5155,2026-08-23 21:10:18,referral,annual,ios
5156,2026-03-08 10:36:56,organic,monthly,web
5157,2026-06-12 19:13:20,organic,monthly,android
5158,2026-04-01 00:07:12,paid_search,monthly,web
5159,2026-03-23 20:17:01,referral,annual,web
5160,2026-07-21 15:17:13,organic,monthly,android
5161,2026-04-10 04:57:05,referral,annual,web
5162,2026-07-05 10:20:18,influencer,monthly,ios
5163,2026-04-03 13:26:49,referral,annual,ios
5164,2026-06-27 07:38:47,paid_search,monthly,ios
5165,2026-07-22 15:15:46,paid_search,monthly,ios
5166,2026-03-06 06:57:53,organic,monthly,web
5167,2026-07-15 20:20:47,referral,monthly,ios
5168,2026-04-02 17:11:54,organic,monthly,android
5169,2026-08-19 22:10:21,paid_search,monthly,ios
5170,2026-05-03 21:37:42,referral,monthly,ios
5171,2026-04-20 09:37:29,organic,monthly,web
5172,2026-04-17 04:27:29,organic,monthly,ios
5173,2026-05-21 20:13:31,paid_search,monthly,web
5174,2026-03-10 18:17:51,paid_search,monthly,ios
5175,2026-06-30 08:06:36,organic,annual,android
5176,2026-03-25 18:58:26,organic,monthly,web
5177,2026-05-26 17:19:53,influencer,monthly,ios
5178,2026-07-13 03:30:41,paid_search,monthly,ios
5179,2026-04-22 05:33:15,paid_search,monthly,ios
5180,2026-04-27 02:04:03,influencer,monthly,ios
5181,2026-08-13 17:40:24,paid_search,monthly,web
5182,2026-03-03 02:41:45,referral,monthly,ios
5183,2026-04-03 06:59:09,referral,monthly,web
5184,2026-06-24 16:19:31,influencer,monthly,ios
5185,2026-05-27 01:12:24,influencer,annual,android
5186,2026-07-15 08:57:56,influencer,monthly,ios
5187,2026-03-18 03:34:57,referral,monthly,android
5188,2026-08-16 06:02:35,paid_search,monthly,web
5189,2026-04-18 20:24:53,organic,monthly,android
5190,2026-03-28 07:41:52,organic,monthly,android
5191,2026-03-29 05:43:16,paid_search,annual,ios
5192,2026-03-01 12:29:06,influencer,monthly,android
5193,2026-07-29 22:14:38,influencer,annual,ios
5194,2026-05-08 07:42:11,referral,monthly,web
5195,2026-08-09 06:27:28,influencer,monthly,ios
5196,2026-05-25 17:32:27,paid_search,annual,web
5197,2026-06-05 10:38:46,organic,monthly,web
5198,2026-04-17 17:47:21,paid_search,monthly,android
5199,2026-07-02 14:41:52,paid_search,monthly,ios
5200,2026-07-31 04:13:37,paid_search,annual,android
5201,2026-08-02 12:39:28,paid_search,monthly,android
5202,2026-08-12 06:32:17,paid_search,monthly,ios
5203,2026-07-12 18:25:51,influencer,annual,android
5204,2026-05-04 03:46:43,organic,monthly,android
5205,2026-05-10 16:03:00,referral,annual,web
5206,2026-03-01 09:31:33,paid_search,monthly,android
5207,2026-08-27 15:31:41,organic,monthly,android
5208,2026-03-17 00:10:12,organic,monthly,ios
5209,2026-08-12 03:07:02,paid_search,monthly,web
5210,2026-05-31 03:10:17,referral,monthly,ios
5211,2026-07-24 21:34:56,organic,monthly,android
5212,2026-05-28 20:36:04,referral,monthly,android
5213,2026-05-09 11:20:48,referral,annual,web
5214,2026-06-01 11:13:20,organic,monthly,ios
5215,2026-08-29 04:00:25,referral,annual,ios
5216,2026-05-22 08:44:10,referral,annual,ios
5217,2026-04-04 19:14:09,organic,monthly,android
5218,2026-06-01 04:15:58,referral,monthly,ios
5219,2026-07-24 00:16:09,influencer,monthly,android
5220,2026-03-15 11:50:14,paid_search,monthly,android
5221,2026-08-24 00:56:43,paid_search,monthly,ios
5222,2026-04-21 09:27:44,organic,annual,android
5223,2026-03-01 16:35:49,organic,annual,ios
5224,2026-07-23 00:30:23,paid_search,annual,android
5225,2026-05-22 19:52:04,influencer,annual,ios
5226,2026-04-06 08:10:56,referral,monthly,ios
5227,2026-05-07 04:37:39,referral,annual,android
5228,2026-06-03 18:47:38,organic,monthly,web
5229,2026-05-02 05:07:06,influencer,monthly,android
5230,2026-06-18 07:05:00,paid_search,annual,ios
5231,2026-07-02 07:57:05,paid_search,monthly,ios
5232,2026-07-21 01:09:57,organic,monthly,android
5233,2026-04-26 16:43:11,referral,monthly,ios
5234,2026-08-17 23:15:12,organic,monthly,android
5235,2026-03-28 00:20:21,paid_search,annual,android
5236,2026-06-23 16:40:19,organic,monthly,web
5237,2026-08-28 01:41:51,referral,annual,ios
5238,2026-07-11 07:46:20,organic,monthly,android
5239,2026-07-03 05:19:35,paid_search,annual,android
5240,2026-03-19 17:37:58,referral,monthly,android
5241,2026-04-27 06:55:51,referral,monthly,web
5242,2026-03-21 16:39:25,referral,monthly,android
5243,2026-04-26 18:11:45,organic,monthly,web
5244,2026-04-21 15:45:50,paid_search,monthly,ios
5245,2026-07-17 07:31:16,paid_search,monthly,android
5246,2026-07-25 14:24:26,paid_search,monthly,android
5247,2026-04-27 17:46:41,paid_search,monthly,web
5248,2026-04-14 17:54:21,paid_search,monthly,ios
5249,2026-06-22 06:44:30,organic,monthly,android
5250,2026-07-13 16:19:22,referral,monthly,ios
5251,2026-08-19 07:30:14,organic,monthly,web
5252,2026-07-14 03:47:20,paid_search,monthly,ios
5253,2026-08-14 01:46:01,influencer,monthly,web
5254,2026-07-04 10:57:16,paid_search,annual,android
5255,2026-07-02 15:53:10,paid_search,annual,ios
5256,2026-06-19 04:53:33,paid_search,monthly,web
5257,2026-08-24 18:55:08,organic,annual,web
5258,2026-05-16 06:41:17,paid_search,monthly,android
5259,2026-07-20 12:05:41,organic,monthly,android
5260,2026-06-11 20:29:35,organic,annual,android
5261,2026-08-29 07:55:50,organic,monthly,android
5262,2026-07-19 00:58:40,organic,monthly,android
5263,2026-06-12 21:45:37,referral,monthly,ios
5264,2026-07-18 13:07:27,paid_search,monthly,android
5265,2026-04-26 17:45:54,referral,monthly,android
5266,2026-04-04 22:08:02,influencer,annual,android
5267,2026-07-09 10:22:02,paid_search,monthly,ios
5268,2026-06-14 04:50:28,referral,monthly,ios
5269,2026-03-11 06:59:59,paid_search,monthly,web
5270,2026-06-17 17:11:26,paid_search,annual,android
5271,2026-07-18 18:03:19,referral,annual,android
5272,2026-07-18 09:32:25,influencer,annual,web
5273,2026-06-24 18:15:00,influencer,monthly,web
5274,2026-07-24 16:13:45,paid_search,monthly,ios
5275,2026-07-02 03:56:41,organic,monthly,ios
5276,2026-08-11 23:38:15,influencer,monthly,android
5277,2026-08-27 07:42:38,influencer,monthly,ios
5278,2026-08-08 12:09:05,organic,monthly,android
5279,2026-04-03 20:54:14,referral,monthly,android
5280,2026-06-09 13:27:34,organic,monthly,android
5281,2026-08-05 21:29:23,paid_search,monthly,ios
5282,2026-04-29 01:42:30,referral,monthly,ios
5283,2026-06-07 16:26:19,organic,monthly,android
5284,2026-05-16 18:05:50,paid_search,annual,android
5285,2026-03-17 15:54:05,influencer,monthly,ios
5286,2026-07-31 09:55:41,organic,monthly,ios
5287,2026-07-25 21:26:34,organic,annual,android
5288,2026-04-17 19:35:50,paid_search,annual,web
5289,2026-03-17 13:47:26,organic,annual,android
5290,2026-08-03 15:57:06,paid_search,monthly,android
5291,2026-07-08 04:52:54,referral,annual,ios
5292,2026-06-11 16:11:20,referral,annual,ios
5293,2026-03-06 09:49:19,referral,annual,web
5294,2026-03-13 05:15:20,referral,monthly,android
5295,2026-08-21 05:35:45,referral,monthly,android
5296,2026-03-12 23:19:26,influencer,monthly,android
5297,2026-08-01 05:44:20,influencer,annual,web
5298,2026-03-15 20:14:37,organic,monthly,ios
5299,2026-07-26 13:04:29,influencer,monthly,ios
5300,2026-08-29 14:46:32,referral,monthly,android
5301,2026-03-22 06:25:05,paid_search,annual,web
5302,2026-07-08 20:28:03,paid_search,annual,ios
5303,2026-07-07 02:10:44,referral,monthly,web
5304,2026-05-16 06:54:49,paid_search,annual,android
5305,2026-08-22 14:10:39,influencer,monthly,ios
5306,2026-08-02 06:58:03,organic,annual,ios
5307,2026-07-19 11:24:41,referral,annual,ios
5308,2026-05-04 21:17:27,organic,annual,web
5309,2026-08-31 08:44:23,paid_search,annual,android
5310,2026-03-12 01:37:30,organic,annual,android
5311,2026-04-28 08:29:59,influencer,monthly,android
5312,2026-08-15 13:57:08,organic,monthly,android
5313,2026-07-31 20:36:05,paid_search,monthly,ios
5314,2026-08-14 06:20:45,influencer,monthly,android
5315,2026-05-02 09:51:56,influencer,annual,ios
5316,2026-04-29 23:22:45,referral,monthly,web
5317,2026-05-16 00:52:47,organic,monthly,android
5318,2026-08-18 22:06:40,organic,monthly,web
5319,2026-04-04 08:21:46,organic,annual,android
5320,2026-05-18 17:16:45,organic,monthly,ios
5321,2026-06-08 14:54:23,organic,monthly,ios
5322,2026-08-14 19:51:21,influencer,monthly,android
5323,2026-07-01 22:48:01,organic,annual,web
5324,2026-08-05 18:47:28,referral,monthly,web
5325,2026-06-16 00:51:09,paid_search,monthly,web
5326,2026-08-31 12:28:39,influencer,monthly,ios
5327,2026-03-29 11:10:14,organic,monthly,ios
5328,2026-08-31 23:44:40,organic,monthly,ios
5329,2026-03-08 14:59:11,referral,annual,android
5330,2026-05-31 03:08:42,referral,monthly,ios
5331,2026-07-10 07:30:59,paid_search,monthly,ios
5332,2026-06-13 11:37:31,organic,monthly,ios
5333,2026-08-13 22:17:59,organic,monthly,web
5334,2026-06-22 13:15:04,influencer,monthly,ios
5335,2026-04-05 01:10:19,referral,annual,android
5336,2026-05-05 22:11:47,organic,monthly,ios
5337,2026-05-26 19:06:01,referral,annual,android
5338,2026-04-15 22:24:30,organic,monthly,ios
5339,2026-07-03 21:19:35,referral,annual,android
5340,2026-03-16 02:36:02,paid_search,monthly,android
5341,2026-04-17 06:01:05,paid_search,monthly,ios
5342,2026-08-01 14:53:50,organic,monthly,android
5343,2026-04-28 08:22:24,influencer,monthly,ios
5344,2026-05-09 18:09:35,referral,monthly,ios
5345,2026-08-27 17:37:13,paid_search,annual,web
5346,2026-03-24 05:59:32,paid_search,monthly,android
5347,2026-08-17 23:01:29,organic,monthly,android
5348,2026-03-17 04:02:13,influencer,monthly,web
5349,2026-06-28 11:16:47,organic,monthly,web
5350,2026-05-02 04:00:43,referral,monthly,android
5351,2026-04-05 15:31:38,referral,monthly,android
5352,2026-07-27 17:32:20,paid_search,monthly,android
5353,2026-03-31 23:38:55,paid_search,annual,android
5354,2026-03-23 17:54:26,paid_search,monthly,web
5355,2026-06-21 21:11:49,referral,monthly,android
5356,2026-04-21 17:19:34,organic,monthly,web
5357,2026-05-01 16:55:34,referral,monthly,android
5358,2026-08-27 04:21:04,referral,monthly,ios
5359,2026-04-29 23:44:55,organic,monthly,android
5360,2026-08-09 21:12:14,paid_search,monthly,web
5361,2026-07-18 09:03:09,referral,monthly,web
5362,2026-03-01 14:42:20,organic,monthly,ios
5363,2026-05-27 18:45:20,organic,monthly,web
5364,2026-03-11 03:10:02,paid_search,monthly,android
5365,2026-03-28 12:06:10,paid_search,monthly,ios
5366,2026-04-13 17:10:12,paid_search,monthly,ios
5367,2026-04-23 02:09:55,referral,annual,android
5368,2026-06-18 00:38:00,referral,monthly,ios
5369,2026-08-21 09:06:27,organic,monthly,ios
5370,2026-07-14 04:26:06,influencer,monthly,android
5371,2026-05-22 11:41:47,paid_search,monthly,web
5372,2026-03-12 01:33:13,influencer,annual,web
5373,2026-06-16 05:10:22,referral,monthly,web
5374,2026-06-08 18:21:57,influencer,monthly,web
5375,2026-05-23 19:39:13,organic,monthly,web
5376,2026-07-11 02:54:19,paid_search,monthly,web
5377,2026-06-28 16:28:51,paid_search,annual,web
5378,2026-06-07 17:07:52,organic,monthly,web
5379,2026-07-20 13:32:46,paid_search,monthly,ios
5380,2026-05-20 10:57:05,organic,monthly,ios
5381,2026-07-22 03:01:53,referral,monthly,android
5382,2026-07-26 22:32:06,referral,annual,android
5383,2026-06-07 16:23:50,referral,annual,ios
5384,2026-05-24 00:35:43,influencer,annual,android
5385,2026-03-06 17:16:03,paid_search,monthly,ios
5386,2026-04-29 06:50:42,referral,monthly,ios
5387,2026-06-27 02:03:35,paid_search,annual,ios
5388,2026-04-21 21:39:57,referral,monthly,ios
5389,2026-08-29 01:38:10,paid_search,monthly,ios
5390,2026-04-27 02:59:21,paid_search,monthly,ios
5391,2026-03-27 21:20:27,influencer,annual,web
5392,2026-04-05 17:45:40,paid_search,monthly,android
5393,2026-07-28 16:38:22,referral,monthly,android
5394,2026-06-10 16:00:08,referral,monthly,android
5395,2026-06-29 00:49:58,organic,monthly,ios
5396,2026-08-09 00:16:52,referral,monthly,web
5397,2026-07-30 06:34:36,paid_search,monthly,ios
5398,2026-05-11 17:37:36,influencer,monthly,web
5399,2026-08-19 05:55:39,organic,annual,ios
5400,2026-05-24 00:00:01,organic,annual,android
5401,2026-05-27 09:32:51,organic,monthly,ios
5402,2026-08-20 03:46:48,paid_search,annual,android
5403,2026-03-15 23:44:43,organic,monthly,android
5404,2026-04-13 05:53:31,influencer,monthly,ios
5405,2026-06-09 12:07:02,organic,monthly,web
5406,2026-08-14 03:54:08,organic,monthly,android
5407,2026-06-13 00:22:51,influencer,monthly,ios
5408,2026-05-17 08:42:41,referral,monthly,android
5409,2026-06-23 21:23:35,paid_search,monthly,ios
5410,2026-06-04 12:13:27,paid_search,monthly,web
5411,2026-03-28 04:37:14,referral,annual,web
5412,2026-08-28 00:46:47,referral,monthly,ios
5413,2026-06-21 02:59:07,paid_search,monthly,android
5414,2026-05-26 06:49:00,influencer,monthly,android
5415,2026-07-02 02:53:22,referral,monthly,ios
5416,2026-07-17 04:54:33,paid_search,monthly,web
5417,2026-04-04 00:36:33,referral,monthly,web
5418,2026-04-03 00:11:05,influencer,annual,web
5419,2026-07-08 19:31:43,organic,monthly,android
5420,2026-03-27 13:45:17,paid_search,monthly,ios
5421,2026-03-17 02:53:24,paid_search,monthly,ios
5422,2026-08-10 23:19:23,referral,monthly,android
5423,2026-08-11 00:47:18,paid_search,annual,ios
5424,2026-07-14 03:03:01,influencer,annual,web
5425,2026-08-22 22:51:40,paid_search,annual,android
5426,2026-08-17 16:11:26,paid_search,monthly,web
5427,2026-07-10 00:15:22,referral,monthly,web
5428,2026-06-23 14:06:57,organic,monthly,web
5429,2026-03-23 21:28:42,influencer,monthly,ios
5430,2026-05-24 19:15:31,organic,annual,android
5431,2026-03-03 06:23:21,organic,annual,web
5432,2026-04-15 02:48:38,organic,monthly,web
5433,2026-04-02 16:49:16,referral,monthly,web
5434,2026-03-04 00:20:26,organic,annual,ios
5435,2026-03-14 19:14:15,organic,monthly,ios
5436,2026-07-29 12:57:32,organic,monthly,web
5437,2026-06-20 04:17:34,paid_search,monthly,android
5438,2026-07-05 02:40:27,paid_search,annual,web
5439,2026-06-10 22:54:17,organic,monthly,ios
5440,2026-03-10 19:45:47,organic,monthly,android
5441,2026-06-23 23:55:23,paid_search,monthly,android
5442,2026-06-06 18:49:35,organic,monthly,android
5443,2026-06-15 21:49:26,paid_search,monthly,android
5444,2026-06-05 15:45:52,paid_search,monthly,ios
5445,2026-05-01 22:55:54,influencer,annual,web
5446,2026-08-18 23:53:46,referral,annual,android
5447,2026-04-26 23:06:48,organic,monthly,ios
5448,2026-04-03 03:58:00,paid_search,monthly,web
5449,2026-08-29 11:00:02,organic,annual,web
5450,2026-07-02 06:44:50,paid_search,monthly,android
5451,2026-08-14 03:10:04,paid_search,monthly,ios
5452,2026-04-17 06:58:51,paid_search,monthly,web
5453,2026-05-15 17:26:14,referral,monthly,ios
5454,2026-05-19 07:02:36,organic,monthly,ios
5455,2026-07-27 12:21:08,influencer,monthly,ios
5456,2026-03-27 18:12:31,paid_search,annual,ios
5457,2026-05-04 11:30:22,paid_search,annual,web
5458,2026-04-15 00:40:46,organic,monthly,android
5459,2026-04-07 06:07:30,paid_search,monthly,android
5460,2026-08-28 15:18:07,influencer,annual,ios
5461,2026-03-30 14:01:49,paid_search,annual,android
5462,2026-04-12 17:19:43,referral,monthly,android
5463,2026-03-04 18:58:51,organic,annual,ios
5464,2026-06-30 11:52:00,organic,monthly,android
5465,2026-04-19 00:04:02,organic,monthly,ios
5466,2026-05-14 15:08:10,influencer,monthly,web
5467,2026-08-21 08:24:14,paid_search,monthly,ios
5468,2026-05-13 01:47:35,referral,monthly,ios
5469,2026-05-02 20:46:54,paid_search,annual,web
5470,2026-03-02 09:34:56,paid_search,monthly,ios
5471,2026-04-14 10:22:04,paid_search,monthly,android
5472,2026-05-11 10:10:43,paid_search,annual,web
5473,2026-03-27 23:10:35,organic,monthly,android
5474,2026-03-29 04:38:52,paid_search,annual,android
5475,2026-03-01 05:48:39,referral,monthly,ios
5476,2026-03-01 05:35:45,paid_search,monthly,web
5477,2026-08-12 06:10:54,organic,annual,android
5478,2026-07-10 01:36:15,influencer,monthly,android
5479,2026-04-02 05:00:46,paid_search,annual,android
5480,2026-04-16 05:47:48,referral,annual,android
5481,2026-06-10 05:11:09,referral,monthly,android
5482,2026-04-27 18:31:11,paid_search,annual,web
5483,2026-07-23 08:30:07,influencer,annual,android
5484,2026-06-11 09:05:29,organic,monthly,android
5485,2026-07-09 22:13:50,paid_search,annual,web
5486,2026-04-10 06:40:48,paid_search,monthly,ios
5487,2026-03-15 14:50:40,referral,annual,ios
5488,2026-08-31 23:16:40,influencer,monthly,android
5489,2026-06-15 22:23:43,paid_search,monthly,ios
5490,2026-04-09 05:24:33,paid_search,monthly,android
5491,2026-07-09 17:23:56,referral,annual,ios
5492,2026-04-02 02:11:33,organic,monthly,web
5493,2026-03-17 21:19:48,paid_search,monthly,web
5494,2026-05-21 01:30:39,influencer,annual,android
5495,2026-03-17 04:19:20,influencer,monthly,android
5496,2026-03-21 08:33:43,paid_search,monthly,web
5497,2026-08-10 02:10:00,paid_search,monthly,android
5498,2026-03-31 11:33:13,paid_search,monthly,android
5499,2026-06-04 14:00:32,organic,monthly,web
5500,2026-03-18 21:03:03,referral,monthly,android
5501,2026-04-21 13:28:47,influencer,monthly,android
5502,2026-06-23 04:45:08,organic,annual,ios
5503,2026-08-27 21:05:24,referral,annual,web
5504,2026-07-31 01:00:52,influencer,monthly,android
5505,2026-03-01 01:06:22,influencer,annual,ios
5506,2026-07-13 09:07:46,organic,monthly,android
5507,2026-08-07 02:11:10,paid_search,monthly,web
5508,2026-07-01 16:07:35,organic,monthly,android
5509,2026-08-30 03:52:21,paid_search,monthly,android
5510,2026-06-27 03:33:01,paid_search,monthly,ios
5511,2026-04-25 03:45:23,referral,monthly,android
5512,2026-05-27 14:25:09,paid_search,monthly,ios
5513,2026-04-22 11:35:48,influencer,monthly,ios
5514,2026-07-28 00:50:00,organic,monthly,android
5515,2026-04-26 21:18:22,organic,annual,android
5516,2026-05-22 16:29:46,referral,monthly,android
5517,2026-06-23 11:47:25,organic,monthly,ios
5518,2026-05-02 05:21:09,influencer,monthly,android
5519,2026-08-10 23:04:25,paid_search,monthly,ios
5520,2026-03-12 03:24:26,referral,monthly,web
5521,2026-08-07 18:33:39,organic,annual,ios
5522,2026-06-10 00:26:37,referral,annual,web
5523,2026-08-16 01:36:51,organic,monthly,android
5524,2026-07-22 16:57:03,referral,monthly,ios
5525,2026-08-25 04:17:16,influencer,annual,ios
5526,2026-05-13 18:23:56,paid_search,monthly,android
5527,2026-06-23 10:24:38,paid_search,monthly,web
5528,2026-05-21 07:18:36,paid_search,monthly,android
5529,2026-06-28 06:45:30,referral,monthly,ios
5530,2026-06-09 13:36:07,paid_search,monthly,android
5531,2026-08-23 04:49:59,paid_search,annual,ios
5532,2026-08-23 03:12:03,organic,monthly,web
5533,2026-04-10 21:19:29,paid_search,monthly,android
5534,2026-08-16 12:13:33,influencer,annual,web
5535,2026-03-02 16:15:39,organic,monthly,web
5536,2026-05-30 00:42:01,organic,annual,web
5537,2026-05-08 18:33:37,referral,annual,android
5538,2026-05-29 08:30:23,influencer,monthly,android
5539,2026-06-01 00:17:37,paid_search,monthly,android
5540,2026-06-28 20:22:18,referral,monthly,android
5541,2026-03-21 15:45:03,organic,annual,ios
5542,2026-08-18 15:01:39,paid_search,monthly,web
5543,2026-07-03 16:01:09,referral,monthly,android
5544,2026-05-02 23:19:19,paid_search,monthly,ios
5545,2026-07-31 02:02:19,paid_search,monthly,android
5546,2026-08-07 05:25:44,organic,monthly,web
5547,2026-08-09 13:15:08,referral,monthly,android
5548,2026-04-02 08:39:43,referral,monthly,android
5549,2026-06-15 10:03:31,paid_search,monthly,ios
5550,2026-07-18 21:22:31,paid_search,annual,android
5551,2026-06-15 16:06:35,influencer,monthly,ios
5552,2026-03-10 13:55:54,referral,monthly,ios
5553,2026-08-28 03:06:13,paid_search,monthly,android
5554,2026-05-22 14:33:46,referral,monthly,ios
5555,2026-04-02 01:36:01,paid_search,monthly,android
5556,2026-04-21 03:39:25,organic,monthly,ios
5557,2026-03-05 03:46:24,paid_search,monthly,ios
5558,2026-07-01 09:22:07,referral,monthly,ios
5559,2026-05-01 19:42:13,paid_search,monthly,ios
5560,2026-05-20 12:13:45,paid_search,monthly,android
5561,2026-06-25 02:07:09,referral,monthly,android
5562,2026-06-21 17:12:44,organic,monthly,ios
5563,2026-03-29 12:46:19,organic,monthly,ios
5564,2026-05-06 22:03:57,organic,annual,ios
5565,2026-03-20 07:42:40,organic,monthly,android
5566,2026-04-05 03:07:32,referral,monthly,ios
5567,2026-07-17 00:14:46,paid_search,annual,ios
5568,2026-08-02 10:58:00,referral,annual,android
5569,2026-07-22 17:04:53,influencer,monthly,ios
5570,2026-04-02 20:34:41,organic,monthly,android
5571,2026-04-26 22:39:56,referral,annual,android
5572,2026-03-21 12:19:37,referral,monthly,android
5573,2026-03-16 18:03:11,influencer,monthly,ios
5574,2026-04-14 03:37:10,organic,monthly,ios
5575,2026-08-17 17:13:47,paid_search,monthly,web
5576,2026-07-09 20:08:17,organic,monthly,android
5577,2026-03-05 03:47:14,paid_search,monthly,web
5578,2026-05-06 19:17:21,paid_search,monthly,ios
5579,2026-04-06 11:48:26,organic,annual,ios
5580,2026-06-20 11:48:14,referral,monthly,web
5581,2026-07-19 18:45:58,organic,monthly,android
5582,2026-06-22 05:53:03,referral,monthly,web
5583,2026-06-25 10:03:46,paid_search,monthly,web
5584,2026-04-28 07:56:35,paid_search,monthly,android
5585,2026-07-18 13:30:27,organic,monthly,android
5586,2026-08-26 02:35:09,organic,monthly,android
5587,2026-06-26 12:42:13,paid_search,monthly,android
5588,2026-03-09 08:20:44,organic,annual,android
5589,2026-05-31 11:03:43,organic,monthly,android
5590,2026-05-31 01:40:46,organic,annual,ios
5591,2026-05-03 20:06:09,referral,monthly,ios
5592,2026-06-30 10:51:41,organic,monthly,web
5593,2026-08-25 06:04:03,organic,monthly,ios
5594,2026-08-08 07:56:00,referral,monthly,ios
5595,2026-06-09 20:28:23,paid_search,annual,web
5596,2026-08-25 04:20:50,organic,monthly,web
5597,2026-08-15 05:33:35,referral,monthly,ios
5598,2026-03-12 14:11:47,organic,monthly,android
5599,2026-07-28 18:33:37,paid_search,monthly,ios
5600,2026-07-11 10:45:37,influencer,annual,ios
5601,2026-08-03 12:26:52,organic,monthly,android
5602,2026-04-06 15:01:39,organic,monthly,ios
5603,2026-03-27 18:33:03,organic,monthly,android
5604,2026-07-18 10:16:54,organic,monthly,ios
5605,2026-04-24 08:25:14,referral,annual,web
5606,2026-08-15 03:25:25,paid_search,annual,android
5607,2026-06-18 23:54:42,organic,annual,android
5608,2026-06-03 19:35:08,organic,annual,android
5609,2026-03-04 22:08:27,paid_search,monthly,ios
5610,2026-06-18 06:58:17,paid_search,monthly,android
5611,2026-08-27 02:00:59,referral,annual,android
5612,2026-07-17 06:25:38,influencer,annual,ios
5613,2026-06-09 06:13:40,referral,monthly,android
5614,2026-07-04 10:06:33,organic,monthly,ios
5615,2026-03-12 11:27:13,organic,annual,web
5616,2026-06-18 03:53:33,referral,monthly,android
5617,2026-04-25 19:49:07,paid_search,annual,android
5618,2026-05-22 07:12:57,paid_search,monthly,android
5619,2026-05-05 22:25:10,referral,monthly,android
5620,2026-04-26 05:05:39,organic,monthly,web
5621,2026-06-24 13:39:32,organic,annual,ios
5622,2026-08-06 10:08:28,paid_search,monthly,ios
5623,2026-05-07 18:00:57,influencer,monthly,ios
5624,2026-05-22 04:05:21,influencer,annual,ios
5625,2026-07-11 00:38:58,organic,monthly,web
5626,2026-04-11 08:37:25,paid_search,annual,android
5627,2026-06-04 22:39:02,paid_search,monthly,web
5628,2026-08-29 17:27:05,organic,monthly,android
5629,2026-03-28 15:17:01,organic,monthly,android
5630,2026-03-19 04:47:54,organic,monthly,android
5631,2026-06-28 12:13:14,organic,annual,ios
5632,2026-04-23 06:44:52,paid_search,annual,ios
5633,2026-08-23 07:07:38,organic,monthly,android
5634,2026-06-10 07:03:29,influencer,annual,ios
5635,2026-03-31 21:39:59,organic,monthly,ios
5636,2026-06-09 02:39:22,referral,monthly,android
5637,2026-08-16 01:24:01,organic,monthly,web
5638,2026-06-09 12:54:21,paid_search,monthly,android
5639,2026-07-18 09:30:18,paid_search,monthly,android
5640,2026-06-01 10:09:33,paid_search,monthly,web
5641,2026-07-27 20:54:51,organic,annual,android
5642,2026-08-28 11:34:34,paid_search,annual,android
5643,2026-06-10 12:28:00,organic,annual,ios
5644,2026-07-16 07:57:25,referral,annual,web
5645,2026-06-03 23:53:15,organic,monthly,web
5646,2026-07-02 18:17:01,paid_search,annual,ios
5647,2026-08-14 07:30:16,referral,monthly,ios
5648,2026-04-19 21:55:34,paid_search,annual,android
5649,2026-03-18 22:09:14,referral,monthly,ios
5650,2026-03-20 05:46:28,referral,annual,android
5651,2026-08-22 12:25:07,paid_search,monthly,android
5652,2026-08-11 04:43:20,referral,annual,android
5653,2026-07-24 22:06:25,paid_search,monthly,android
5654,2026-08-23 02:16:09,organic,annual,android
5655,2026-03-30 22:04:16,paid_search,annual,ios
5656,2026-05-04 05:47:43,influencer,monthly,ios
5657,2026-04-15 12:57:38,referral,annual,web
5658,2026-06-27 07:14:50,organic,monthly,web
5659,2026-08-14 09:41:18,paid_search,monthly,web
5660,2026-07-02 22:58:49,influencer,monthly,web
5661,2026-05-27 19:14:19,paid_search,monthly,web
5662,2026-07-26 19:21:26,paid_search,monthly,android
5663,2026-06-25 19:24:31,organic,annual,android
5664,2026-06-18 18:39:36,paid_search,annual,ios
5665,2026-08-18 17:31:58,organic,annual,ios
5666,2026-07-09 17:53:30,paid_search,annual,android
5667,2026-08-02 09:18:19,paid_search,monthly,android
5668,2026-05-14 12:02:50,referral,monthly,ios
5669,2026-03-06 00:11:51,influencer,monthly,ios
5670,2026-08-04 15:33:20,referral,monthly,ios
5671,2026-07-27 06:05:28,organic,monthly,ios
5672,2026-04-04 06:44:01,paid_search,monthly,ios
5673,2026-07-14 16:10:05,organic,monthly,android
5674,2026-06-24 19:57:55,referral,annual,android
5675,2026-06-25 16:11:41,referral,monthly,web
5676,2026-04-29 18:09:26,organic,annual,ios
5677,2026-04-06 14:13:10,paid_search,monthly,web
5678,2026-05-29 14:20:46,organic,annual,web
5679,2026-07-09 21:15:05,influencer,monthly,web
5680,2026-08-01 06:33:26,organic,monthly,android
5681,2026-07-13 12:27:53,paid_search,monthly,web
5682,2026-03-01 13:24:50,paid_search,monthly,ios
5683,2026-03-22 22:21:31,referral,annual,android
5684,2026-04-20 10:05:16,organic,annual,ios
5685,2026-03-03 05:23:36,paid_search,monthly,ios
5686,2026-07-13 11:58:14,paid_search,annual,android
5687,2026-06-11 22:29:20,organic,monthly,android
5688,2026-05-05 01:54:47,paid_search,annual,android
5689,2026-08-03 05:11:06,influencer,monthly,android
5690,2026-06-09 07:42:30,organic,monthly,android
5691,2026-06-16 04:34:56,influencer,monthly,ios
5692,2026-03-07 15:13:43,referral,annual,android
5693,2026-05-06 07:43:49,influencer,annual,android
5694,2026-04-02 14:41:13,organic,monthly,ios
5695,2026-03-17 16:19:24,referral,monthly,android
5696,2026-06-17 12:57:37,organic,monthly,android
5697,2026-06-15 13:10:26,influencer,monthly,android
5698,2026-06-05 07:19:00,organic,monthly,ios
5699,2026-07-15 20:33:17,organic,monthly,web
5700,2026-07-12 14:32:09,influencer,monthly,android
5701,2026-04-07 06:07:28,influencer,monthly,ios
5702,2026-04-08 13:16:33,influencer,annual,ios
5703,2026-07-15 06:55:53,organic,annual,ios
5704,2026-07-15 18:00:41,organic,monthly,ios
5705,2026-04-21 06:14:49,organic,monthly,android
5706,2026-08-14 06:14:54,influencer,monthly,ios
5707,2026-04-23 01:02:50,organic,annual,web
5708,2026-08-22 12:40:01,organic,annual,ios
5709,2026-08-06 07:23:43,organic,monthly,ios
5710,2026-05-14 21:32:20,paid_search,monthly,web
5711,2026-05-24 15:30:40,organic,monthly,ios
5712,2026-05-12 21:56:52,paid_search,annual,android
5713,2026-05-27 04:36:01,organic,monthly,android
5714,2026-03-03 19:04:30,organic,annual,ios
5715,2026-08-15 16:07:20,organic,annual,android
5716,2026-06-17 21:46:49,influencer,monthly,web
5717,2026-07-01 07:20:20,organic,annual,web
5718,2026-04-21 12:32:47,paid_search,monthly,android
5719,2026-06-20 03:51:13,paid_search,monthly,android
5720,2026-06-20 08:28:50,referral,annual,web
5721,2026-06-18 15:35:30,paid_search,monthly,android
5722,2026-06-23 03:31:17,influencer,monthly,ios
5723,2026-05-27 04:14:24,paid_search,monthly,ios
5724,2026-04-14 23:33:30,paid_search,annual,android
5725,2026-07-20 12:05:36,organic,monthly,android
5726,2026-08-11 10:47:45,organic,annual,android
5727,2026-07-21 19:24:37,referral,monthly,web
5728,2026-03-28 08:09:38,organic,monthly,android
5729,2026-04-18 02:22:11,organic,monthly,android
5730,2026-06-21 02:14:17,influencer,monthly,ios
5731,2026-05-26 11:24:43,organic,monthly,ios
5732,2026-06-27 13:18:10,paid_search,monthly,ios
5733,2026-06-12 15:21:16,organic,monthly,web
5734,2026-03-31 02:33:55,referral,monthly,ios
5735,2026-06-06 15:53:37,paid_search,annual,android
5736,2026-07-08 07:35:49,organic,monthly,web
5737,2026-06-14 19:00:50,influencer,monthly,ios
5738,2026-05-28 12:45:26,organic,monthly,android
5739,2026-08-02 14:08:37,referral,monthly,ios
5740,2026-05-06 10:44:34,influencer,annual,web
5741,2026-08-28 22:38:16,paid_search,monthly,ios
5742,2026-04-21 09:55:50,paid_search,monthly,android
5743,2026-05-23 10:32:14,organic,annual,ios
5744,2026-08-10 09:53:21,referral,monthly,web
5745,2026-08-04 19:30:10,paid_search,monthly,ios
5746,2026-06-15 21:13:41,paid_search,monthly,ios
5747,2026-05-23 04:35:39,referral,monthly,web
5748,2026-08-31 05:41:17,organic,monthly,android
5749,2026-07-24 16:35:43,referral,monthly,android
5750,2026-07-10 05:35:28,paid_search,monthly,ios
5751,2026-06-10 15:58:57,paid_search,monthly,android
5752,2026-05-17 13:37:25,organic,annual,ios
5753,2026-07-17 12:33:20,referral,annual,ios
5754,2026-05-20 19:08:30,paid_search,annual,web
5755,2026-07-14 12:13:03,organic,monthly,android
5756,2026-07-29 11:27:22,paid_search,annual,ios
5757,2026-05-28 04:04:18,organic,monthly,ios
5758,2026-07-27 06:58:23,organic,monthly,android
5759,2026-04-12 14:50:46,organic,monthly,ios
5760,2026-07-31 16:49:26,paid_search,annual,android
5761,2026-07-08 07:58:45,organic,monthly,ios
5762,2026-08-07 10:13:47,referral,annual,ios
5763,2026-03-09 12:45:12,referral,monthly,ios
5764,2026-08-23 13:19:17,organic,annual,android
5765,2026-08-30 13:36:51,paid_search,monthly,android
5766,2026-08-07 09:54:01,influencer,monthly,android
5767,2026-08-29 13:35:12,referral,monthly,ios
5768,2026-05-06 20:28:10,organic,monthly,ios
5769,2026-04-06 23:58:03,paid_search,monthly,android
5770,2026-04-14 18:34:14,paid_search,monthly,android
5771,2026-04-12 08:46:42,paid_search,monthly,ios
5772,2026-05-02 17:41:55,organic,annual,ios
5773,2026-07-11 21:50:23,organic,monthly,ios
5774,2026-05-29 22:58:38,influencer,monthly,web
5775,2026-06-05 18:13:32,referral,monthly,android
5776,2026-06-03 14:07:52,influencer,monthly,android
5777,2026-03-01 07:17:12,referral,monthly,ios
5778,2026-07-04 11:33:06,paid_search,annual,ios
5779,2026-07-27 11:42:02,referral,monthly,android
5780,2026-08-05 09:22:11,organic,monthly,android
5781,2026-03-21 01:22:29,paid_search,monthly,android
5782,2026-03-10 19:41:24,organic,monthly,android
5783,2026-06-13 08:57:08,organic,monthly,web
5784,2026-08-03 10:45:17,influencer,annual,ios
5785,2026-07-24 02:45:33,paid_search,monthly,web
5786,2026-07-03 00:21:14,organic,monthly,web
5787,2026-05-16 21:48:15,referral,monthly,ios
5788,2026-06-19 16:07:38,influencer,monthly,android
5789,2026-07-07 07:36:26,organic,annual,web
5790,2026-03-03 19:29:43,influencer,monthly,ios
5791,2026-05-25 02:01:24,referral,annual,ios
5792,2026-06-27 16:50:21,paid_search,monthly,ios
5793,2026-05-21 18:21:19,paid_search,annual,android
5794,2026-06-12 23:34:31,paid_search,monthly,web
5795,2026-04-17 22:37:53,organic,monthly,ios
5796,2026-08-27 11:50:20,referral,annual,android
5797,2026-06-20 01:21:35,organic,monthly,web
5798,2026-07-02 01:01:47,paid_search,monthly,ios
5799,2026-05-25 06:51:36,paid_search,monthly,ios
5800,2026-08-25 03:16:26,paid_search,monthly,web
5801,2026-06-21 04:48:42,referral,monthly,ios
5802,2026-06-23 08:29:30,referral,annual,android
5803,2026-08-04 03:32:21,influencer,annual,android
5804,2026-05-26 18:40:27,influencer,monthly,android
5805,2026-06-10 14:07:30,influencer,monthly,web
5806,2026-03-14 05:35:53,referral,annual,web
5807,2026-04-21 03:51:59,organic,monthly,web
5808,2026-03-30 08:28:18,influencer,annual,android
5809,2026-05-21 15:09:21,paid_search,monthly,web
5810,2026-06-06 12:58:53,influencer,monthly,ios
5811,2026-05-06 04:49:44,paid_search,annual,android
5812,2026-08-20 06:13:52,referral,monthly,ios
5813,2026-03-10 23:56:46,paid_search,monthly,android
5814,2026-05-07 09:57:07,paid_search,annual,ios
5815,2026-05-20 03:32:02,referral,monthly,web
5816,2026-03-07 10:32:16,influencer,annual,ios
5817,2026-05-17 08:00:02,organic,annual,android
5818,2026-05-12 04:19:01,referral,monthly,web
5819,2026-08-24 18:32:08,referral,monthly,android
5820,2026-05-03 16:13:20,paid_search,monthly,android
5821,2026-04-11 12:22:13,referral,annual,web
5822,2026-06-07 19:55:24,referral,monthly,android
5823,2026-08-31 08:07:45,referral,monthly,android
5824,2026-06-21 15:40:34,organic,monthly,android
5825,2026-04-06 18:51:56,influencer,monthly,ios
5826,2026-03-17 11:27:44,paid_search,monthly,android
5827,2026-07-05 05:03:16,referral,monthly,ios
5828,2026-07-12 00:04:21,organic,annual,android
5829,2026-08-04 13:51:51,organic,monthly,ios
5830,2026-05-02 08:45:47,paid_search,monthly,android
5831,2026-06-10 09:28:42,organic,monthly,ios
5832,2026-05-10 06:24:55,paid_search,monthly,ios
5833,2026-04-07 18:41:12,organic,annual,ios
5834,2026-05-01 00:58:53,organic,monthly,ios
5835,2026-07-11 10:40:25,organic,monthly,android
5836,2026-04-21 09:13:10,organic,monthly,android
5837,2026-06-11 01:52:54,referral,monthly,android
5838,2026-06-13 21:14:36,paid_search,annual,android
5839,2026-05-15 14:50:44,paid_search,annual,android
5840,2026-05-02 15:41:06,influencer,annual,web
5841,2026-04-28 12:18:14,organic,monthly,web
5842,2026-03-22 16:15:02,organic,monthly,ios
5843,2026-08-18 18:44:29,paid_search,monthly,web
5844,2026-07-10 18:53:49,paid_search,monthly,android
5845,2026-03-20 13:00:00,referral,monthly,ios
5846,2026-08-15 18:15:30,organic,annual,android
5847,2026-03-28 06:15:35,influencer,annual,ios
5848,2026-08-27 06:42:54,referral,monthly,ios
5849,2026-04-30 01:25:25,paid_search,annual,web
5850,2026-04-19 13:16:38,organic,monthly,android
5851,2026-08-16 07:59:02,influencer,monthly,android
5852,2026-08-31 21:20:13,referral,monthly,ios
5853,2026-05-08 21:02:48,organic,monthly,web
5854,2026-07-16 05:28:59,organic,annual,web
5855,2026-05-25 22:50:27,organic,annual,android
5856,2026-07-26 02:58:20,organic,annual,android
5857,2026-06-30 21:46:00,paid_search,monthly,web
5858,2026-03-15 07:14:26,influencer,monthly,android
5859,2026-06-04 09:26:12,influencer,monthly,android
5860,2026-05-13 06:28:23,referral,monthly,ios
5861,2026-07-10 06:38:30,referral,annual,ios
5862,2026-07-11 00:40:58,organic,monthly,ios
5863,2026-08-17 05:19:19,organic,annual,ios
5864,2026-05-07 13:24:39,referral,monthly,ios
5865,2026-07-14 02:02:38,referral,monthly,web
5866,2026-05-17 03:30:14,referral,monthly,android
5867,2026-05-05 17:59:49,paid_search,monthly,android
5868,2026-04-14 03:32:39,paid_search,annual,android
5869,2026-04-04 15:52:54,organic,monthly,web
5870,2026-08-30 09:16:13,paid_search,annual,ios
5871,2026-03-03 05:52:06,organic,monthly,ios
5872,2026-08-22 18:32:34,influencer,monthly,ios
5873,2026-07-15 06:40:43,organic,monthly,android
5874,2026-04-09 02:39:52,referral,monthly,ios
5875,2026-07-02 21:31:26,influencer,monthly,ios
5876,2026-04-08 03:19:10,organic,monthly,web
5877,2026-07-30 10:31:32,organic,monthly,android
5878,2026-07-11 03:51:58,paid_search,monthly,android
5879,2026-05-24 02:25:04,referral,monthly,ios
5880,2026-05-27 18:40:10,paid_search,monthly,web
5881,2026-08-27 03:49:49,organic,annual,web
5882,2026-07-17 22:36:31,organic,monthly,android
5883,2026-08-02 16:36:10,influencer,monthly,ios
5884,2026-05-21 19:20:17,paid_search,monthly,ios
5885,2026-06-29 03:38:12,paid_search,monthly,ios
5886,2026-03-11 10:27:50,referral,annual,android
5887,2026-03-26 21:45:58,organic,monthly,ios
5888,2026-04-23 05:54:35,paid_search,monthly,ios
5889,2026-04-22 22:22:16,referral,annual,ios
5890,2026-07-25 19:26:42,paid_search,monthly,android
5891,2026-04-01 04:39:12,organic,annual,android
5892,2026-07-10 01:58:11,referral,annual,ios
5893,2026-03-01 22:29:15,organic,annual,web
5894,2026-03-06 17:36:29,organic,annual,web
5895,2026-07-28 17:10:45,referral,monthly,android
5896,2026-08-21 15:38:22,influencer,annual,android
5897,2026-07-27 04:56:29,influencer,annual,web
5898,2026-08-04 07:45:18,referral,monthly,web
5899,2026-08-09 15:01:52,organic,monthly,ios
5900,2026-06-16 10:57:10,paid_search,monthly,web
5901,2026-06-21 09:49:17,paid_search,monthly,ios
5902,2026-03-22 11:38:10,paid_search,monthly,ios
5903,2026-06-03 12:26:11,organic,monthly,android
5904,2026-04-29 02:28:36,paid_search,annual,android
5905,2026-07-29 11:09:13,organic,monthly,ios
5906,2026-06-11 11:23:27,paid_search,monthly,android
5907,2026-03-14 18:17:46,paid_search,monthly,ios
5908,2026-03-07 13:15:42,influencer,monthly,ios
5909,2026-05-11 12:09:37,organic,monthly,android
5910,2026-05-29 12:45:50,paid_search,monthly,ios
5911,2026-05-06 06:03:31,organic,monthly,web
5912,2026-08-28 12:30:29,paid_search,monthly,web
5913,2026-07-24 22:00:28,organic,monthly,android
5914,2026-08-14 02:13:44,paid_search,annual,ios
5915,2026-06-08 12:39:40,organic,monthly,android
5916,2026-07-04 21:16:43,paid_search,monthly,web
5917,2026-07-21 06:45:20,organic,annual,web
5918,2026-08-25 02:55:26,paid_search,monthly,ios
5919,2026-03-29 10:47:23,paid_search,monthly,ios
5920,2026-04-25 08:48:49,paid_search,monthly,ios
5921,2026-07-31 10:37:04,organic,monthly,android
5922,2026-08-13 19:28:09,organic,monthly,ios
5923,2026-04-30 01:26:19,referral,monthly,android
5924,2026-05-13 12:13:09,referral,monthly,web
5925,2026-08-27 04:43:51,organic,monthly,web
5926,2026-07-01 08:01:26,organic,monthly,web
5927,2026-07-11 11:07:28,referral,monthly,android
5928,2026-06-16 06:42:55,paid_search,monthly,ios
5929,2026-05-17 20:24:02,organic,monthly,android
5930,2026-08-03 02:04:25,organic,annual,android
5931,2026-04-22 21:25:29,paid_search,monthly,ios
5932,2026-05-21 12:24:21,influencer,monthly,android
5933,2026-06-08 19:45:52,organic,annual,web
5934,2026-07-16 08:01:35,paid_search,monthly,web
5935,2026-07-07 05:52:18,paid_search,monthly,web
5936,2026-03-01 01:39:15,organic,monthly,web
5937,2026-07-16 13:34:24,organic,monthly,android
5938,2026-07-07 07:09:33,paid_search,monthly,web
5939,2026-06-28 09:02:09,referral,monthly,android
5940,2026-05-24 04:54:14,referral,annual,ios
5941,2026-03-06 08:18:17,referral,annual,ios
5942,2026-06-18 00:34:56,paid_search,annual,ios
5943,2026-04-16 17:54:16,organic,monthly,ios
5944,2026-04-05 22:20:48,paid_search,monthly,android
5945,2026-04-07 16:21:58,influencer,annual,ios
5946,2026-03-31 03:32:33,referral,monthly,ios
5947,2026-03-19 03:38:26,influencer,monthly,android
5948,2026-04-29 10:44:08,paid_search,monthly,ios
5949,2026-07-15 04:13:44,paid_search,annual,ios
5950,2026-08-03 13:07:39,organic,monthly,web
5951,2026-03-15 11:28:33,paid_search,monthly,web
5952,2026-04-26 15:13:54,paid_search,monthly,android
5953,2026-08-18 02:22:12,paid_search,monthly,ios
5954,2026-05-16 10:00:23,referral,monthly,android
5955,2026-07-23 07:12:47,organic,monthly,ios
5956,2026-04-01 05:34:05,influencer,annual,web
5957,2026-04-11 20:31:47,influencer,annual,android
5958,2026-05-16 11:33:01,organic,monthly,android
5959,2026-06-12 07:01:14,referral,monthly,web
5960,2026-06-22 09:12:53,paid_search,monthly,ios
5961,2026-05-14 21:19:57,referral,monthly,ios
5962,2026-07-20 06:18:56,organic,annual,ios
5963,2026-07-14 06:25:41,organic,monthly,ios
5964,2026-04-15 18:14:54,referral,annual,ios
5965,2026-04-01 00:15:54,organic,annual,ios
5966,2026-03-08 17:09:53,paid_search,annual,web
5967,2026-03-16 18:47:07,paid_search,annual,ios
5968,2026-04-16 07:58:55,referral,annual,android
5969,2026-07-12 06:09:04,paid_search,monthly,android
5970,2026-07-07 18:51:11,referral,monthly,ios
5971,2026-05-10 22:41:03,paid_search,monthly,ios
5972,2026-06-12 00:08:52,referral,monthly,android
5973,2026-05-24 15:16:46,organic,monthly,android
5974,2026-08-13 17:54:28,paid_search,monthly,android
5975,2026-04-14 19:02:32,paid_search,monthly,android
5976,2026-04-14 05:01:41,paid_search,annual,ios
5977,2026-08-09 14:30:02,influencer,monthly,android
5978,2026-03-07 00:51:39,paid_search,annual,android
5979,2026-08-03 16:43:49,influencer,monthly,web
5980,2026-05-02 20:32:42,referral,monthly,android
5981,2026-05-06 23:37:23,referral,monthly,ios
5982,2026-06-10 06:24:43,influencer,monthly,web
5983,2026-05-15 21:19:26,influencer,monthly,ios
5984,2026-04-29 08:07:36,organic,monthly,ios
5985,2026-04-05 14:25:05,organic,monthly,web
5986,2026-06-17 11:01:40,paid_search,monthly,ios
5987,2026-03-26 01:16:12,referral,monthly,web
5988,2026-04-28 22:39:54,influencer,annual,web
5989,2026-05-05 05:52:28,influencer,monthly,ios
5990,2026-07-22 01:02:26,paid_search,monthly,web
5991,2026-07-12 04:23:18,referral,monthly,ios
5992,2026-05-19 11:49:33,referral,monthly,android
5993,2026-04-10 10:32:50,referral,monthly,android
5994,2026-08-26 06:29:13,paid_search,monthly,web
5995,2026-06-28 00:44:05,organic,monthly,web
5996,2026-03-15 03:19:09,referral,monthly,web
5997,2026-05-09 17:44:23,paid_search,annual,ios
5998,2026-08-07 14:51:47,organic,monthly,android
5999,2026-03-05 12:10:51,paid_search,monthly,ios
6000,2026-03-17 21:33:36,referral,annual,ios
6001,2026-03-04 12:41:56,paid_search,monthly,android
6002,2026-06-18 11:55:49,influencer,monthly,ios
6003,2026-03-03 00:07:36,referral,monthly,android
6004,2026-06-15 02:56:16,organic,annual,android
6005,2026-07-23 08:34:20,referral,annual,ios
6006,2026-03-21 13:51:29,paid_search,monthly,ios
6007,2026-08-18 08:57:55,organic,monthly,web
6008,2026-03-30 17:08:31,organic,annual,android
6009,2026-07-22 10:58:58,organic,monthly,ios
6010,2026-04-20 14:50:11,paid_search,monthly,android
6011,2026-08-22 00:05:53,referral,monthly,ios
6012,2026-05-20 02:12:37,organic,monthly,ios
6013,2026-03-17 05:03:20,referral,monthly,android
6014,2026-07-11 20:08:56,influencer,annual,ios
6015,2026-08-01 17:56:54,influencer,monthly,android
6016,2026-06-05 15:38:12,paid_search,monthly,ios
6017,2026-06-19 13:38:52,organic,annual,web
6018,2026-07-20 09:19:32,organic,monthly,ios
6019,2026-08-03 12:20:27,paid_search,annual,android
6020,2026-06-02 23:22:28,referral,monthly,ios
6021,2026-08-22 18:11:43,paid_search,monthly,web
6022,2026-07-03 10:55:11,organic,annual,ios
6023,2026-06-05 07:27:23,organic,monthly,android
6024,2026-08-16 18:55:23,paid_search,monthly,ios
6025,2026-05-11 00:49:01,influencer,monthly,android
6026,2026-06-04 03:57:34,influencer,annual,android
6027,2026-04-30 15:11:03,paid_search,monthly,web
6028,2026-05-18 06:18:26,organic,monthly,ios
6029,2026-08-06 19:26:30,referral,monthly,ios
6030,2026-04-28 09:26:20,organic,monthly,web
6031,2026-06-14 13:05:36,organic,monthly,ios
6032,2026-07-20 10:26:37,referral,monthly,android
6033,2026-05-01 12:53:44,paid_search,monthly,ios
6034,2026-06-29 17:28:48,referral,annual,android
6035,2026-03-18 10:59:51,organic,monthly,android
6036,2026-05-22 14:44:40,referral,monthly,android
6037,2026-08-03 17:20:13,paid_search,monthly,ios
6038,2026-08-31 08:25:06,paid_search,annual,ios
6039,2026-07-22 12:06:29,organic,monthly,ios
6040,2026-03-14 05:51:05,paid_search,annual,ios
6041,2026-04-30 13:24:27,paid_search,annual,ios
6042,2026-03-16 17:19:00,referral,annual,ios
6043,2026-07-12 19:04:33,paid_search,monthly,web
6044,2026-03-23 04:01:43,paid_search,monthly,android
6045,2026-07-08 01:10:12,paid_search,monthly,android
6046,2026-06-28 03:14:46,influencer,annual,ios
6047,2026-08-21 04:56:52,influencer,monthly,android
6048,2026-05-26 23:45:01,paid_search,monthly,android
6049,2026-03-25 11:51:18,referral,annual,android
6050,2026-04-09 22:37:35,paid_search,monthly,android
6051,2026-03-28 15:56:51,referral,monthly,android
6052,2026-05-01 09:09:37,referral,monthly,android
6053,2026-06-10 06:39:57,referral,monthly,ios
6054,2026-07-17 04:35:25,influencer,monthly,web
6055,2026-06-27 16:08:20,referral,monthly,web
6056,2026-08-23 13:08:04,referral,monthly,ios
6057,2026-03-26 16:07:41,organic,annual,android
6058,2026-03-10 09:46:08,referral,monthly,web
6059,2026-03-07 15:01:47,paid_search,monthly,web
6060,2026-08-23 09:04:08,influencer,monthly,android
6061,2026-03-03 07:20:29,influencer,monthly,ios
6062,2026-08-16 04:13:09,organic,monthly,web
6063,2026-05-26 23:53:15,organic,monthly,android
6064,2026-03-28 12:52:51,organic,monthly,ios
6065,2026-04-22 21:07:58,paid_search,monthly,ios
6066,2026-05-07 04:39:18,paid_search,annual,android
6067,2026-03-16 08:52:34,referral,monthly,ios
6068,2026-03-01 06:45:35,organic,monthly,android
6069,2026-05-15 05:36:58,paid_search,monthly,android
6070,2026-06-05 10:21:27,organic,monthly,ios
6071,2026-05-13 12:46:11,organic,annual,android
6072,2026-06-17 07:52:57,influencer,annual,web
6073,2026-05-29 04:49:29,organic,annual,ios
6074,2026-06-09 00:32:58,influencer,monthly,android
6075,2026-07-05 17:34:09,organic,monthly,web
6076,2026-05-13 15:13:18,influencer,monthly,ios
6077,2026-08-30 23:42:15,organic,monthly,ios
6078,2026-05-08 03:10:48,referral,annual,android
6079,2026-08-07 13:53:45,influencer,monthly,android
6080,2026-07-08 07:48:46,referral,monthly,android
6081,2026-05-26 11:18:06,organic,annual,web
6082,2026-07-17 10:46:21,referral,annual,web
6083,2026-06-27 04:13:06,influencer,monthly,android
6084,2026-07-11 21:07:39,paid_search,monthly,ios
6085,2026-05-19 14:16:12,referral,monthly,android
6086,2026-05-10 19:01:19,influencer,monthly,android
6087,2026-04-09 15:36:55,influencer,monthly,web
6088,2026-06-12 03:36:47,paid_search,annual,web
6089,2026-06-03 12:28:58,organic,monthly,android
6090,2026-03-01 11:45:07,referral,annual,android
6091,2026-08-25 22:43:09,paid_search,monthly,android
6092,2026-08-16 02:24:08,paid_search,annual,ios
6093,2026-03-04 03:52:34,organic,monthly,ios
6094,2026-08-10 07:57:23,referral,monthly,android
6095,2026-04-28 22:07:25,referral,annual,ios
6096,2026-08-04 07:23:57,organic,monthly,web
6097,2026-08-27 02:20:03,influencer,monthly,android
6098,2026-04-15 06:37:23,referral,annual,web
6099,2026-04-05 20:40:17,organic,annual,android
6100,2026-06-25 07:07:32,paid_search,annual,web
6101,2026-04-02 03:59:36,influencer,monthly,android
6102,2026-04-14 04:37:06,referral,monthly,ios
6103,2026-04-18 01:03:01,paid_search,monthly,web
6104,2026-05-27 11:20:34,referral,annual,android
6105,2026-04-02 18:09:17,referral,monthly,ios
6106,2026-04-19 16:56:01,referral,annual,android
6107,2026-08-03 10:15:15,referral,monthly,android
6108,2026-05-28 16:02:53,influencer,monthly,android
6109,2026-03-01 20:57:47,paid_search,annual,ios
6110,2026-05-04 05:13:41,organic,annual,ios
6111,2026-07-21 14:30:03,organic,monthly,ios
6112,2026-08-13 17:04:43,organic,monthly,android
6113,2026-03-08 00:13:40,paid_search,monthly,android
6114,2026-08-04 16:01:04,influencer,annual,ios
6115,2026-04-06 08:21:32,paid_search,monthly,ios
6116,2026-05-16 10:44:59,organic,monthly,android
6117,2026-08-02 12:06:42,paid_search,monthly,ios
6118,2026-06-26 23:28:43,paid_search,monthly,ios
6119,2026-07-14 23:59:16,paid_search,monthly,android
6120,2026-07-06 23:20:32,influencer,monthly,android
6121,2026-04-12 16:04:05,influencer,monthly,ios
6122,2026-08-05 08:21:08,paid_search,annual,android
6123,2026-06-29 04:21:00,paid_search,monthly,ios
6124,2026-03-20 13:23:27,influencer,annual,ios
6125,2026-04-11 03:52:35,organic,annual,ios
6126,2026-08-08 16:39:54,paid_search,monthly,ios
6127,2026-07-03 18:37:42,referral,monthly,ios
6128,2026-03-15 12:04:59,referral,monthly,ios
6129,2026-08-20 15:22:43,influencer,monthly,web
6130,2026-04-17 21:35:26,organic,annual,web
6131,2026-06-26 05:44:50,organic,monthly,ios
6132,2026-08-20 23:11:29,paid_search,monthly,web
6133,2026-08-07 19:01:32,referral,monthly,android
6134,2026-03-20 12:42:40,paid_search,monthly,ios
6135,2026-05-03 08:11:57,referral,monthly,ios
6136,2026-05-14 10:10:55,referral,monthly,android
6137,2026-08-15 12:50:28,influencer,monthly,ios
6138,2026-06-29 02:05:29,influencer,monthly,ios
6139,2026-07-17 19:25:25,organic,annual,web
6140,2026-06-10 02:53:06,paid_search,monthly,web
6141,2026-05-07 13:42:05,paid_search,monthly,android
6142,2026-05-25 14:30:06,influencer,monthly,ios
6143,2026-06-22 09:44:57,organic,annual,ios
6144,2026-08-09 01:48:02,organic,monthly,ios
6145,2026-07-14 04:29:38,paid_search,annual,web
6146,2026-08-02 15:24:39,referral,monthly,ios
6147,2026-07-17 07:44:26,paid_search,monthly,android
6148,2026-07-16 04:52:42,organic,monthly,ios
6149,2026-07-18 07:43:00,referral,annual,android
6150,2026-08-16 10:06:03,paid_search,monthly,web
6151,2026-08-25 19:25:03,paid_search,monthly,ios
6152,2026-05-19 12:55:52,paid_search,monthly,ios
6153,2026-08-04 14:27:50,paid_search,monthly,ios
6154,2026-08-22 13:57:21,referral,monthly,android
6155,2026-07-04 17:33:27,organic,monthly,android
6156,2026-08-19 19:58:07,organic,annual,ios
6157,2026-07-15 18:40:01,referral,monthly,android
6158,2026-05-26 08:43:40,referral,monthly,ios
6159,2026-03-25 21:20:50,organic,annual,android
6160,2026-07-03 12:02:44,paid_search,monthly,ios
6161,2026-08-20 02:32:27,paid_search,monthly,web
6162,2026-06-27 12:27:25,paid_search,monthly,android
6163,2026-03-03 02:16:32,organic,monthly,web
6164,2026-04-17 16:59:55,organic,annual,android
6165,2026-08-11 20:45:35,organic,monthly,web
6166,2026-03-26 23:53:22,referral,monthly,ios
6167,2026-08-30 04:23:22,organic,monthly,ios
6168,2026-04-01 20:29:30,influencer,monthly,web
6169,2026-08-05 11:36:07,referral,monthly,ios
6170,2026-06-13 03:26:04,influencer,annual,ios
6171,2026-06-13 19:42:42,referral,monthly,web
6172,2026-04-26 14:35:23,referral,monthly,ios
6173,2026-05-11 16:16:55,referral,monthly,ios
6174,2026-04-16 04:40:56,paid_search,monthly,android
6175,2026-07-27 04:23:19,referral,monthly,android
6176,2026-04-07 03:19:20,influencer,monthly,android
6177,2026-04-18 02:14:22,organic,annual,ios
6178,2026-04-07 11:12:12,referral,annual,android
6179,2026-07-02 00:21:11,referral,monthly,android
6180,2026-08-23 18:36:34,paid_search,annual,android
6181,2026-04-04 17:07:19,paid_search,monthly,web
6182,2026-08-06 13:06:58,paid_search,annual,android
6183,2026-08-17 22:48:15,paid_search,monthly,ios
6184,2026-06-21 04:26:09,paid_search,monthly,web
6185,2026-08-16 20:27:53,paid_search,monthly,ios
6186,2026-07-22 11:24:41,organic,monthly,web
6187,2026-04-29 04:29:48,paid_search,annual,android
6188,2026-06-05 17:11:07,organic,monthly,ios
6189,2026-08-02 09:16:44,organic,monthly,android
6190,2026-07-21 21:14:51,referral,monthly,android
6191,2026-06-12 21:21:44,organic,monthly,web
6192,2026-03-24 11:03:04,organic,annual,android
6193,2026-07-22 18:15:11,paid_search,monthly,ios
6194,2026-08-28 15:45:52,paid_search,annual,web
6195,2026-07-07 10:02:20,referral,monthly,android
6196,2026-07-12 16:43:23,organic,annual,ios
6197,2026-06-09 00:45:47,referral,monthly,android
6198,2026-07-13 19:48:35,referral,monthly,android
6199,2026-06-13 11:06:05,paid_search,monthly,ios
6200,2026-05-08 15:53:49,paid_search,monthly,ios
6201,2026-05-21 00:44:16,organic,monthly,ios
6202,2026-04-01 01:10:45,influencer,monthly,web
6203,2026-04-18 07:09:50,organic,annual,android
6204,2026-06-14 23:24:13,referral,annual,web
6205,2026-05-13 05:40:11,referral,monthly,ios
6206,2026-03-19 11:02:37,paid_search,monthly,android
6207,2026-08-22 11:10:29,organic,monthly,android
6208,2026-07-12 06:17:43,organic,annual,android
6209,2026-07-30 15:40:23,organic,monthly,ios
6210,2026-03-02 20:03:13,referral,annual,web
6211,2026-07-26 03:17:02,influencer,monthly,ios
6212,2026-05-03 09:58:00,paid_search,monthly,web
6213,2026-07-21 03:13:22,paid_search,monthly,ios
6214,2026-04-10 12:31:20,organic,annual,android
6215,2026-06-07 12:53:01,referral,monthly,android
6216,2026-07-24 11:23:49,organic,monthly,web
6217,2026-05-19 23:15:59,organic,monthly,android
6218,2026-06-08 13:36:05,paid_search,annual,web
6219,2026-08-07 07:45:47,organic,monthly,web
6220,2026-03-05 11:39:43,paid_search,monthly,ios
6221,2026-08-01 13:27:44,referral,annual,android
6222,2026-04-13 02:35:19,organic,monthly,web
6223,2026-04-06 15:05:22,organic,annual,android
6224,2026-06-07 21:50:02,organic,annual,ios
6225,2026-04-23 22:42:09,organic,monthly,web
6226,2026-08-28 12:24:06,paid_search,monthly,web
6227,2026-05-29 04:03:57,influencer,annual,android
6228,2026-08-19 07:05:55,influencer,annual,ios
6229,2026-08-27 08:48:31,influencer,monthly,android
6230,2026-05-23 22:43:14,referral,monthly,web
6231,2026-08-02 10:13:21,referral,annual,ios
6232,2026-08-19 03:32:24,influencer,monthly,ios
6233,2026-05-07 14:09:30,paid_search,annual,ios
6234,2026-03-23 16:21:50,influencer,monthly,android
6235,2026-03-04 02:17:06,referral,monthly,android
6236,2026-04-29 11:03:34,referral,monthly,web
6237,2026-06-03 06:07:38,paid_search,monthly,android
6238,2026-07-03 05:49:06,organic,monthly,android
6239,2026-05-19 12:54:13,paid_search,monthly,web
6240,2026-06-29 14:20:47,paid_search,monthly,android
6241,2026-06-19 08:48:54,organic,monthly,android
6242,2026-04-10 06:29:30,paid_search,monthly,ios
6243,2026-06-30 09:42:25,organic,monthly,web
6244,2026-04-07 17:39:28,organic,monthly,android
6245,2026-07-04 03:11:32,paid_search,monthly,web
6246,2026-05-31 18:55:55,paid_search,monthly,ios
6247,2026-05-27 14:15:15,paid_search,monthly,ios
6248,2026-05-28 00:55:27,organic,monthly,web
6249,2026-03-11 19:50:12,paid_search,annual,android
6250,2026-06-24 22:44:15,paid_search,monthly,android
6251,2026-07-10 18:41:27,organic,monthly,ios
6252,2026-03-25 06:25:10,paid_search,annual,android
6253,2026-07-10 06:07:16,organic,monthly,ios
6254,2026-08-13 05:44:05,organic,monthly,web
6255,2026-03-07 14:32:39,referral,annual,android
6256,2026-05-12 05:49:01,referral,monthly,android
6257,2026-07-20 05:43:20,organic,monthly,ios
6258,2026-04-09 10:28:23,paid_search,annual,web
6259,2026-08-27 23:50:49,paid_search,annual,android
6260,2026-03-24 11:27:33,organic,monthly,web
6261,2026-03-19 18:16:53,referral,monthly,android
6262,2026-08-07 11:51:13,paid_search,monthly,ios
6263,2026-06-22 00:49:14,organic,annual,ios
6264,2026-07-26 07:22:51,paid_search,monthly,web
6265,2026-05-11 19:45:49,organic,monthly,web
6266,2026-06-14 08:18:01,paid_search,monthly,ios
6267,2026-08-27 12:19:41,paid_search,monthly,web
6268,2026-04-30 01:28:45,paid_search,monthly,android
6269,2026-07-19 18:15:26,organic,annual,android
6270,2026-08-14 08:40:36,organic,monthly,ios
6271,2026-04-25 10:41:31,referral,monthly,web
6272,2026-08-02 03:26:18,organic,annual,web
6273,2026-06-15 20:47:34,influencer,monthly,android
6274,2026-05-06 10:34:30,organic,monthly,ios
6275,2026-07-02 01:13:27,organic,monthly,web
6276,2026-04-11 20:24:37,referral,monthly,ios
6277,2026-08-24 04:07:14,organic,monthly,android
6278,2026-08-19 22:43:31,organic,annual,web
6279,2026-06-19 17:28:48,referral,monthly,ios
6280,2026-04-17 03:51:00,organic,monthly,web
6281,2026-07-08 20:48:14,referral,monthly,ios
6282,2026-06-24 09:30:35,paid_search,monthly,ios
6283,2026-05-27 17:55:49,paid_search,monthly,ios
6284,2026-06-17 19:19:01,organic,monthly,ios
6285,2026-05-21 22:03:22,influencer,annual,ios
6286,2026-07-30 19:02:30,paid_search,monthly,web
6287,2026-08-12 03:21:59,paid_search,monthly,android
6288,2026-06-01 16:30:32,paid_search,monthly,web
6289,2026-04-06 23:51:03,paid_search,monthly,android
6290,2026-05-12 16:23:04,paid_search,annual,ios
6291,2026-03-05 23:31:32,paid_search,monthly,android
6292,2026-04-09 10:46:31,organic,annual,android
6293,2026-07-15 14:44:51,paid_search,annual,web
6294,2026-08-13 00:47:03,paid_search,monthly,ios
6295,2026-06-03 21:28:30,paid_search,monthly,web
6296,2026-08-31 14:14:53,influencer,annual,ios
6297,2026-04-09 16:49:17,referral,monthly,ios
6298,2026-04-27 12:24:28,paid_search,monthly,android
6299,2026-07-03 09:44:44,referral,monthly,android
6300,2026-05-03 13:48:32,organic,annual,ios
6301,2026-05-14 19:31:56,influencer,monthly,android
6302,2026-06-11 04:42:51,influencer,monthly,android
6303,2026-03-02 07:30:10,organic,monthly,web
6304,2026-06-21 19:28:04,paid_search,monthly,ios
6305,2026-08-18 21:47:26,organic,monthly,ios
6306,2026-04-22 21:23:42,organic,monthly,web
6307,2026-05-07 11:26:50,paid_search,monthly,android
6308,2026-08-30 14:27:21,paid_search,monthly,ios
6309,2026-08-06 18:28:14,organic,monthly,android
6310,2026-07-21 09:36:12,organic,monthly,web
6311,2026-08-22 18:38:13,referral,monthly,ios
6312,2026-07-22 08:22:54,paid_search,monthly,android
6313,2026-04-12 02:14:36,paid_search,monthly,ios
6314,2026-05-12 04:01:02,organic,monthly,ios
6315,2026-05-21 06:50:04,paid_search,monthly,ios
6316,2026-03-16 10:08:41,organic,monthly,android
6317,2026-03-24 19:35:43,organic,monthly,web
6318,2026-07-23 11:40:59,influencer,annual,android
6319,2026-04-06 01:20:27,influencer,monthly,ios
6320,2026-03-17 01:19:29,organic,monthly,web
6321,2026-04-23 00:21:06,referral,monthly,web
6322,2026-05-03 14:46:19,paid_search,monthly,android
6323,2026-04-25 14:10:51,organic,annual,ios
6324,2026-06-03 17:34:15,referral,monthly,ios
6325,2026-07-20 17:02:11,paid_search,monthly,web
6326,2026-04-12 05:13:11,paid_search,monthly,ios
6327,2026-07-29 13:48:14,referral,monthly,ios
6328,2026-06-01 09:49:01,organic,monthly,android
6329,2026-04-06 04:33:33,influencer,monthly,web
6330,2026-04-20 16:33:29,paid_search,monthly,web
6331,2026-05-17 04:41:09,organic,annual,web
6332,2026-05-23 14:21:31,referral,monthly,web
6333,2026-05-08 00:44:12,referral,monthly,ios
6334,2026-06-09 14:33:24,organic,monthly,android
6335,2026-07-22 22:47:39,paid_search,monthly,android
6336,2026-04-23 07:19:09,influencer,monthly,ios
6337,2026-05-18 23:05:49,referral,monthly,web
6338,2026-03-20 06:51:05,referral,monthly,ios
6339,2026-07-05 08:20:34,paid_search,monthly,ios
6340,2026-04-20 18:49:03,paid_search,annual,web
6341,2026-06-26 06:29:21,organic,annual,android
6342,2026-08-04 09:18:23,organic,monthly,android
6343,2026-07-05 18:28:36,organic,monthly,ios
6344,2026-04-11 12:29:51,paid_search,monthly,android
6345,2026-07-23 19:10:04,organic,annual,web
6346,2026-04-30 02:43:10,organic,annual,web
6347,2026-04-02 09:26:20,organic,monthly,ios
6348,2026-05-15 21:47:04,paid_search,annual,android
6349,2026-06-17 20:29:14,influencer,monthly,web
6350,2026-08-02 15:05:53,influencer,monthly,ios
6351,2026-04-07 15:54:19,paid_search,monthly,ios
6352,2026-07-03 12:51:03,referral,monthly,android
6353,2026-08-27 04:18:05,paid_search,annual,ios
6354,2026-08-04 00:51:48,paid_search,annual,web
6355,2026-08-30 20:47:31,paid_search,annual,ios
6356,2026-04-20 06:52:45,organic,monthly,android
6357,2026-04-20 04:46:14,referral,monthly,android
6358,2026-03-24 20:03:35,referral,annual,ios
6359,2026-08-04 03:38:30,paid_search,monthly,web
6360,2026-06-27 18:05:56,paid_search,annual,ios
6361,2026-03-22 12:29:28,paid_search,monthly,ios
6362,2026-06-07 23:52:20,influencer,monthly,android
6363,2026-08-10 06:53:55,paid_search,monthly,ios
6364,2026-04-16 18:33:33,paid_search,monthly,android
6365,2026-05-08 19:57:40,paid_search,monthly,ios
6366,2026-03-30 22:26:11,influencer,annual,android
6367,2026-06-08 18:36:14,referral,monthly,ios
6368,2026-07-05 16:20:35,influencer,monthly,web
6369,2026-07-25 11:16:09,organic,monthly,android
6370,2026-07-29 13:01:37,paid_search,annual,android
6371,2026-08-11 18:36:01,paid_search,monthly,ios
6372,2026-05-29 06:59:28,paid_search,annual,web
6373,2026-05-04 14:37:12,paid_search,annual,android
6374,2026-05-17 16:30:14,paid_search,monthly,ios
6375,2026-04-22 17:36:09,influencer,monthly,ios
6376,2026-07-25 22:54:49,referral,monthly,web
6377,2026-08-08 20:15:51,paid_search,monthly,ios
6378,2026-05-27 05:28:57,organic,monthly,android
6379,2026-03-30 02:00:44,paid_search,monthly,android
6380,2026-04-09 13:35:46,referral,annual,android
6381,2026-05-10 19:30:56,organic,monthly,android
6382,2026-08-20 07:25:15,organic,monthly,ios
6383,2026-05-08 00:25:01,influencer,annual,ios
6384,2026-08-05 02:43:37,referral,monthly,ios
6385,2026-05-25 06:23:16,organic,monthly,ios
6386,2026-08-25 22:43:32,organic,monthly,ios
6387,2026-08-06 02:31:53,influencer,annual,web
6388,2026-04-04 16:24:17,paid_search,annual,ios
6389,2026-06-23 04:09:53,paid_search,monthly,ios
6390,2026-08-27 13:28:02,paid_search,monthly,ios
6391,2026-08-11 20:39:12,referral,monthly,android
6392,2026-06-16 17:50:32,paid_search,monthly,android
6393,2026-03-27 09:01:59,paid_search,monthly,ios
6394,2026-08-05 21:12:46,influencer,monthly,ios
6395,2026-08-02 12:27:26,organic,monthly,ios
6396,2026-04-19 10:09:39,referral,annual,android
6397,2026-07-05 15:15:57,paid_search,monthly,android
6398,2026-06-14 01:22:54,organic,monthly,android
6399,2026-05-31 10:24:51,influencer,monthly,android
6400,2026-04-22 13:12:15,organic,monthly,android
6401,2026-03-30 13:38:46,paid_search,annual,android
6402,2026-08-06 08:04:00,influencer,monthly,web
6403,2026-07-08 04:39:27,referral,monthly,android
6404,2026-07-10 05:22:53,paid_search,monthly,ios
6405,2026-03-31 05:46:45,referral,annual,android
6406,2026-08-15 05:42:05,referral,annual,ios
6407,2026-07-08 12:41:11,paid_search,monthly,ios
6408,2026-06-29 12:41:32,referral,monthly,android
6409,2026-03-27 09:02:18,organic,annual,ios
6410,2026-06-22 10:48:13,referral,monthly,ios
6411,2026-05-31 17:04:41,paid_search,monthly,ios
6412,2026-05-11 17:20:31,referral,annual,ios
6413,2026-03-10 06:48:15,referral,monthly,android
6414,2026-04-18 08:20:42,influencer,monthly,android
6415,2026-06-10 04:56:15,paid_search,monthly,android
6416,2026-04-25 17:39:05,referral,monthly,ios
6417,2026-05-28 22:25:35,organic,monthly,android
6418,2026-08-10 23:49:54,influencer,monthly,web
6419,2026-04-06 09:32:35,organic,monthly,android
6420,2026-04-29 04:35:31,referral,annual,ios
6421,2026-08-20 16:20:24,referral,monthly,android
6422,2026-03-08 09:50:56,influencer,monthly,android
6423,2026-08-13 22:28:10,organic,monthly,ios
6424,2026-03-03 18:21:00,influencer,monthly,ios
6425,2026-03-26 04:08:14,referral,monthly,ios
6426,2026-07-25 15:52:26,influencer,annual,android
6427,2026-05-18 01:12:21,referral,monthly,web
6428,2026-03-26 00:21:37,influencer,monthly,ios
6429,2026-04-06 10:11:54,organic,monthly,android
6430,2026-04-15 16:31:03,influencer,monthly,ios
6431,2026-06-08 18:29:32,referral,monthly,android
6432,2026-08-21 03:13:54,influencer,monthly,ios
6433,2026-05-02 04:57:55,organic,annual,ios
6434,2026-08-06 07:47:51,paid_search,monthly,ios
6435,2026-04-17 01:41:48,organic,monthly,ios
6436,2026-06-18 19:00:43,organic,monthly,ios
6437,2026-03-07 17:55:21,organic,annual,ios
6438,2026-08-20 23:40:25,paid_search,monthly,android
6439,2026-05-15 06:00:32,paid_search,monthly,ios
6440,2026-06-14 13:22:15,referral,annual,android
6441,2026-06-28 02:53:13,referral,annual,android
6442,2026-07-29 03:56:39,paid_search,monthly,ios
6443,2026-04-06 06:29:16,organic,monthly,web
6444,2026-07-27 01:37:15,influencer,monthly,android
6445,2026-06-07 19:27:32,paid_search,annual,android
6446,2026-05-25 11:13:25,referral,monthly,android
6447,2026-03-26 00:46:24,paid_search,monthly,ios
6448,2026-04-05 16:55:19,paid_search,monthly,ios
6449,2026-05-21 06:42:45,paid_search,monthly,ios
6450,2026-07-21 20:20:03,organic,annual,web
6451,2026-05-12 01:17:58,organic,monthly,web
6452,2026-05-02 00:00:03,influencer,monthly,web
6453,2026-06-13 09:48:37,paid_search,annual,ios
6454,2026-04-05 12:03:25,paid_search,annual,web
6455,2026-08-28 17:06:01,paid_search,annual,ios
6456,2026-07-16 01:28:16,paid_search,monthly,ios
6457,2026-08-31 07:23:08,organic,monthly,android
6458,2026-04-19 00:16:34,paid_search,monthly,ios
6459,2026-03-23 17:58:50,referral,annual,android
6460,2026-08-19 12:30:26,organic,monthly,ios
6461,2026-06-01 02:09:30,referral,monthly,ios
6462,2026-04-04 20:55:51,organic,monthly,ios
6463,2026-06-12 01:30:55,referral,annual,ios
6464,2026-07-05 02:27:08,influencer,annual,android
6465,2026-03-01 10:25:27,paid_search,annual,web
6466,2026-08-30 07:38:48,paid_search,annual,ios
6467,2026-07-25 00:46:02,organic,monthly,ios
6468,2026-07-13 17:49:33,referral,monthly,android
6469,2026-08-27 15:54:45,referral,monthly,web
6470,2026-08-05 07:45:41,referral,monthly,ios
6471,2026-04-26 23:12:58,organic,annual,web
6472,2026-06-17 00:22:15,organic,monthly,ios
6473,2026-08-27 13:49:52,organic,monthly,ios
6474,2026-08-22 14:22:24,organic,monthly,web
6475,2026-08-09 08:48:26,referral,annual,android
6476,2026-07-06 04:32:30,referral,monthly,android
6477,2026-07-26 06:37:10,influencer,monthly,android
6478,2026-04-30 10:49:30,influencer,monthly,ios
6479,2026-06-17 11:41:57,paid_search,monthly,ios
6480,2026-08-18 00:51:49,referral,monthly,android
6481,2026-03-15 19:05:24,organic,monthly,web
6482,2026-08-29 11:04:46,referral,monthly,ios
6483,2026-08-30 20:59:08,referral,monthly,android
6484,2026-07-26 11:26:25,influencer,monthly,ios
6485,2026-03-31 01:17:45,influencer,annual,ios
6486,2026-03-05 08:04:55,referral,monthly,ios
6487,2026-07-10 14:54:16,paid_search,annual,web
6488,2026-03-24 06:20:18,paid_search,annual,android
6489,2026-04-17 20:03:22,influencer,monthly,ios
6490,2026-05-14 22:43:10,organic,annual,ios
6491,2026-03-27 12:26:04,organic,monthly,android
6492,2026-08-04 15:13:28,referral,annual,android
6493,2026-05-20 08:07:07,referral,monthly,android
6494,2026-03-20 12:58:22,referral,monthly,web
6495,2026-03-01 11:00:22,influencer,monthly,web
6496,2026-05-14 07:06:06,organic,monthly,ios
6497,2026-05-19 11:48:31,paid_search,annual,ios
6498,2026-08-18 01:32:16,influencer,annual,android
6499,2026-06-06 18:58:23,organic,annual,ios
6500,2026-08-30 17:29:43,paid_search,monthly,ios
6501,2026-08-12 03:01:45,influencer,annual,ios
6502,2026-04-17 15:07:18,paid_search,monthly,ios
6503,2026-08-24 02:18:28,referral,monthly,android
6504,2026-08-14 06:12:22,paid_search,monthly,android
6505,2026-06-27 07:05:51,paid_search,monthly,web
6506,2026-06-15 05:04:14,paid_search,monthly,web
6507,2026-07-22 10:15:11,paid_search,annual,android
6508,2026-03-03 12:56:21,influencer,annual,android
6509,2026-08-21 21:43:56,paid_search,monthly,web
6510,2026-06-21 14:03:44,paid_search,monthly,android
6511,2026-08-05 05:27:14,organic,annual,ios
6512,2026-07-26 10:08:41,paid_search,annual,android
6513,2026-06-09 08:56:29,referral,monthly,android
6514,2026-08-22 22:08:15,organic,monthly,android
6515,2026-07-15 07:01:14,paid_search,monthly,ios
6516,2026-08-29 19:36:46,referral,monthly,android
6517,2026-03-04 14:13:25,influencer,annual,ios
6518,2026-04-23 00:45:33,paid_search,annual,android
6519,2026-08-26 17:38:34,paid_search,monthly,ios
6520,2026-05-18 06:47:28,paid_search,monthly,android
6521,2026-05-24 20:43:11,influencer,annual,android
6522,2026-07-15 13:23:37,referral,monthly,android
6523,2026-08-22 20:49:26,paid_search,monthly,ios
6524,2026-07-18 22:26:23,organic,monthly,ios
6525,2026-05-09 14:32:48,influencer,monthly,android
6526,2026-06-07 10:16:34,organic,monthly,ios
6527,2026-04-13 07:38:47,organic,annual,web
6528,2026-05-10 06:50:38,organic,monthly,web
6529,2026-08-26 12:33:44,organic,monthly,ios
6530,2026-04-25 16:15:16,organic,annual,ios
6531,2026-04-13 16:09:29,organic,annual,ios
6532,2026-06-07 19:34:28,referral,monthly,android
6533,2026-08-24 19:52:41,referral,monthly,android
6534,2026-07-17 15:27:51,paid_search,monthly,android
6535,2026-04-13 00:26:23,referral,annual,ios
6536,2026-07-04 16:50:26,paid_search,annual,web
6537,2026-03-25 11:40:01,organic,monthly,ios
6538,2026-04-05 00:35:38,paid_search,annual,ios
6539,2026-04-12 16:42:09,influencer,annual,web
6540,2026-08-12 12:36:25,organic,annual,android
6541,2026-04-18 16:54:46,referral,monthly,ios
6542,2026-05-10 22:21:00,organic,monthly,android
6543,2026-07-03 09:34:03,referral,annual,android
6544,2026-04-21 04:55:36,organic,annual,android
6545,2026-05-03 20:58:47,organic,monthly,ios
6546,2026-07-05 01:36:58,paid_search,annual,ios
6547,2026-05-18 16:53:33,organic,annual,android
6548,2026-07-04 17:00:45,referral,monthly,web
6549,2026-03-12 10:33:44,influencer,monthly,android
6550,2026-08-10 12:14:14,paid_search,annual,android
6551,2026-03-18 19:14:41,organic,monthly,ios
6552,2026-07-09 05:54:47,paid_search,annual,android
6553,2026-07-26 20:33:00,paid_search,monthly,ios
6554,2026-04-19 19:18:49,paid_search,monthly,android
6555,2026-08-22 15:46:35,organic,annual,android
6556,2026-07-11 00:28:12,paid_search,monthly,android
6557,2026-05-17 00:38:44,paid_search,monthly,web
6558,2026-08-26 18:54:38,paid_search,monthly,ios
6559,2026-03-06 10:40:30,paid_search,monthly,android
6560,2026-06-03 04:30:47,organic,annual,android
6561,2026-08-07 13:42:42,paid_search,monthly,ios
6562,2026-04-05 13:54:08,organic,monthly,android
6563,2026-08-03 13:40:12,paid_search,annual,web
6564,2026-06-02 00:13:54,referral,monthly,ios
6565,2026-03-12 03:34:17,referral,monthly,android
6566,2026-08-20 13:21:43,influencer,monthly,ios
6567,2026-06-29 06:34:05,organic,monthly,android
6568,2026-04-05 23:20:26,referral,monthly,web
6569,2026-04-28 17:06:34,referral,monthly,android
6570,2026-06-25 13:03:09,referral,monthly,android
6571,2026-07-22 16:50:14,referral,monthly,ios
6572,2026-05-13 00:55:00,referral,annual,android
6573,2026-06-26 09:37:02,influencer,annual,android
6574,2026-03-08 13:53:04,referral,monthly,ios
6575,2026-06-05 19:37:49,referral,monthly,android
6576,2026-06-14 19:35:05,paid_search,annual,web
6577,2026-03-18 10:59:05,organic,annual,android
6578,2026-06-22 02:12:34,influencer,annual,ios
6579,2026-07-20 20:51:27,organic,monthly,web
6580,2026-08-29 03:05:40,influencer,monthly,android
6581,2026-06-06 23:19:39,paid_search,annual,ios
6582,2026-07-20 23:36:54,organic,annual,ios
6583,2026-06-06 05:04:10,organic,annual,ios
6584,2026-05-13 23:21:10,referral,monthly,ios
6585,2026-05-29 19:28:51,paid_search,monthly,android
6586,2026-07-03 05:30:51,influencer,monthly,android
6587,2026-03-30 07:55:42,organic,annual,android
6588,2026-03-23 11:29:13,organic,monthly,web
6589,2026-08-08 02:22:34,referral,monthly,web
6590,2026-08-11 07:22:51,organic,monthly,ios
6591,2026-04-01 08:01:51,organic,monthly,android
6592,2026-08-29 17:34:18,paid_search,annual,ios
6593,2026-05-31 13:43:57,organic,annual,ios
6594,2026-06-08 01:54:11,referral,monthly,android
6595,2026-04-22 11:01:54,paid_search,monthly,web
6596,2026-04-03 22:25:30,influencer,monthly,android
6597,2026-07-19 01:24:13,organic,annual,android
6598,2026-04-22 03:26:09,referral,monthly,web
6599,2026-06-16 14:47:34,influencer,monthly,ios
6600,2026-06-21 11:27:26,influencer,monthly,web
6601,2026-04-13 05:40:13,referral,monthly,android
6602,2026-06-27 05:30:28,influencer,monthly,android
6603,2026-07-22 21:44:53,organic,monthly,web
6604,2026-07-22 05:23:41,influencer,annual,android
6605,2026-08-08 11:49:31,paid_search,monthly,android
6606,2026-05-07 21:18:23,organic,monthly,ios
6607,2026-03-27 01:19:34,organic,monthly,android
6608,2026-06-21 11:54:11,paid_search,monthly,web
6609,2026-03-08 23:34:33,organic,monthly,android
6610,2026-07-28 05:37:46,referral,monthly,web
6611,2026-06-03 15:59:39,referral,monthly,ios
6612,2026-03-03 05:38:15,referral,monthly,web
6613,2026-07-13 21:48:21,influencer,monthly,android
6614,2026-07-05 10:09:53,organic,annual,android
6615,2026-04-09 08:41:27,referral,monthly,ios
6616,2026-07-22 18:43:13,organic,monthly,ios
6617,2026-07-29 13:06:27,paid_search,monthly,ios
6618,2026-07-10 13:09:31,organic,monthly,ios
6619,2026-04-27 00:00:06,influencer,monthly,android
6620,2026-07-03 05:23:39,paid_search,monthly,web
6621,2026-06-02 16:27:21,influencer,monthly,android
6622,2026-07-24 11:34:50,organic,monthly,web
6623,2026-07-14 07:44:17,referral,monthly,ios
6624,2026-04-21 10:35:43,paid_search,monthly,android
6625,2026-05-12 04:01:11,influencer,annual,ios
6626,2026-05-26 00:16:55,paid_search,monthly,android
6627,2026-05-27 17:34:40,paid_search,monthly,android
6628,2026-07-25 12:38:05,referral,monthly,android
6629,2026-08-05 13:57:37,paid_search,annual,ios
6630,2026-06-28 01:41:10,referral,annual,ios
6631,2026-05-24 04:39:24,paid_search,monthly,ios
6632,2026-08-23 13:37:53,referral,annual,ios
6633,2026-08-17 18:19:01,organic,annual,android
6634,2026-04-17 12:45:33,referral,monthly,android
6635,2026-08-27 07:07:23,organic,annual,android
6636,2026-04-11 01:18:36,referral,monthly,android
6637,2026-08-11 01:50:11,paid_search,monthly,android
6638,2026-05-18 19:34:50,referral,annual,ios
6639,2026-07-06 18:12:08,paid_search,annual,android
6640,2026-05-10 13:49:12,paid_search,annual,web
6641,2026-03-20 11:27:15,paid_search,monthly,ios
6642,2026-08-17 19:31:59,organic,monthly,android
6643,2026-08-02 11:39:34,referral,annual,ios
6644,2026-04-28 13:00:07,paid_search,monthly,android
6645,2026-08-17 20:30:54,referral,monthly,ios
6646,2026-08-31 01:58:27,referral,annual,android
6647,2026-07-08 12:06:06,paid_search,monthly,android
6648,2026-05-26 02:40:45,paid_search,monthly,android
6649,2026-08-17 01:15:50,influencer,monthly,web
6650,2026-08-05 09:26:32,organic,monthly,android
6651,2026-07-07 11:36:16,referral,monthly,web
6652,2026-05-20 19:05:37,influencer,annual,android
6653,2026-06-09 14:49:57,organic,monthly,ios
6654,2026-06-01 21:11:45,referral,monthly,android
6655,2026-08-23 19:35:54,referral,monthly,ios
6656,2026-06-30 06:19:31,paid_search,monthly,web
6657,2026-05-08 22:07:45,influencer,monthly,android
6658,2026-06-24 04:31:32,paid_search,monthly,android
6659,2026-03-06 19:33:02,referral,annual,web
6660,2026-07-27 17:48:49,organic,monthly,android
6661,2026-08-03 02:33:31,organic,monthly,android
6662,2026-06-12 16:09:01,paid_search,monthly,ios
6663,2026-04-26 09:28:20,paid_search,monthly,ios
6664,2026-05-15 13:46:24,referral,annual,android
6665,2026-08-25 19:14:12,paid_search,monthly,android
6666,2026-03-08 06:13:48,influencer,annual,web
6667,2026-06-12 19:39:36,paid_search,monthly,web
6668,2026-03-18 09:11:44,paid_search,annual,ios
6669,2026-04-24 12:37:27,organic,monthly,web
6670,2026-05-23 09:28:09,paid_search,monthly,web
6671,2026-08-09 16:48:03,organic,annual,web
6672,2026-06-03 01:00:09,organic,monthly,android
6673,2026-07-29 00:55:26,paid_search,annual,ios
6674,2026-08-27 14:32:32,organic,annual,android
6675,2026-07-31 19:49:03,referral,monthly,android
6676,2026-04-26 23:44:47,influencer,monthly,web
6677,2026-03-17 00:26:33,influencer,monthly,android
6678,2026-03-20 02:36:54,influencer,annual,android
6679,2026-04-13 17:54:02,influencer,annual,ios
6680,2026-07-27 16:32:04,paid_search,monthly,web
6681,2026-07-09 16:34:08,influencer,annual,web
6682,2026-03-02 12:50:56,paid_search,monthly,web
6683,2026-06-05 21:45:39,referral,monthly,ios
6684,2026-07-31 23:14:44,organic,annual,ios
6685,2026-04-13 00:43:55,paid_search,monthly,web
6686,2026-06-18 17:04:30,paid_search,annual,web
6687,2026-06-02 09:07:15,paid_search,monthly,ios
6688,2026-08-05 13:14:08,paid_search,monthly,ios
6689,2026-05-16 20:38:27,referral,annual,android
6690,2026-06-26 17:10:10,organic,monthly,ios
6691,2026-04-21 09:01:04,paid_search,monthly,ios
6692,2026-04-08 07:04:34,paid_search,annual,ios
6693,2026-07-18 12:11:24,referral,annual,web
6694,2026-08-04 01:42:34,paid_search,annual,web
6695,2026-07-01 13:16:43,paid_search,monthly,android
6696,2026-07-20 19:17:15,influencer,monthly,web
6697,2026-07-17 04:45:40,influencer,monthly,web
6698,2026-05-25 01:48:18,referral,monthly,web
6699,2026-03-27 16:00:22,organic,annual,ios
6700,2026-04-01 15:14:50,referral,monthly,android
6701,2026-06-04 12:50:04,organic,monthly,ios
6702,2026-05-16 03:42:19,paid_search,monthly,ios
6703,2026-03-10 13:25:41,organic,monthly,android
6704,2026-04-20 13:50:57,paid_search,monthly,android
6705,2026-07-23 12:01:36,paid_search,monthly,android
6706,2026-03-27 13:00:45,organic,monthly,web
6707,2026-07-10 22:35:15,paid_search,monthly,android
6708,2026-08-18 03:38:33,referral,monthly,ios
6709,2026-05-31 11:23:22,paid_search,monthly,web
6710,2026-03-18 12:17:58,organic,monthly,web
6711,2026-06-15 14:11:03,organic,monthly,web
6712,2026-06-06 15:11:22,paid_search,annual,ios
6713,2026-08-04 18:38:07,paid_search,annual,ios
6714,2026-07-26 12:40:22,paid_search,monthly,android
6715,2026-07-13 11:09:23,referral,annual,android
6716,2026-07-30 02:59:04,organic,annual,android
6717,2026-04-15 01:16:35,influencer,monthly,android
6718,2026-03-06 21:30:02,influencer,monthly,web
6719,2026-03-20 09:41:06,referral,monthly,ios
6720,2026-06-04 00:59:08,organic,monthly,android
6721,2026-06-28 18:35:13,organic,annual,ios
6722,2026-05-28 18:26:11,organic,monthly,ios
6723,2026-03-11 17:23:52,paid_search,annual,web
6724,2026-05-26 10:43:19,organic,monthly,ios
6725,2026-06-02 11:10:59,paid_search,annual,android
6726,2026-07-29 01:20:35,paid_search,monthly,web
6727,2026-06-19 14:59:54,referral,monthly,android
6728,2026-06-20 08:34:31,paid_search,monthly,android
6729,2026-08-26 23:19:12,referral,monthly,android
6730,2026-05-07 03:10:28,paid_search,monthly,web
6731,2026-06-17 04:12:03,paid_search,monthly,android
6732,2026-05-31 06:44:26,organic,annual,ios
6733,2026-07-03 21:54:56,organic,monthly,web
6734,2026-04-18 06:44:54,referral,annual,ios
6735,2026-06-14 01:31:40,organic,monthly,web
6736,2026-05-15 00:09:56,organic,monthly,web
6737,2026-05-17 07:38:21,paid_search,monthly,web
6738,2026-08-10 07:45:52,paid_search,monthly,ios
6739,2026-08-27 17:29:45,paid_search,annual,android
6740,2026-07-20 08:17:35,referral,monthly,ios
6741,2026-07-08 13:47:08,referral,monthly,android
6742,2026-08-11 20:20:03,paid_search,monthly,ios
6743,2026-03-03 17:00:38,paid_search,monthly,web
6744,2026-04-23 06:15:21,paid_search,annual,ios
6745,2026-06-23 16:47:29,organic,monthly,ios
6746,2026-04-04 22:49:06,influencer,monthly,android
6747,2026-04-27 01:37:40,referral,monthly,android
6748,2026-06-21 22:57:39,organic,monthly,android
6749,2026-03-05 19:30:24,referral,monthly,android
6750,2026-04-28 23:26:09,referral,annual,ios
6751,2026-05-02 16:50:08,paid_search,monthly,android
6752,2026-08-09 07:31:13,influencer,monthly,ios
6753,2026-08-05 17:15:55,organic,monthly,web
6754,2026-03-11 01:41:39,paid_search,monthly,ios
6755,2026-08-20 03:06:59,paid_search,annual,android
6756,2026-03-02 03:46:51,paid_search,monthly,ios
6757,2026-08-25 01:23:36,organic,monthly,ios
6758,2026-06-15 07:12:37,paid_search,annual,web
6759,2026-03-13 17:32:19,referral,monthly,ios
6760,2026-05-22 02:53:36,organic,monthly,web
6761,2026-07-20 03:54:20,influencer,monthly,android
6762,2026-07-13 20:36:23,paid_search,monthly,web
6763,2026-06-14 12:45:48,organic,annual,android
6764,2026-07-11 13:34:25,influencer,monthly,android
6765,2026-08-14 19:11:35,referral,monthly,ios
6766,2026-04-02 01:20:46,referral,monthly,android
6767,2026-08-02 14:16:49,influencer,monthly,android
6768,2026-05-17 10:12:22,organic,monthly,web
6769,2026-04-18 20:54:23,paid_search,annual,android
6770,2026-08-28 09:12:40,influencer,annual,ios
6771,2026-06-01 21:15:56,influencer,monthly,web
6772,2026-06-06 16:19:12,influencer,annual,android
6773,2026-03-21 18:31:57,referral,monthly,ios
6774,2026-06-30 05:16:12,paid_search,monthly,ios
6775,2026-03-31 07:49:05,referral,monthly,android
6776,2026-05-16 14:16:18,organic,annual,ios
6777,2026-06-09 15:32:58,paid_search,monthly,web
6778,2026-03-15 00:43:08,referral,monthly,android
6779,2026-04-12 19:59:53,referral,annual,ios
6780,2026-08-19 12:14:44,referral,monthly,android
6781,2026-08-16 16:46:42,organic,monthly,android
6782,2026-07-26 06:03:39,influencer,annual,web
6783,2026-03-10 11:58:38,influencer,annual,android
6784,2026-06-20 19:55:38,paid_search,monthly,ios
6785,2026-03-22 14:15:39,referral,annual,ios
6786,2026-06-13 08:06:09,influencer,annual,android
6787,2026-08-02 06:32:02,referral,monthly,ios
6788,2026-07-04 22:34:40,organic,monthly,android
6789,2026-03-28 05:31:10,paid_search,monthly,ios
6790,2026-08-02 05:01:12,paid_search,annual,ios
6791,2026-06-14 18:45:57,influencer,monthly,web
6792,2026-05-29 02:24:18,referral,monthly,web
6793,2026-06-09 14:52:50,referral,monthly,ios
6794,2026-05-12 02:33:06,organic,monthly,web
6795,2026-06-29 04:32:29,referral,monthly,ios
6796,2026-06-01 01:22:14,paid_search,monthly,android
6797,2026-03-18 02:17:31,organic,monthly,web
6798,2026-05-20 08:12:48,paid_search,monthly,android
6799,2026-03-10 12:38:50,organic,monthly,web
6800,2026-06-09 18:08:49,paid_search,annual,ios
6801,2026-07-14 20:16:29,paid_search,monthly,android
6802,2026-05-04 15:46:12,paid_search,monthly,android
6803,2026-06-03 21:25:56,paid_search,monthly,android
6804,2026-08-15 23:01:28,paid_search,monthly,android
6805,2026-05-21 17:50:57,referral,annual,web
6806,2026-04-01 03:24:31,paid_search,monthly,android
6807,2026-08-11 14:03:29,paid_search,monthly,ios
6808,2026-03-07 16:33:15,organic,monthly,android
6809,2026-07-13 13:01:18,paid_search,annual,ios
6810,2026-07-16 07:14:25,influencer,monthly,android
6811,2026-08-08 06:53:09,influencer,monthly,android
6812,2026-05-25 08:12:14,paid_search,monthly,android
6813,2026-04-15 05:44:27,referral,monthly,android
6814,2026-08-08 00:23:30,paid_search,annual,ios
6815,2026-04-02 09:52:40,organic,monthly,ios
6816,2026-08-19 15:45:37,influencer,annual,ios
6817,2026-08-08 04:06:14,influencer,annual,ios
6818,2026-04-13 02:44:01,paid_search,monthly,android
6819,2026-08-30 17:20:31,paid_search,monthly,android
6820,2026-08-10 01:45:35,paid_search,monthly,android
6821,2026-06-23 04:45:22,influencer,annual,web
6822,2026-08-21 09:49:34,organic,monthly,android
6823,2026-07-18 19:06:09,referral,monthly,ios
6824,2026-07-14 12:32:14,referral,monthly,android
6825,2026-08-17 16:03:16,organic,monthly,web
6826,2026-04-28 22:18:12,paid_search,annual,ios
6827,2026-08-24 00:38:35,referral,annual,android
6828,2026-05-09 11:02:48,organic,monthly,web
6829,2026-05-02 19:37:58,paid_search,monthly,ios
6830,2026-06-03 06:12:06,influencer,monthly,web
6831,2026-04-08 01:45:41,paid_search,monthly,android
6832,2026-05-24 13:52:35,paid_search,annual,ios
6833,2026-04-08 17:09:23,paid_search,monthly,android
6834,2026-08-13 21:08:56,organic,annual,web
6835,2026-08-28 06:25:19,organic,monthly,web
6836,2026-07-02 23:50:37,organic,annual,android
6837,2026-08-16 03:15:31,influencer,monthly,ios
6838,2026-05-12 17:14:18,organic,monthly,ios
6839,2026-07-15 13:03:26,paid_search,annual,ios
6840,2026-07-20 00:50:02,organic,monthly,ios
6841,2026-06-09 16:31:53,organic,monthly,android
6842,2026-03-01 16:55:07,referral,annual,ios
6843,2026-07-15 08:36:22,referral,monthly,ios
6844,2026-06-21 03:45:25,organic,monthly,web
6845,2026-06-02 10:17:04,organic,annual,ios
6846,2026-06-02 13:55:41,organic,monthly,ios
6847,2026-04-28 23:47:59,organic,monthly,ios
6848,2026-04-13 15:44:49,referral,monthly,web
6849,2026-03-08 19:46:19,organic,annual,web
6850,2026-05-22 10:04:59,referral,annual,ios
6851,2026-07-15 18:49:42,organic,monthly,android
6852,2026-04-07 06:07:49,influencer,monthly,android
6853,2026-07-09 05:36:36,referral,annual,ios
6854,2026-08-17 19:37:36,influencer,annual,ios
6855,2026-08-07 06:29:45,influencer,monthly,web
6856,2026-07-31 16:24:48,influencer,monthly,ios
6857,2026-03-28 19:54:07,organic,monthly,android
6858,2026-08-26 21:19:50,influencer,monthly,ios
6859,2026-06-27 10:13:37,organic,monthly,web
6860,2026-06-14 00:25:47,referral,monthly,web
6861,2026-08-06 01:50:32,organic,monthly,ios
6862,2026-03-05 13:40:00,organic,monthly,android
6863,2026-08-24 05:13:12,paid_search,annual,android
6864,2026-07-22 08:43:44,influencer,annual,android
6865,2026-08-20 17:04:40,organic,annual,ios
6866,2026-06-14 15:05:51,paid_search,monthly,android
6867,2026-06-27 17:34:41,referral,annual,ios
6868,2026-05-04 07:21:45,referral,monthly,android
6869,2026-03-30 19:30:08,organic,annual,web
6870,2026-06-30 05:48:32,paid_search,monthly,ios
6871,2026-07-28 11:41:44,organic,monthly,ios
6872,2026-04-01 10:17:28,referral,annual,ios
6873,2026-04-04 08:56:41,paid_search,monthly,android
6874,2026-06-21 08:55:16,paid_search,monthly,ios
6875,2026-08-08 19:33:09,referral,monthly,web
6876,2026-03-02 05:17:26,paid_search,monthly,web
6877,2026-08-06 11:04:08,paid_search,monthly,web
6878,2026-05-24 22:30:30,referral,annual,android
6879,2026-08-30 06:20:53,paid_search,monthly,ios
6880,2026-08-01 01:50:48,organic,monthly,web
6881,2026-08-31 05:15:08,organic,monthly,ios
6882,2026-06-30 04:23:19,organic,monthly,android
6883,2026-04-02 10:46:20,organic,monthly,web
6884,2026-04-21 19:26:24,referral,monthly,android
6885,2026-07-10 07:33:33,organic,monthly,ios
6886,2026-08-10 04:55:54,organic,monthly,android
6887,2026-07-23 07:31:11,paid_search,monthly,web
6888,2026-04-14 23:11:03,referral,monthly,web
6889,2026-04-10 22:48:48,paid_search,monthly,android
6890,2026-08-14 05:57:04,influencer,monthly,ios
6891,2026-03-08 04:39:22,paid_search,monthly,ios
6892,2026-06-08 15:32:05,paid_search,monthly,ios
6893,2026-06-08 12:12:12,referral,annual,android
6894,2026-03-07 17:52:59,paid_search,annual,web
6895,2026-08-14 09:44:10,influencer,monthly,android
6896,2026-05-12 11:44:40,paid_search,monthly,android
6897,2026-08-27 13:19:11,paid_search,monthly,web
6898,2026-06-18 02:48:53,organic,monthly,web
6899,2026-04-22 21:57:28,paid_search,monthly,ios
6900,2026-07-20 22:16:54,influencer,annual,ios
6901,2026-05-18 18:48:34,referral,monthly,ios
6902,2026-08-07 08:18:18,paid_search,monthly,android
6903,2026-08-02 04:38:06,paid_search,annual,ios
6904,2026-05-05 02:14:25,influencer,monthly,android
6905,2026-08-12 00:11:41,referral,monthly,android
6906,2026-08-24 16:54:16,paid_search,monthly,android
6907,2026-08-25 18:30:08,paid_search,monthly,web
6908,2026-08-03 15:55:57,paid_search,annual,ios
6909,2026-05-07 11:50:37,organic,monthly,ios
6910,2026-05-11 22:58:33,paid_search,monthly,ios
6911,2026-04-26 11:03:02,referral,annual,ios
6912,2026-08-31 03:10:32,referral,monthly,android
6913,2026-07-07 10:30:54,referral,monthly,android
6914,2026-04-11 02:08:56,organic,monthly,ios
6915,2026-07-30 05:51:16,paid_search,monthly,ios
6916,2026-06-07 13:50:21,organic,monthly,android
6917,2026-04-10 21:15:41,paid_search,monthly,ios
6918,2026-05-12 15:52:29,organic,monthly,ios
6919,2026-03-10 15:37:31,organic,monthly,ios
6920,2026-05-21 06:08:50,influencer,monthly,ios
6921,2026-08-10 07:45:31,referral,monthly,web
6922,2026-03-11 00:52:10,organic,annual,android
6923,2026-07-20 07:28:12,organic,monthly,android
6924,2026-03-02 09:00:18,referral,monthly,android
6925,2026-06-25 04:56:32,organic,monthly,ios
6926,2026-05-09 06:47:22,paid_search,monthly,web
6927,2026-08-06 20:49:43,organic,monthly,web
6928,2026-03-27 15:51:43,organic,annual,web
6929,2026-07-19 19:25:19,influencer,monthly,android
6930,2026-08-24 22:14:19,paid_search,monthly,web
6931,2026-06-03 07:32:23,referral,monthly,ios
6932,2026-05-18 06:24:27,organic,annual,web
6933,2026-04-06 05:47:54,influencer,monthly,ios
6934,2026-03-16 05:42:00,paid_search,monthly,ios
6935,2026-03-04 11:50:03,referral,monthly,web
6936,2026-07-11 09:11:14,paid_search,monthly,android
6937,2026-04-25 09:47:11,referral,annual,ios
6938,2026-08-12 14:38:07,paid_search,monthly,ios
6939,2026-07-04 10:41:31,paid_search,monthly,web
6940,2026-03-22 10:44:46,referral,monthly,android
6941,2026-07-17 04:13:06,influencer,monthly,ios
6942,2026-07-30 19:28:21,influencer,annual,android
6943,2026-07-11 10:28:35,referral,monthly,android
6944,2026-07-28 23:57:48,paid_search,monthly,ios
6945,2026-04-18 00:14:15,influencer,monthly,ios
6946,2026-07-04 08:54:02,paid_search,monthly,android
6947,2026-07-26 00:43:40,paid_search,annual,android
6948,2026-07-01 19:03:37,referral,monthly,android
6949,2026-05-29 16:31:31,paid_search,monthly,ios
6950,2026-08-19 21:44:38,paid_search,annual,ios
6951,2026-04-15 08:22:55,organic,monthly,ios
6952,2026-06-27 07:04:21,paid_search,monthly,android
6953,2026-05-22 13:11:11,paid_search,monthly,android
6954,2026-06-15 22:31:14,paid_search,monthly,ios
6955,2026-07-29 01:13:20,influencer,annual,android
6956,2026-08-28 09:34:38,paid_search,monthly,android
6957,2026-06-23 03:55:58,paid_search,monthly,ios
6958,2026-04-05 06:18:05,organic,annual,web
6959,2026-04-13 14:01:59,influencer,annual,android
6960,2026-05-11 13:27:13,organic,monthly,web
6961,2026-06-22 14:36:34,influencer,monthly,ios
6962,2026-05-19 10:09:02,influencer,annual,android
6963,2026-05-02 19:44:04,organic,monthly,android
6964,2026-07-05 14:29:53,paid_search,monthly,ios
6965,2026-08-29 18:35:34,organic,annual,web
6966,2026-05-04 20:44:00,organic,monthly,ios
6967,2026-04-13 22:16:04,paid_search,monthly,ios
6968,2026-05-27 08:32:43,paid_search,monthly,ios
6969,2026-06-19 02:21:44,organic,monthly,ios
6970,2026-08-17 07:50:40,referral,monthly,ios
6971,2026-08-06 04:11:58,paid_search,monthly,ios
6972,2026-04-05 11:49:14,organic,monthly,android
6973,2026-06-21 12:21:59,influencer,monthly,android
6974,2026-03-21 15:50:20,referral,annual,ios
6975,2026-07-29 19:11:49,influencer,annual,ios
6976,2026-05-11 03:25:38,organic,monthly,ios
6977,2026-06-19 12:14:06,paid_search,annual,ios
6978,2026-04-10 14:59:15,paid_search,monthly,android
6979,2026-07-18 16:52:39,organic,monthly,web
6980,2026-06-13 22:41:54,paid_search,annual,ios
6981,2026-07-30 15:11:12,organic,monthly,ios
6982,2026-07-23 17:09:05,influencer,annual,web
6983,2026-08-30 18:23:27,referral,monthly,ios
6984,2026-08-04 07:07:25,paid_search,monthly,web
6985,2026-07-16 01:12:35,paid_search,monthly,web
6986,2026-03-22 15:59:32,paid_search,monthly,android
6987,2026-08-24 19:11:04,organic,monthly,web
6988,2026-08-05 11:33:59,referral,annual,web
6989,2026-08-29 07:07:26,organic,monthly,android
6990,2026-05-20 00:33:11,referral,monthly,android
6991,2026-08-11 07:42:59,referral,annual,web
6992,2026-06-30 15:35:21,organic,monthly,android
6993,2026-06-20 04:46:57,influencer,monthly,ios
6994,2026-08-17 16:59:56,paid_search,monthly,web
6995,2026-07-10 22:36:40,organic,annual,android
6996,2026-05-18 07:54:09,paid_search,annual,web
6997,2026-07-07 08:51:23,paid_search,monthly,web
6998,2026-08-17 15:22:27,referral,annual,android
6999,2026-05-01 06:40:55,organic,annual,android
7000,2026-04-01 02:16:26,organic,monthly,ios
7001,2026-08-11 02:31:01,organic,monthly,android
7002,2026-08-06 04:40:59,organic,annual,ios
7003,2026-05-16 00:01:29,paid_search,monthly,ios
7004,2026-05-06 23:00:50,referral,monthly,ios
7005,2026-04-07 16:22:52,referral,monthly,android
7006,2026-07-13 14:30:14,paid_search,monthly,ios
7007,2026-08-20 00:37:45,paid_search,annual,ios
7008,2026-07-04 01:28:56,paid_search,annual,ios
7009,2026-03-13 09:10:23,organic,monthly,android
7010,2026-07-26 09:14:02,organic,monthly,android
7011,2026-05-31 01:47:03,organic,monthly,ios
7012,2026-08-17 01:00:35,paid_search,monthly,ios
7013,2026-07-04 20:15:40,paid_search,monthly,ios
7014,2026-04-22 12:00:30,referral,annual,ios
7015,2026-07-22 18:44:58,paid_search,monthly,web
7016,2026-07-12 13:26:17,paid_search,annual,web
7017,2026-08-13 11:03:44,referral,annual,ios
7018,2026-08-11 07:28:51,referral,monthly,android
7019,2026-08-04 09:31:30,organic,monthly,ios
7020,2026-07-25 15:04:32,organic,monthly,android
7021,2026-03-23 22:38:31,paid_search,annual,android
7022,2026-03-19 16:07:09,referral,monthly,ios
7023,2026-05-21 11:48:13,referral,annual,web
7024,2026-04-05 14:49:09,paid_search,monthly,android
7025,2026-03-24 15:05:55,organic,monthly,ios
7026,2026-07-02 10:17:32,paid_search,annual,ios
7027,2026-03-06 11:49:54,influencer,monthly,ios
7028,2026-03-27 13:52:15,influencer,monthly,android
7029,2026-03-05 14:50:44,paid_search,monthly,android
7030,2026-05-27 08:21:59,paid_search,monthly,ios
7031,2026-08-26 23:59:31,influencer,monthly,android
7032,2026-07-22 04:21:58,influencer,monthly,ios
7033,2026-08-19 01:07:36,paid_search,monthly,web
7034,2026-04-02 15:48:47,organic,monthly,ios
7035,2026-04-15 02:04:09,paid_search,monthly,android
7036,2026-06-08 09:52:09,organic,annual,ios
7037,2026-05-10 03:08:31,influencer,monthly,web
7038,2026-08-22 19:59:23,organic,monthly,ios
7039,2026-08-19 05:41:25,paid_search,monthly,android
7040,2026-06-13 12:26:08,organic,monthly,android
7041,2026-05-23 11:05:50,influencer,monthly,ios
7042,2026-05-27 10:36:54,organic,monthly,android
7043,2026-08-31 14:39:42,paid_search,monthly,ios
7044,2026-08-17 16:27:40,referral,monthly,android
7045,2026-07-22 20:23:47,referral,monthly,web
7046,2026-03-25 19:50:38,organic,monthly,ios
7047,2026-07-16 13:10:30,referral,monthly,ios
7048,2026-04-15 15:19:15,influencer,annual,ios
7049,2026-05-19 07:35:32,referral,monthly,ios
7050,2026-08-25 16:25:51,paid_search,monthly,ios
7051,2026-06-05 13:53:53,influencer,monthly,ios
7052,2026-05-28 10:50:54,organic,monthly,web
7053,2026-07-13 23:56:48,paid_search,monthly,android
7054,2026-07-04 11:20:31,influencer,monthly,android
7055,2026-08-11 11:34:42,referral,monthly,android
7056,2026-05-28 08:45:47,referral,monthly,web
7057,2026-06-16 21:25:03,referral,monthly,ios
7058,2026-04-16 11:17:21,influencer,monthly,ios
7059,2026-06-18 17:49:37,influencer,monthly,android
7060,2026-04-01 23:00:58,paid_search,monthly,android
7061,2026-05-16 18:57:24,referral,monthly,ios
7062,2026-03-30 21:35:26,organic,annual,ios
7063,2026-08-02 15:54:30,influencer,annual,ios
7064,2026-03-23 12:39:45,organic,annual,ios
7065,2026-07-24 18:05:24,paid_search,monthly,web
7066,2026-08-07 04:38:50,influencer,monthly,web
7067,2026-07-11 19:51:41,influencer,monthly,ios
7068,2026-03-09 12:57:27,influencer,annual,ios
7069,2026-06-04 17:41:18,organic,monthly,android
7070,2026-07-11 10:50:28,influencer,monthly,ios
7071,2026-05-23 09:03:16,organic,monthly,web
7072,2026-03-14 03:23:23,paid_search,annual,ios
7073,2026-07-10 15:19:03,organic,monthly,ios
7074,2026-07-21 08:09:36,paid_search,annual,web
7075,2026-05-12 19:11:34,organic,annual,web
7076,2026-04-06 12:25:57,influencer,annual,ios
7077,2026-04-09 04:59:48,referral,monthly,android
7078,2026-05-07 14:32:50,paid_search,annual,android
7079,2026-08-13 02:03:26,paid_search,annual,ios
7080,2026-05-05 16:26:55,paid_search,monthly,web
7081,2026-06-13 15:51:01,paid_search,monthly,android
7082,2026-07-22 14:58:24,organic,monthly,web
7083,2026-08-25 08:20:19,influencer,annual,ios
7084,2026-03-12 05:19:07,organic,monthly,web
7085,2026-07-18 00:20:26,referral,monthly,web
7086,2026-03-24 17:01:04,referral,monthly,android
7087,2026-06-07 22:09:56,paid_search,monthly,android
7088,2026-06-13 21:35:17,referral,monthly,web
7089,2026-08-11 11:16:58,organic,monthly,web
7090,2026-07-30 22:13:48,referral,monthly,web
7091,2026-08-30 11:03:01,organic,monthly,web
7092,2026-08-27 17:45:17,organic,annual,web
7093,2026-08-10 00:58:59,organic,monthly,web
7094,2026-05-10 17:42:53,paid_search,monthly,ios
7095,2026-08-22 21:45:57,paid_search,monthly,web
7096,2026-08-05 02:38:28,paid_search,monthly,ios
7097,2026-03-07 04:10:58,organic,monthly,web
7098,2026-05-17 22:27:55,referral,monthly,ios
7099,2026-07-03 21:00:22,organic,annual,ios
7100,2026-07-21 01:51:37,organic,monthly,ios
7101,2026-08-17 10:28:28,referral,monthly,ios
7102,2026-08-12 08:13:27,organic,annual,web
7103,2026-08-19 06:35:56,organic,monthly,web
7104,2026-03-15 03:53:40,influencer,monthly,android
7105,2026-08-27 17:36:57,referral,monthly,ios
7106,2026-03-14 01:22:40,paid_search,monthly,web
7107,2026-05-01 23:18:57,referral,annual,web
7108,2026-04-08 09:02:48,influencer,monthly,android
7109,2026-04-23 00:08:29,referral,annual,android
7110,2026-08-05 07:57:00,organic,monthly,android
7111,2026-08-31 06:55:02,paid_search,monthly,android
7112,2026-08-30 08:46:41,referral,monthly,android
7113,2026-06-13 01:59:39,paid_search,monthly,android
7114,2026-04-17 01:58:43,organic,monthly,ios
7115,2026-03-06 00:38:30,paid_search,monthly,ios
7116,2026-04-03 05:35:21,influencer,annual,web
7117,2026-03-29 05:54:25,influencer,annual,android
7118,2026-07-17 04:40:34,organic,monthly,web
7119,2026-05-04 05:00:48,organic,monthly,ios
7120,2026-05-18 16:42:46,influencer,annual,ios
7121,2026-08-21 08:23:49,paid_search,annual,android
7122,2026-08-20 11:54:13,referral,monthly,web
7123,2026-04-05 23:39:38,referral,annual,web
7124,2026-08-16 11:39:15,organic,annual,ios
7125,2026-05-19 21:36:58,organic,monthly,android
7126,2026-08-15 00:50:30,organic,monthly,android
7127,2026-04-20 05:52:43,influencer,monthly,web
7128,2026-08-26 07:37:23,paid_search,annual,ios
7129,2026-06-19 19:22:44,influencer,monthly,android
7130,2026-08-10 13:23:06,organic,annual,ios
7131,2026-05-12 18:15:32,referral,monthly,web
7132,2026-07-30 03:08:29,paid_search,annual,ios
7133,2026-03-03 15:45:19,referral,monthly,ios
7134,2026-03-14 23:03:30,referral,monthly,android
7135,2026-07-20 09:07:33,organic,monthly,ios
7136,2026-05-12 08:35:06,organic,annual,android
7137,2026-04-25 23:47:54,referral,monthly,android
7138,2026-06-21 02:15:57,referral,monthly,ios
7139,2026-03-06 03:57:19,organic,annual,ios
7140,2026-03-26 06:39:45,referral,monthly,ios
7141,2026-07-01 10:20:51,referral,annual,web
7142,2026-04-27 18:28:03,organic,monthly,ios
7143,2026-05-30 09:50:43,paid_search,monthly,android
7144,2026-06-17 01:08:45,influencer,annual,android
7145,2026-08-03 09:15:24,influencer,annual,web
7146,2026-03-04 06:15:57,paid_search,annual,ios
7147,2026-03-01 03:03:59,organic,monthly,ios
7148,2026-06-25 16:18:43,organic,annual,android
7149,2026-04-30 07:18:09,organic,monthly,android
7150,2026-03-13 21:02:54,organic,monthly,android
7151,2026-07-06 20:26:16,referral,monthly,ios
7152,2026-07-21 18:56:08,influencer,monthly,android
7153,2026-05-23 06:48:50,influencer,monthly,android
7154,2026-05-08 02:28:21,organic,monthly,android
7155,2026-07-11 04:25:59,influencer,annual,android
7156,2026-04-24 00:05:20,organic,monthly,web
7157,2026-08-14 12:47:09,organic,annual,ios
7158,2026-07-03 18:00:40,influencer,monthly,android
7159,2026-07-21 04:27:13,paid_search,monthly,android
7160,2026-07-03 00:05:07,organic,monthly,android
7161,2026-08-19 00:53:22,organic,monthly,ios
7162,2026-04-17 20:10:40,organic,annual,ios
7163,2026-05-13 08:05:59,organic,monthly,web
7164,2026-08-04 17:38:49,referral,monthly,web
7165,2026-05-09 22:12:16,paid_search,monthly,web
7166,2026-07-31 18:43:58,organic,monthly,android
7167,2026-04-14 12:07:46,referral,annual,android
7168,2026-05-08 19:35:05,paid_search,monthly,android
7169,2026-08-10 08:07:25,influencer,annual,web
7170,2026-03-04 23:55:30,paid_search,monthly,ios
7171,2026-06-23 23:33:06,referral,annual,ios
7172,2026-05-23 09:33:54,organic,annual,web
7173,2026-03-26 01:11:06,organic,annual,ios
7174,2026-07-29 09:10:57,organic,annual,ios
7175,2026-06-27 07:25:34,paid_search,monthly,ios
7176,2026-06-10 23:42:02,influencer,annual,android
7177,2026-08-27 19:12:50,organic,monthly,web
7178,2026-08-16 05:20:51,paid_search,annual,ios
7179,2026-05-20 20:30:36,organic,annual,ios
7180,2026-07-31 17:59:47,referral,monthly,android
7181,2026-07-14 12:27:57,organic,monthly,android
7182,2026-05-20 05:48:47,influencer,monthly,ios
7183,2026-03-27 19:15:42,referral,monthly,ios
7184,2026-05-28 23:57:54,referral,monthly,ios
7185,2026-08-14 02:55:31,referral,monthly,web
7186,2026-06-05 16:13:57,organic,monthly,web
7187,2026-05-19 05:46:50,influencer,monthly,android
7188,2026-08-10 23:11:59,paid_search,monthly,android
7189,2026-06-22 20:24:54,paid_search,annual,android
7190,2026-07-13 18:38:11,organic,monthly,ios
7191,2026-07-26 07:17:57,organic,monthly,android
7192,2026-03-04 00:55:45,paid_search,monthly,web
7193,2026-07-23 10:16:09,influencer,monthly,web
7194,2026-04-01 15:47:37,referral,monthly,web
7195,2026-07-24 16:13:46,referral,monthly,android
7196,2026-03-07 13:32:17,organic,annual,ios
7197,2026-03-27 14:35:15,organic,monthly,android
7198,2026-05-29 10:08:20,referral,monthly,android
7199,2026-08-03 03:27:42,referral,monthly,web
7200,2026-07-30 12:06:03,organic,annual,android
7201,2026-03-01 05:48:32,referral,monthly,android
7202,2026-03-11 00:02:18,referral,annual,ios
7203,2026-06-05 20:10:22,paid_search,monthly,ios
7204,2026-03-18 21:37:15,referral,monthly,ios
7205,2026-08-29 13:34:34,referral,monthly,ios
7206,2026-04-28 05:04:35,paid_search,monthly,web
7207,2026-04-28 12:45:28,organic,annual,android
7208,2026-05-03 11:46:31,organic,monthly,web
7209,2026-08-08 19:49:43,organic,monthly,ios
7210,2026-08-08 09:51:40,referral,annual,web
7211,2026-04-29 13:26:28,paid_search,annual,ios
7212,2026-04-18 09:16:59,organic,monthly,ios
7213,2026-04-24 01:24:37,referral,monthly,android
7214,2026-03-05 07:46:30,referral,monthly,android
7215,2026-04-11 18:16:10,influencer,annual,ios
7216,2026-05-30 17:20:41,referral,monthly,android
7217,2026-03-04 08:37:40,organic,monthly,android
7218,2026-05-30 19:22:19,paid_search,monthly,android
7219,2026-07-24 12:36:41,influencer,monthly,web
7220,2026-04-07 07:16:45,influencer,monthly,web
7221,2026-05-16 17:05:53,referral,monthly,android
7222,2026-04-26 18:56:31,organic,monthly,web
7223,2026-05-27 19:51:57,paid_search,annual,ios
7224,2026-03-16 17:25:27,organic,annual,ios
7225,2026-07-23 02:57:30,organic,monthly,web
7226,2026-07-29 10:22:18,influencer,monthly,web
7227,2026-07-06 13:08:38,paid_search,monthly,android
7228,2026-03-16 22:37:50,organic,monthly,ios
7229,2026-03-02 11:37:17,organic,monthly,android
7230,2026-04-06 20:55:39,paid_search,annual,android
7231,2026-05-20 23:46:09,influencer,monthly,android
7232,2026-04-16 10:37:18,organic,monthly,android
7233,2026-07-22 20:23:11,paid_search,monthly,web
7234,2026-06-23 12:23:52,organic,annual,android
7235,2026-08-18 08:01:25,referral,annual,ios
7236,2026-06-19 09:24:24,paid_search,annual,web
7237,2026-04-08 14:10:19,organic,monthly,android
7238,2026-04-28 12:36:57,organic,monthly,android
7239,2026-07-05 20:03:14,organic,annual,android
7240,2026-03-07 16:20:49,referral,annual,android
7241,2026-07-16 12:57:38,paid_search,annual,ios
7242,2026-05-09 07:23:51,organic,monthly,android
7243,2026-04-08 15:47:00,paid_search,monthly,android
7244,2026-08-03 07:40:15,paid_search,monthly,ios
7245,2026-06-30 14:52:56,organic,monthly,ios
7246,2026-03-15 04:47:45,paid_search,monthly,ios
7247,2026-08-07 12:34:42,referral,annual,ios
7248,2026-07-19 03:51:13,referral,monthly,android
7249,2026-04-15 00:52:40,organic,annual,android
7250,2026-08-29 06:35:15,paid_search,annual,ios
7251,2026-08-02 15:54:39,referral,monthly,android
7252,2026-03-09 05:20:15,organic,annual,android
7253,2026-03-22 06:03:32,referral,monthly,web
7254,2026-05-16 22:49:02,referral,monthly,web
7255,2026-08-11 02:49:24,influencer,monthly,ios
7256,2026-08-26 09:28:32,organic,monthly,ios
7257,2026-08-28 12:50:59,influencer,monthly,android
7258,2026-03-11 01:14:10,paid_search,monthly,android
7259,2026-04-23 14:09:09,referral,monthly,android
7260,2026-05-12 11:19:58,paid_search,monthly,web
7261,2026-07-23 21:49:09,organic,monthly,android
7262,2026-06-10 22:11:42,paid_search,monthly,ios
7263,2026-06-01 02:48:19,paid_search,monthly,web
7264,2026-04-04 15:25:13,influencer,monthly,ios
7265,2026-05-11 01:31:37,referral,monthly,android
7266,2026-04-22 16:24:25,organic,monthly,ios
7267,2026-03-21 04:20:31,paid_search,monthly,web
7268,2026-07-01 11:25:26,organic,monthly,web
7269,2026-04-18 14:00:30,organic,monthly,ios
7270,2026-06-03 21:54:30,organic,annual,android
7271,2026-03-02 18:41:59,influencer,annual,web
7272,2026-07-27 03:10:15,organic,monthly,ios
7273,2026-08-05 21:50:20,paid_search,monthly,ios
7274,2026-05-27 21:45:05,organic,monthly,ios
7275,2026-07-21 06:11:29,influencer,monthly,ios
7276,2026-04-01 17:00:24,paid_search,monthly,android
7277,2026-06-16 13:03:41,influencer,annual,web
7278,2026-07-01 12:41:33,referral,monthly,ios
7279,2026-05-01 04:44:06,influencer,monthly,ios
7280,2026-07-07 21:10:09,influencer,annual,ios
7281,2026-07-27 13:16:36,referral,annual,web
7282,2026-04-01 09:58:47,referral,monthly,web
7283,2026-05-05 10:01:05,organic,monthly,ios
7284,2026-07-16 02:03:35,referral,annual,android
7285,2026-06-22 22:15:50,influencer,annual,android
7286,2026-06-26 07:34:10,paid_search,monthly,android
7287,2026-03-05 21:26:49,referral,annual,ios
7288,2026-04-10 23:49:00,paid_search,monthly,ios
7289,2026-08-06 19:42:14,paid_search,monthly,ios
7290,2026-05-09 18:29:25,organic,monthly,android
7291,2026-06-09 17:33:59,referral,annual,ios
7292,2026-03-29 07:18:39,referral,annual,ios
7293,2026-07-13 13:38:35,influencer,monthly,ios
7294,2026-05-19 02:42:26,organic,monthly,ios
7295,2026-07-18 10:49:56,referral,monthly,web
7296,2026-07-15 14:10:00,referral,monthly,ios
7297,2026-08-09 21:59:55,influencer,annual,android
7298,2026-03-22 22:13:55,referral,annual,ios
7299,2026-03-18 15:15:58,referral,monthly,ios
7300,2026-08-14 01:16:33,organic,annual,android
7301,2026-08-09 08:56:13,organic,monthly,ios
7302,2026-07-23 04:14:07,organic,monthly,android
7303,2026-03-23 01:43:06,referral,monthly,ios
7304,2026-08-21 08:06:07,referral,monthly,android
7305,2026-07-07 22:45:31,organic,monthly,android
7306,2026-05-10 18:46:33,organic,monthly,android
7307,2026-08-24 05:36:05,organic,annual,web
7308,2026-04-05 02:24:12,organic,annual,ios
7309,2026-03-26 06:59:24,referral,monthly,android
7310,2026-08-23 14:11:17,influencer,annual,android
7311,2026-08-22 00:56:40,paid_search,monthly,web
7312,2026-08-01 10:52:49,referral,monthly,ios
7313,2026-04-05 20:55:57,paid_search,monthly,web
7314,2026-04-19 12:47:57,paid_search,monthly,web
7315,2026-07-21 02:03:54,organic,monthly,web
7316,2026-03-22 15:37:08,paid_search,annual,android
7317,2026-05-16 19:29:07,organic,monthly,android
7318,2026-04-29 03:39:02,paid_search,monthly,ios
7319,2026-05-04 23:34:15,referral,monthly,android
7320,2026-07-11 00:45:19,organic,annual,android
7321,2026-08-18 19:25:28,organic,monthly,android
7322,2026-07-03 00:22:27,organic,annual,ios
7323,2026-03-07 15:28:25,influencer,annual,ios
7324,2026-05-28 02:06:22,organic,monthly,web
7325,2026-03-20 18:10:49,referral,monthly,android
7326,2026-05-07 02:08:23,paid_search,annual,ios
7327,2026-08-24 06:54:39,paid_search,monthly,ios
7328,2026-08-27 07:28:58,organic,monthly,android
7329,2026-03-27 17:22:31,paid_search,monthly,android
7330,2026-04-25 14:42:36,referral,monthly,ios
7331,2026-08-26 15:32:20,influencer,annual,ios
7332,2026-06-10 00:08:37,paid_search,monthly,android
7333,2026-05-29 09:43:37,organic,monthly,web
7334,2026-06-09 20:47:21,paid_search,monthly,android
7335,2026-04-21 17:07:46,organic,monthly,ios
7336,2026-04-07 00:56:14,referral,monthly,web
7337,2026-08-17 00:19:21,referral,monthly,android
7338,2026-03-08 11:12:01,organic,annual,ios
7339,2026-06-10 18:45:17,organic,monthly,android
7340,2026-06-10 03:31:31,referral,annual,android
7341,2026-08-15 19:27:14,paid_search,annual,ios
7342,2026-08-25 04:21:34,influencer,monthly,ios
7343,2026-07-23 08:13:37,organic,annual,android
7344,2026-06-17 16:08:57,referral,monthly,android
7345,2026-06-06 06:43:59,organic,monthly,ios
7346,2026-06-26 19:34:26,paid_search,annual,web
7347,2026-08-22 05:31:28,influencer,monthly,android
7348,2026-07-30 23:43:02,referral,monthly,ios
7349,2026-04-08 16:58:15,influencer,annual,ios
7350,2026-03-17 20:51:32,paid_search,monthly,android
7351,2026-06-09 17:51:50,organic,monthly,ios
7352,2026-07-01 06:16:23,referral,monthly,web
7353,2026-05-19 14:34:40,paid_search,monthly,ios
7354,2026-04-14 13:13:37,organic,annual,android
7355,2026-08-15 09:17:49,influencer,monthly,android
7356,2026-03-26 00:09:17,paid_search,annual,android
7357,2026-03-29 16:22:40,paid_search,annual,ios
7358,2026-07-22 01:03:31,referral,annual,android
7359,2026-07-05 22:51:17,paid_search,annual,android
7360,2026-03-19 08:30:52,referral,monthly,android
7361,2026-04-03 11:31:26,paid_search,monthly,android
7362,2026-04-08 23:10:45,referral,monthly,android
7363,2026-07-29 17:42:08,organic,annual,android
7364,2026-08-26 00:17:24,paid_search,monthly,ios
7365,2026-03-28 04:36:11,paid_search,monthly,ios
7366,2026-04-08 04:26:27,paid_search,annual,ios
7367,2026-08-04 12:33:01,influencer,monthly,ios
7368,2026-03-23 23:38:38,paid_search,annual,ios
7369,2026-03-06 10:53:01,influencer,monthly,web
7370,2026-07-19 14:09:01,referral,monthly,android
7371,2026-05-12 02:20:51,referral,annual,web
7372,2026-06-27 12:57:39,paid_search,monthly,web
7373,2026-04-06 16:10:25,paid_search,monthly,android
7374,2026-07-23 19:57:38,paid_search,monthly,ios
7375,2026-03-17 18:25:29,paid_search,monthly,android
7376,2026-08-03 15:38:01,referral,annual,ios
7377,2026-07-25 10:39:54,paid_search,monthly,web
7378,2026-08-07 23:49:18,organic,monthly,android
7379,2026-05-23 13:05:06,paid_search,monthly,web
7380,2026-05-03 04:44:25,referral,monthly,android
7381,2026-03-22 17:55:05,paid_search,monthly,ios
7382,2026-03-04 23:57:12,paid_search,annual,ios
7383,2026-07-24 01:26:57,organic,monthly,android
7384,2026-04-16 06:08:14,organic,monthly,android
7385,2026-08-19 22:59:20,referral,annual,android
7386,2026-03-12 18:42:27,organic,annual,web
7387,2026-07-03 09:35:10,paid_search,annual,web
7388,2026-05-30 17:43:09,organic,monthly,android
7389,2026-05-23 00:50:14,referral,monthly,ios
7390,2026-06-18 01:48:48,organic,monthly,ios
7391,2026-07-17 21:42:41,referral,monthly,ios
7392,2026-06-24 13:46:38,influencer,monthly,web
7393,2026-04-13 21:27:11,paid_search,monthly,android
7394,2026-08-01 05:37:32,organic,monthly,android
7395,2026-03-15 19:50:52,paid_search,monthly,android
7396,2026-04-30 13:56:50,referral,monthly,web
7397,2026-05-06 17:07:26,referral,monthly,android
7398,2026-04-25 03:11:58,paid_search,annual,ios
7399,2026-07-07 06:30:56,paid_search,annual,ios
7400,2026-07-05 14:37:23,paid_search,monthly,ios
7401,2026-05-04 14:05:31,paid_search,monthly,ios
7402,2026-05-10 16:44:46,organic,monthly,ios
7403,2026-04-14 19:50:17,organic,monthly,android
7404,2026-03-22 01:18:29,organic,monthly,ios
7405,2026-05-28 20:46:45,organic,monthly,web
7406,2026-07-12 16:10:46,organic,monthly,android
7407,2026-04-30 14:26:27,organic,annual,android
7408,2026-05-18 06:52:30,referral,monthly,android
7409,2026-05-17 07:00:52,organic,monthly,web
7410,2026-07-22 13:25:33,influencer,monthly,android
7411,2026-08-06 14:24:26,organic,monthly,ios
7412,2026-03-22 06:08:15,paid_search,annual,ios
7413,2026-07-23 05:13:51,referral,annual,android
7414,2026-05-19 09:53:01,organic,monthly,ios
7415,2026-06-28 04:20:16,paid_search,monthly,android
7416,2026-08-28 08:46:22,referral,monthly,ios
7417,2026-06-26 11:05:01,referral,monthly,android
7418,2026-07-26 13:23:59,influencer,monthly,web
7419,2026-05-13 22:59:53,influencer,annual,android
7420,2026-08-14 07:14:47,influencer,annual,web
7421,2026-07-15 18:36:38,referral,monthly,android
7422,2026-07-25 22:26:55,organic,monthly,ios
7423,2026-05-28 21:26:25,organic,monthly,android
7424,2026-05-01 15:28:17,paid_search,monthly,web
7425,2026-07-16 12:05:05,influencer,annual,ios
7426,2026-07-26 14:54:51,paid_search,annual,android
7427,2026-06-10 18:18:39,influencer,monthly,android
7428,2026-04-29 23:58:58,referral,monthly,android
7429,2026-07-25 10:27:20,referral,annual,android
7430,2026-07-14 03:02:37,referral,monthly,android
7431,2026-04-25 20:43:06,organic,monthly,ios
7432,2026-06-07 04:36:42,referral,monthly,ios
7433,2026-08-24 21:42:10,referral,monthly,android
7434,2026-05-11 03:25:16,influencer,monthly,ios
7435,2026-08-03 14:19:28,referral,annual,android
7436,2026-07-11 18:39:41,paid_search,monthly,ios
7437,2026-05-31 05:48:22,referral,monthly,android
7438,2026-07-06 10:16:43,paid_search,monthly,ios
7439,2026-04-19 04:41:20,paid_search,monthly,ios
7440,2026-03-05 13:35:13,paid_search,monthly,android
7441,2026-04-25 05:22:01,organic,annual,web
7442,2026-05-14 16:03:00,referral,monthly,ios
7443,2026-08-06 16:42:06,organic,monthly,android
7444,2026-04-04 05:47:10,referral,monthly,android
7445,2026-05-17 10:26:59,organic,monthly,ios
7446,2026-06-06 16:32:14,referral,monthly,android
7447,2026-05-31 14:30:48,influencer,monthly,android
7448,2026-06-26 02:13:41,organic,monthly,android
7449,2026-06-22 12:38:30,referral,annual,android
7450,2026-08-23 13:17:23,organic,annual,android
7451,2026-03-27 07:42:16,paid_search,monthly,android
7452,2026-07-23 17:33:18,referral,monthly,android
7453,2026-06-19 04:15:26,influencer,monthly,web
7454,2026-08-02 23:43:22,referral,monthly,ios
7455,2026-03-18 12:33:26,influencer,monthly,ios
7456,2026-05-13 05:23:23,paid_search,monthly,ios
7457,2026-04-20 07:34:57,paid_search,monthly,android
7458,2026-05-15 11:42:18,paid_search,monthly,web
7459,2026-07-22 09:37:34,organic,annual,ios
7460,2026-03-22 09:23:26,influencer,monthly,web
7461,2026-06-26 21:35:35,organic,monthly,ios
7462,2026-03-16 14:55:52,paid_search,annual,web
7463,2026-08-12 14:17:41,paid_search,annual,web
7464,2026-08-11 08:12:25,influencer,annual,android
7465,2026-08-01 23:10:31,referral,annual,web
7466,2026-06-02 15:11:57,referral,annual,android
7467,2026-07-13 10:40:10,referral,annual,web
7468,2026-04-29 15:40:58,paid_search,annual,android
7469,2026-05-01 02:49:33,organic,monthly,ios
7470,2026-07-11 12:25:56,organic,annual,web
7471,2026-03-08 22:36:19,paid_search,annual,android
7472,2026-03-30 06:10:50,paid_search,monthly,android
7473,2026-07-18 00:50:59,influencer,annual,ios
7474,2026-03-06 00:58:39,referral,monthly,ios
7475,2026-07-11 12:15:35,influencer,monthly,ios
7476,2026-08-25 16:56:21,paid_search,monthly,android
7477,2026-08-15 08:44:27,paid_search,annual,android
7478,2026-08-31 18:42:33,referral,monthly,ios
7479,2026-07-28 22:23:34,influencer,monthly,web
7480,2026-08-05 23:02:47,influencer,monthly,web
7481,2026-04-21 13:19:25,organic,monthly,web
7482,2026-06-06 16:21:55,referral,annual,web
7483,2026-03-26 03:49:29,paid_search,annual,ios
7484,2026-08-01 23:16:52,organic,monthly,ios
7485,2026-06-12 22:16:13,referral,annual,ios
7486,2026-08-03 05:10:36,referral,monthly,web
7487,2026-03-02 22:53:48,organic,monthly,web
7488,2026-07-24 22:29:59,influencer,monthly,ios
7489,2026-05-27 06:14:05,paid_search,monthly,ios
7490,2026-08-09 02:59:18,referral,monthly,web
7491,2026-08-10 06:17:15,paid_search,monthly,ios
7492,2026-08-26 02:13:16,organic,annual,android
7493,2026-08-17 13:33:01,paid_search,monthly,android
7494,2026-08-07 08:55:42,organic,monthly,ios
7495,2026-04-26 04:44:11,referral,annual,ios
7496,2026-03-26 23:57:30,paid_search,monthly,ios
7497,2026-07-13 21:19:47,influencer,monthly,android
7498,2026-07-12 03:23:35,influencer,monthly,ios
7499,2026-05-10 18:44:09,referral,monthly,ios
7500,2026-05-31 08:25:32,influencer,monthly,ios
7501,2026-08-09 03:12:17,organic,annual,ios
7502,2026-06-14 22:08:30,paid_search,monthly,android
7503,2026-06-05 13:22:29,influencer,monthly,android
7504,2026-03-16 23:19:05,paid_search,monthly,web
7505,2026-05-10 02:41:40,referral,annual,ios
7506,2026-08-01 21:57:30,organic,monthly,android
7507,2026-06-19 21:10:21,referral,monthly,android
7508,2026-08-12 10:28:48,referral,monthly,android
7509,2026-04-29 00:53:00,paid_search,monthly,web
7510,2026-04-23 23:02:07,paid_search,monthly,android
7511,2026-04-18 18:04:53,organic,monthly,ios
7512,2026-07-28 13:49:29,referral,monthly,android
7513,2026-07-19 23:45:31,organic,annual,android
7514,2026-07-02 07:56:32,paid_search,monthly,ios
7515,2026-07-04 01:43:09,referral,monthly,ios
7516,2026-07-10 22:35:49,organic,monthly,web
7517,2026-04-19 08:19:32,paid_search,monthly,ios
7518,2026-05-10 06:57:30,influencer,monthly,ios
7519,2026-04-20 01:33:26,referral,monthly,web
7520,2026-06-06 21:34:42,influencer,annual,ios
7521,2026-03-02 12:04:50,organic,monthly,web
7522,2026-04-15 14:04:46,referral,annual,android
7523,2026-05-19 21:42:09,paid_search,annual,ios
7524,2026-07-04 19:07:13,influencer,monthly,android
7525,2026-06-04 18:05:38,paid_search,monthly,ios
7526,2026-08-30 11:00:56,influencer,monthly,android
7527,2026-04-13 12:23:48,influencer,annual,android
7528,2026-06-21 09:05:27,organic,annual,android
7529,2026-07-03 21:22:44,organic,monthly,android
7530,2026-04-27 05:10:19,paid_search,annual,ios
7531,2026-06-25 16:37:26,influencer,monthly,android
7532,2026-06-22 04:53:38,paid_search,monthly,ios
7533,2026-07-04 23:44:19,paid_search,monthly,android
7534,2026-08-23 23:42:49,influencer,monthly,android
7535,2026-04-20 10:36:20,paid_search,monthly,ios
7536,2026-06-10 01:46:15,paid_search,monthly,web
7537,2026-06-30 02:13:35,organic,monthly,web
7538,2026-06-08 15:57:04,influencer,monthly,ios
7539,2026-04-20 12:23:58,influencer,monthly,ios
7540,2026-05-03 17:19:55,paid_search,monthly,ios
7541,2026-04-29 07:45:43,organic,annual,ios
7542,2026-07-04 12:20:29,paid_search,monthly,web
7543,2026-05-06 19:36:29,paid_search,monthly,ios
7544,2026-06-05 22:47:34,paid_search,annual,ios
7545,2026-07-29 07:20:19,referral,monthly,android
7546,2026-08-22 22:24:12,paid_search,annual,android
7547,2026-08-30 11:31:58,referral,monthly,ios
7548,2026-08-14 18:26:20,organic,annual,ios
7549,2026-04-04 04:14:41,organic,annual,android
7550,2026-04-26 17:32:59,paid_search,annual,android
7551,2026-06-18 07:48:24,organic,monthly,ios
7552,2026-07-31 16:16:50,paid_search,monthly,android
7553,2026-07-16 09:30:29,paid_search,monthly,android
7554,2026-06-08 00:52:08,referral,annual,ios
7555,2026-05-18 19:10:49,paid_search,annual,ios
7556,2026-05-15 21:17:35,organic,monthly,ios
7557,2026-08-21 15:06:59,organic,monthly,web
7558,2026-07-29 20:12:54,referral,monthly,ios
7559,2026-04-20 06:28:55,referral,monthly,web
7560,2026-07-02 10:16:56,paid_search,monthly,android
7561,2026-06-01 23:10:25,referral,monthly,ios
7562,2026-05-26 23:17:04,paid_search,monthly,web
7563,2026-04-16 15:22:30,influencer,monthly,web
7564,2026-08-29 21:55:24,referral,monthly,web
7565,2026-07-08 07:54:56,paid_search,monthly,ios
7566,2026-04-21 01:41:39,paid_search,annual,ios
7567,2026-08-30 01:37:47,referral,annual,ios
7568,2026-07-24 09:46:28,influencer,annual,android
7569,2026-06-28 17:18:31,influencer,monthly,android
7570,2026-06-25 14:03:48,organic,monthly,ios
7571,2026-05-14 10:53:15,paid_search,monthly,ios
7572,2026-06-15 04:43:28,paid_search,monthly,android
7573,2026-07-07 19:20:17,paid_search,annual,web
7574,2026-08-01 10:37:44,influencer,annual,android
7575,2026-06-26 06:42:57,paid_search,monthly,ios
7576,2026-04-13 22:56:40,paid_search,annual,android
7577,2026-08-02 19:59:27,paid_search,monthly,android
7578,2026-05-26 21:01:27,referral,monthly,android
7579,2026-07-01 06:14:05,referral,annual,ios
7580,2026-04-04 07:51:33,organic,monthly,android
7581,2026-05-18 15:41:51,organic,monthly,ios
7582,2026-07-30 23:32:52,influencer,annual,web
7583,2026-05-22 19:55:22,paid_search,monthly,web
7584,2026-07-15 07:19:58,paid_search,annual,ios
7585,2026-05-23 21:11:15,paid_search,monthly,android
7586,2026-08-20 23:13:51,paid_search,annual,ios
7587,2026-06-08 06:46:19,organic,monthly,android
7588,2026-08-29 22:55:47,influencer,annual,web
7589,2026-05-17 14:47:50,referral,monthly,ios
7590,2026-07-20 00:53:38,paid_search,monthly,android
7591,2026-03-02 14:35:53,referral,monthly,web
7592,2026-05-24 15:15:02,paid_search,monthly,android
7593,2026-06-13 07:16:59,referral,monthly,web
7594,2026-08-19 04:42:57,organic,monthly,android
7595,2026-05-18 13:07:02,influencer,monthly,ios
7596,2026-07-14 08:19:19,paid_search,monthly,android
7597,2026-07-03 11:34:15,organic,monthly,android
7598,2026-07-29 17:23:56,influencer,monthly,web
7599,2026-07-23 06:00:59,organic,annual,android
7600,2026-08-11 17:07:04,referral,annual,android
7601,2026-03-27 05:13:00,paid_search,annual,web
7602,2026-07-26 00:13:25,referral,annual,web
7603,2026-06-05 03:17:27,referral,monthly,web
7604,2026-03-10 17:38:46,influencer,monthly,ios
7605,2026-07-25 14:38:24,paid_search,monthly,ios
7606,2026-06-28 01:27:26,organic,annual,android
7607,2026-04-26 23:00:05,paid_search,monthly,android
7608,2026-07-19 17:42:19,referral,monthly,ios
7609,2026-07-11 10:29:49,organic,monthly,ios
7610,2026-04-16 19:16:43,organic,monthly,ios
7611,2026-06-05 18:17:57,referral,monthly,android
7612,2026-05-19 06:05:25,organic,annual,ios
7613,2026-06-07 01:42:49,paid_search,monthly,ios
7614,2026-03-22 12:56:48,paid_search,monthly,ios
7615,2026-08-26 15:55:12,referral,monthly,android
7616,2026-07-09 04:03:27,referral,monthly,web
7617,2026-07-13 06:03:48,paid_search,monthly,ios
7618,2026-07-16 04:49:00,referral,monthly,ios
7619,2026-08-06 17:40:36,influencer,monthly,android
7620,2026-05-16 22:39:48,referral,monthly,android
7621,2026-03-27 05:49:05,influencer,annual,ios
7622,2026-06-12 04:01:24,referral,monthly,android
7623,2026-06-22 12:09:04,organic,monthly,ios
7624,2026-08-12 21:19:35,organic,annual,ios
7625,2026-05-30 22:58:21,paid_search,monthly,android
7626,2026-06-07 18:08:22,paid_search,monthly,web
7627,2026-07-03 07:21:03,organic,annual,web
7628,2026-08-24 13:10:32,organic,annual,ios
7629,2026-08-09 17:10:04,referral,monthly,web
7630,2026-08-13 20:05:55,paid_search,monthly,android
7631,2026-04-15 08:54:26,influencer,monthly,web
7632,2026-05-16 18:39:20,organic,monthly,android
7633,2026-05-22 13:17:43,paid_search,monthly,android
7634,2026-06-11 16:45:48,paid_search,monthly,android
7635,2026-05-29 15:14:00,paid_search,monthly,web
7636,2026-08-17 17:47:16,influencer,monthly,android
7637,2026-07-04 10:12:44,organic,monthly,android
7638,2026-05-21 06:04:10,paid_search,monthly,web
7639,2026-08-19 07:31:05,organic,monthly,web
7640,2026-05-17 08:20:45,referral,monthly,android
7641,2026-07-29 08:48:12,paid_search,annual,android
7642,2026-07-16 00:13:12,referral,monthly,android
7643,2026-04-19 00:47:28,organic,annual,ios
7644,2026-05-25 02:55:44,influencer,annual,android
7645,2026-04-30 21:05:50,paid_search,monthly,ios
7646,2026-03-15 15:37:57,paid_search,annual,android
7647,2026-06-10 12:50:34,referral,monthly,web
7648,2026-04-24 19:07:57,paid_search,monthly,ios
7649,2026-08-29 23:08:14,paid_search,annual,web
7650,2026-08-23 22:02:38,organic,annual,android
7651,2026-05-13 20:42:07,referral,annual,ios
7652,2026-03-07 18:24:16,referral,annual,ios
7653,2026-06-25 23:21:25,referral,monthly,ios
7654,2026-06-04 07:44:14,organic,monthly,web
7655,2026-05-29 23:33:03,paid_search,annual,ios
7656,2026-03-12 13:21:50,organic,annual,web
7657,2026-06-19 15:08:24,organic,monthly,ios
7658,2026-08-24 14:55:04,organic,monthly,android
7659,2026-08-03 12:29:00,referral,monthly,android
7660,2026-06-01 18:02:41,referral,annual,web
7661,2026-06-14 05:11:32,paid_search,monthly,ios
7662,2026-08-21 05:11:32,organic,monthly,android
7663,2026-04-16 15:27:09,paid_search,monthly,android
7664,2026-08-14 07:33:23,paid_search,monthly,ios
7665,2026-03-13 15:40:43,paid_search,annual,android
7666,2026-05-01 22:05:41,referral,monthly,ios
7667,2026-05-13 16:11:00,referral,monthly,android
7668,2026-03-23 08:42:52,paid_search,monthly,ios
7669,2026-03-19 19:46:49,paid_search,monthly,android
7670,2026-08-21 07:06:55,organic,monthly,ios
7671,2026-08-29 10:41:16,influencer,monthly,ios
7672,2026-08-24 17:41:53,organic,monthly,android
7673,2026-06-21 14:53:03,referral,monthly,android
7674,2026-07-13 01:04:14,referral,monthly,web
7675,2026-05-11 05:09:09,referral,monthly,android
7676,2026-03-20 12:01:46,influencer,annual,web
7677,2026-08-22 16:11:22,paid_search,monthly,android
7678,2026-08-08 07:51:16,paid_search,monthly,android
7679,2026-04-29 19:57:45,paid_search,monthly,ios
7680,2026-06-26 23:18:02,organic,monthly,web
7681,2026-08-09 14:36:13,influencer,monthly,web
7682,2026-06-07 22:47:28,referral,annual,ios
7683,2026-07-08 06:08:50,organic,annual,android
7684,2026-08-04 04:31:32,organic,monthly,android
7685,2026-08-11 17:15:07,referral,annual,ios
7686,2026-08-26 06:11:54,influencer,monthly,android
7687,2026-03-15 03:38:28,organic,monthly,ios
7688,2026-07-09 19:08:13,paid_search,monthly,ios
7689,2026-05-28 06:08:35,referral,monthly,android
7690,2026-08-03 11:56:45,paid_search,annual,android
7691,2026-08-02 10:32:08,paid_search,monthly,android
7692,2026-08-15 04:32:10,influencer,monthly,ios
7693,2026-04-18 15:19:36,paid_search,monthly,ios
7694,2026-06-08 04:23:18,paid_search,monthly,web
7695,2026-05-03 04:52:00,referral,monthly,ios
7696,2026-08-18 03:00:23,referral,monthly,android
7697,2026-05-31 19:22:00,paid_search,annual,web
7698,2026-03-15 04:55:37,paid_search,monthly,android
7699,2026-05-08 06:48:23,paid_search,monthly,ios
7700,2026-04-10 19:25:58,influencer,monthly,android
7701,2026-08-31 11:39:26,referral,monthly,ios
7702,2026-08-30 00:56:47,paid_search,monthly,ios
7703,2026-03-13 07:43:50,paid_search,monthly,ios
7704,2026-06-12 12:03:09,paid_search,annual,ios
7705,2026-06-08 16:57:56,referral,monthly,ios
7706,2026-07-30 01:51:22,paid_search,monthly,web
7707,2026-08-05 12:37:13,organic,monthly,web
7708,2026-05-10 19:23:21,referral,monthly,android
7709,2026-03-07 13:00:53,organic,monthly,ios
7710,2026-05-18 00:10:23,influencer,annual,android
7711,2026-07-31 15:10:43,organic,monthly,ios
7712,2026-07-25 12:54:42,paid_search,annual,web
7713,2026-04-10 14:57:35,paid_search,monthly,android
7714,2026-08-25 03:43:28,referral,monthly,web
7715,2026-07-13 01:33:49,paid_search,monthly,ios
7716,2026-04-17 04:36:45,influencer,monthly,ios
7717,2026-03-16 03:02:45,referral,monthly,android
7718,2026-03-03 06:11:53,influencer,monthly,web
7719,2026-03-11 20:01:52,paid_search,annual,android
7720,2026-03-15 16:16:21,paid_search,monthly,android
7721,2026-04-22 04:55:49,paid_search,monthly,web
7722,2026-06-14 19:39:21,paid_search,monthly,web
7723,2026-05-26 08:40:52,paid_search,monthly,android
7724,2026-08-10 04:23:15,influencer,monthly,ios
7725,2026-03-14 16:28:20,influencer,monthly,ios
7726,2026-03-24 15:12:54,organic,monthly,android
7727,2026-08-12 18:54:59,referral,monthly,ios
7728,2026-05-06 16:13:53,influencer,annual,android
7729,2026-06-06 02:20:59,influencer,monthly,ios
7730,2026-08-24 19:09:23,organic,annual,android
7731,2026-08-22 23:54:39,organic,monthly,android
7732,2026-05-13 11:26:06,organic,monthly,android
7733,2026-05-26 11:42:58,referral,monthly,ios
7734,2026-04-02 07:59:15,organic,monthly,android
7735,2026-06-26 02:58:51,paid_search,annual,ios
7736,2026-07-02 10:54:59,influencer,monthly,ios
7737,2026-04-26 02:43:55,paid_search,monthly,ios
7738,2026-08-18 10:47:41,organic,annual,web
7739,2026-06-16 18:26:48,paid_search,annual,android
7740,2026-05-05 13:05:05,paid_search,monthly,ios
7741,2026-07-16 01:44:33,organic,monthly,ios
7742,2026-04-11 17:15:03,paid_search,monthly,web
7743,2026-07-28 12:42:24,referral,monthly,web
7744,2026-03-29 10:23:59,referral,monthly,android
7745,2026-08-28 18:17:17,referral,monthly,ios
7746,2026-08-14 00:42:31,referral,annual,android
7747,2026-07-27 20:04:00,influencer,annual,android
7748,2026-08-06 21:57:51,organic,monthly,android
7749,2026-05-21 10:09:00,referral,monthly,android
7750,2026-06-27 03:18:07,influencer,annual,web
7751,2026-03-23 14:22:00,referral,monthly,ios
7752,2026-08-28 20:04:19,paid_search,monthly,android
7753,2026-03-14 11:45:04,influencer,monthly,web
7754,2026-08-05 15:11:16,paid_search,monthly,android
7755,2026-08-17 23:32:19,paid_search,monthly,web
7756,2026-03-15 00:20:28,organic,annual,web
7757,2026-04-28 09:39:45,organic,monthly,ios
7758,2026-06-15 13:20:27,paid_search,monthly,android
7759,2026-04-25 13:48:20,referral,monthly,ios
7760,2026-04-24 07:36:28,paid_search,monthly,android
7761,2026-04-21 06:37:10,organic,monthly,ios
7762,2026-07-21 21:34:35,organic,annual,android
7763,2026-03-26 06:55:54,paid_search,monthly,ios
7764,2026-06-06 16:19:58,referral,monthly,ios
7765,2026-08-28 10:01:08,organic,monthly,android
7766,2026-07-16 07:23:52,organic,monthly,ios
7767,2026-06-07 08:29:43,referral,monthly,web
7768,2026-05-08 14:42:45,referral,monthly,ios
7769,2026-07-11 20:04:01,organic,monthly,android
7770,2026-05-15 21:21:13,organic,annual,ios
7771,2026-07-04 02:34:22,paid_search,monthly,android
7772,2026-06-05 01:08:08,paid_search,monthly,web
7773,2026-08-11 09:41:24,referral,monthly,android
7774,2026-07-23 21:05:25,referral,monthly,android
7775,2026-05-18 12:48:14,referral,monthly,android
7776,2026-08-16 17:36:19,paid_search,monthly,android
7777,2026-08-31 05:39:01,organic,monthly,android
7778,2026-06-02 12:48:27,paid_search,annual,ios
7779,2026-06-13 20:56:25,paid_search,monthly,android
7780,2026-08-26 14:53:43,paid_search,annual,ios
7781,2026-05-08 12:03:42,paid_search,annual,android
7782,2026-07-04 22:11:18,paid_search,monthly,android
7783,2026-03-02 09:20:17,influencer,monthly,ios
7784,2026-08-08 08:11:30,paid_search,annual,ios
7785,2026-04-17 01:03:13,paid_search,annual,ios
7786,2026-04-04 08:20:03,organic,annual,ios
7787,2026-03-25 15:09:50,organic,monthly,android
7788,2026-05-05 12:30:36,organic,monthly,android
7789,2026-05-18 09:18:09,paid_search,annual,web
7790,2026-03-24 11:22:32,paid_search,monthly,web
7791,2026-07-04 09:12:40,organic,monthly,ios
7792,2026-05-22 08:22:54,organic,monthly,android
7793,2026-03-02 15:43:58,paid_search,monthly,android
7794,2026-03-05 15:25:05,organic,annual,ios
7795,2026-04-04 22:38:26,referral,monthly,ios
7796,2026-07-29 10:48:47,paid_search,monthly,ios
7797,2026-08-28 02:46:42,influencer,monthly,android
7798,2026-03-08 05:25:54,paid_search,monthly,web
7799,2026-08-05 01:50:00,paid_search,monthly,android
7800,2026-04-14 05:25:15,organic,monthly,ios
7801,2026-07-04 09:05:22,referral,monthly,android
7802,2026-05-31 06:58:08,influencer,annual,ios
7803,2026-08-31 15:18:49,organic,monthly,web
7804,2026-04-27 09:34:49,influencer,monthly,ios
7805,2026-06-17 10:02:43,paid_search,monthly,ios
7806,2026-07-13 04:43:16,influencer,monthly,android
7807,2026-05-12 23:58:43,paid_search,monthly,android
7808,2026-05-15 02:02:21,influencer,monthly,ios
7809,2026-07-13 02:22:19,referral,monthly,ios
7810,2026-08-27 05:34:01,referral,monthly,android
7811,2026-06-05 00:26:01,paid_search,annual,web
7812,2026-05-24 18:50:34,referral,monthly,ios
7813,2026-06-20 20:27:33,paid_search,monthly,web
7814,2026-07-17 10:41:17,paid_search,monthly,web
7815,2026-05-19 10:19:05,paid_search,monthly,android
7816,2026-04-24 14:10:10,organic,monthly,ios
7817,2026-06-28 00:37:56,referral,monthly,android
7818,2026-03-08 18:06:53,referral,monthly,web
7819,2026-06-22 01:31:56,influencer,monthly,web
7820,2026-03-13 23:05:04,organic,monthly,web
7821,2026-06-01 13:09:16,referral,annual,ios
7822,2026-08-12 06:05:57,organic,annual,android
7823,2026-06-18 07:29:17,influencer,monthly,android
7824,2026-06-05 06:46:40,paid_search,monthly,web
7825,2026-06-06 00:21:21,referral,annual,web
7826,2026-05-19 04:23:35,paid_search,annual,ios
7827,2026-06-14 07:50:28,referral,annual,android
7828,2026-08-26 13:20:00,organic,monthly,android
7829,2026-06-16 18:09:13,referral,monthly,android
7830,2026-07-14 17:10:00,influencer,annual,ios
7831,2026-04-01 19:57:37,organic,monthly,android
7832,2026-05-30 12:42:44,paid_search,monthly,android
7833,2026-07-15 14:06:22,organic,monthly,ios
7834,2026-08-19 17:08:27,referral,monthly,android
7835,2026-08-03 13:55:37,organic,monthly,ios
7836,2026-04-25 21:48:39,referral,monthly,ios
7837,2026-06-29 05:14:15,referral,monthly,android
7838,2026-06-14 14:55:45,influencer,monthly,android
7839,2026-06-05 05:56:05,referral,monthly,ios
7840,2026-08-15 11:05:36,paid_search,annual,android
7841,2026-08-24 22:16:29,paid_search,annual,web
7842,2026-04-28 18:13:34,organic,annual,android
7843,2026-06-23 01:35:25,referral,monthly,android
7844,2026-05-07 14:35:23,paid_search,monthly,web
7845,2026-05-13 19:59:18,organic,annual,android
7846,2026-04-10 02:37:35,influencer,monthly,ios
7847,2026-04-18 20:19:28,organic,monthly,android
7848,2026-06-21 21:48:52,organic,monthly,android
7849,2026-06-24 18:14:05,paid_search,annual,web
7850,2026-06-02 23:55:27,organic,monthly,ios
7851,2026-04-11 06:54:57,referral,annual,web
7852,2026-03-02 19:42:08,paid_search,monthly,web
7853,2026-04-08 17:48:06,referral,monthly,web
7854,2026-05-14 06:14:56,paid_search,monthly,ios
7855,2026-06-20 15:18:36,organic,monthly,android
7856,2026-06-30 15:23:46,referral,monthly,web
7857,2026-04-02 17:39:38,organic,monthly,ios
7858,2026-03-27 18:47:50,paid_search,monthly,ios
7859,2026-07-20 23:37:28,paid_search,monthly,ios
7860,2026-03-16 22:12:59,organic,monthly,web
7861,2026-08-17 15:22:43,paid_search,monthly,android
7862,2026-05-13 09:46:25,paid_search,annual,ios
7863,2026-05-20 18:45:09,organic,annual,android
7864,2026-07-24 18:18:03,organic,monthly,ios
7865,2026-06-03 11:02:46,paid_search,annual,web
7866,2026-04-26 10:29:57,organic,annual,android
7867,2026-06-24 22:15:33,influencer,annual,web
7868,2026-03-08 16:21:10,organic,monthly,ios
7869,2026-04-05 07:40:51,referral,monthly,web
7870,2026-08-24 05:12:10,referral,monthly,web
7871,2026-04-16 23:37:39,paid_search,monthly,android
7872,2026-04-28 23:38:10,organic,annual,ios
7873,2026-03-22 20:02:59,referral,monthly,ios
7874,2026-05-20 13:00:38,organic,monthly,ios
7875,2026-04-30 21:49:58,paid_search,annual,web
7876,2026-07-02 11:09:14,organic,annual,web
7877,2026-04-24 08:58:54,paid_search,monthly,android
7878,2026-04-20 23:56:00,paid_search,annual,web
7879,2026-04-05 07:21:45,referral,monthly,web
7880,2026-06-30 02:37:27,influencer,monthly,ios
7881,2026-06-01 17:50:42,referral,monthly,ios
7882,2026-03-05 04:04:55,referral,monthly,ios
7883,2026-06-18 21:02:43,referral,monthly,android
7884,2026-05-08 05:41:21,paid_search,monthly,web
7885,2026-05-20 07:02:27,influencer,monthly,ios
7886,2026-06-28 22:38:37,influencer,annual,android
7887,2026-08-31 20:20:04,influencer,annual,web
7888,2026-07-26 03:22:06,referral,monthly,ios
7889,2026-08-01 17:13:34,organic,monthly,web
7890,2026-05-14 14:00:47,organic,monthly,android
7891,2026-07-23 19:01:20,paid_search,annual,ios
7892,2026-04-24 01:06:11,organic,monthly,android
7893,2026-04-09 00:11:54,influencer,monthly,ios
7894,2026-04-27 14:44:03,organic,monthly,ios
7895,2026-08-13 12:25:27,organic,monthly,ios
7896,2026-05-06 17:06:44,influencer,monthly,android
7897,2026-04-27 21:56:56,paid_search,monthly,ios
7898,2026-08-05 22:58:23,paid_search,annual,ios
7899,2026-05-05 11:35:11,paid_search,monthly,web
7900,2026-05-11 19:55:57,influencer,monthly,ios
7901,2026-08-22 20:38:01,referral,monthly,web
7902,2026-06-21 04:09:29,paid_search,monthly,ios
7903,2026-03-22 01:36:46,referral,monthly,web
7904,2026-04-12 06:49:20,referral,annual,web
7905,2026-05-27 08:14:58,organic,annual,web
7906,2026-08-18 02:19:28,influencer,monthly,ios
7907,2026-05-18 10:06:49,referral,monthly,android
7908,2026-07-06 05:13:31,referral,monthly,ios
7909,2026-08-23 09:25:25,influencer,monthly,ios
7910,2026-07-29 03:09:24,organic,monthly,android
7911,2026-07-31 10:59:58,paid_search,monthly,ios
7912,2026-06-24 01:53:04,referral,monthly,android
7913,2026-07-01 05:15:42,organic,monthly,ios
7914,2026-07-14 12:58:37,influencer,annual,android
7915,2026-08-11 04:47:10,referral,monthly,ios
7916,2026-06-27 15:59:20,paid_search,annual,android
7917,2026-08-10 20:22:02,paid_search,monthly,web
7918,2026-06-16 17:03:08,organic,monthly,android
7919,2026-06-06 15:49:21,influencer,annual,ios
7920,2026-04-06 04:01:16,organic,monthly,web
7921,2026-05-26 15:26:20,organic,monthly,web
7922,2026-05-04 21:15:17,influencer,monthly,web
7923,2026-08-20 01:03:46,paid_search,monthly,ios
7924,2026-05-27 15:16:47,organic,monthly,web
7925,2026-07-23 04:17:14,organic,monthly,ios
7926,2026-08-30 04:17:00,organic,monthly,web
7927,2026-03-01 13:25:53,organic,monthly,ios
7928,2026-05-28 01:23:17,paid_search,annual,ios
7929,2026-05-02 06:35:46,influencer,monthly,android
7930,2026-07-23 16:08:16,referral,monthly,ios
7931,2026-07-01 03:51:16,referral,annual,ios
7932,2026-08-27 17:47:07,paid_search,annual,android
7933,2026-04-26 09:49:47,referral,monthly,web
7934,2026-04-20 04:22:31,paid_search,monthly,android
7935,2026-06-12 21:47:17,referral,monthly,android
7936,2026-05-27 11:37:42,organic,monthly,android
7937,2026-07-20 21:58:43,organic,annual,android
7938,2026-06-28 09:44:55,paid_search,annual,android
7939,2026-08-16 23:51:50,organic,monthly,ios
7940,2026-08-22 02:33:05,paid_search,annual,ios
7941,2026-06-08 05:25:48,influencer,monthly,android
7942,2026-07-29 03:33:42,paid_search,annual,web
7943,2026-05-04 11:45:33,influencer,monthly,ios
7944,2026-06-22 14:10:41,paid_search,monthly,android
7945,2026-05-11 15:22:29,paid_search,monthly,web
7946,2026-03-02 07:22:06,paid_search,monthly,ios
7947,2026-08-29 10:01:52,paid_search,annual,ios
7948,2026-07-07 07:12:08,influencer,annual,android
7949,2026-06-10 22:52:08,paid_search,monthly,web
7950,2026-05-17 22:40:44,referral,monthly,web
7951,2026-03-03 22:49:49,paid_search,monthly,ios
7952,2026-03-15 09:32:54,organic,monthly,android
7953,2026-03-10 18:47:04,organic,monthly,android
7954,2026-06-22 04:51:01,organic,monthly,web
7955,2026-05-09 10:57:57,organic,annual,ios
7956,2026-03-19 20:52:23,influencer,monthly,web
7957,2026-08-19 19:05:22,organic,monthly,web
7958,2026-07-15 03:56:20,paid_search,annual,ios
7959,2026-04-06 18:22:17,referral,monthly,ios
7960,2026-08-04 15:48:58,referral,monthly,web
7961,2026-04-17 10:57:56,influencer,monthly,web
7962,2026-03-22 23:38:00,organic,annual,ios
7963,2026-05-13 17:22:59,referral,monthly,ios
7964,2026-08-10 20:30:30,organic,annual,web
7965,2026-05-22 08:39:26,paid_search,annual,ios
7966,2026-04-23 08:56:28,organic,annual,ios
7967,2026-03-29 04:46:06,organic,monthly,web
7968,2026-07-14 09:33:09,referral,monthly,ios
7969,2026-04-22 18:03:23,referral,monthly,ios
7970,2026-05-14 20:33:03,paid_search,monthly,web
7971,2026-05-05 07:22:57,influencer,annual,ios
7972,2026-06-09 07:46:34,organic,monthly,android
7973,2026-05-25 14:31:01,paid_search,monthly,ios
7974,2026-05-06 02:57:13,organic,monthly,android
7975,2026-04-24 14:33:17,organic,monthly,android
7976,2026-05-18 13:49:08,organic,monthly,android
7977,2026-06-22 12:27:17,paid_search,annual,ios
7978,2026-07-28 04:47:59,influencer,annual,ios
7979,2026-07-26 22:19:00,referral,monthly,web
7980,2026-04-12 00:49:23,paid_search,monthly,ios
7981,2026-04-09 03:00:40,organic,annual,ios
7982,2026-04-25 01:44:23,referral,monthly,android
7983,2026-03-17 05:13:37,organic,annual,ios
7984,2026-03-24 08:10:06,paid_search,monthly,ios
7985,2026-08-24 12:58:03,referral,monthly,web
7986,2026-03-24 15:57:02,organic,monthly,ios
7987,2026-07-08 12:39:07,referral,annual,ios
7988,2026-07-07 09:51:21,organic,monthly,android
7989,2026-03-08 09:04:04,influencer,annual,ios
7990,2026-06-16 03:56:51,referral,annual,ios
7991,2026-04-20 00:22:43,influencer,monthly,ios
7992,2026-04-05 13:11:53,paid_search,annual,android
7993,2026-06-10 01:59:06,paid_search,monthly,web
7994,2026-06-30 23:14:59,referral,monthly,android
7995,2026-05-28 03:34:05,influencer,monthly,android
7996,2026-07-04 15:17:30,paid_search,monthly,ios
7997,2026-08-05 12:29:08,paid_search,monthly,web
7998,2026-07-16 21:22:45,influencer,monthly,android
7999,2026-06-08 07:35:25,referral,monthly,android
8000,2026-04-07 21:09:57,influencer,monthly,ios
8001,2026-06-11 22:31:18,paid_search,monthly,web
8002,2026-05-04 07:05:10,referral,annual,web
8003,2026-08-19 05:55:28,organic,monthly,ios
8004,2026-08-19 02:17:50,organic,monthly,ios
8005,2026-07-18 16:08:41,referral,monthly,android
8006,2026-06-22 16:59:33,organic,monthly,android
8007,2026-06-23 18:08:33,organic,monthly,android
8008,2026-06-22 22:17:20,organic,monthly,ios
8009,2026-04-30 22:27:53,organic,annual,ios
8010,2026-08-20 15:17:36,influencer,monthly,web
8011,2026-08-10 04:01:26,influencer,monthly,web
8012,2026-07-12 04:25:49,paid_search,annual,ios
8013,2026-08-09 13:17:44,organic,monthly,ios
8014,2026-07-09 03:27:28,paid_search,annual,android
8015,2026-03-09 02:44:55,paid_search,monthly,ios
8016,2026-03-03 23:52:46,organic,monthly,web
8017,2026-08-31 04:09:46,paid_search,monthly,web
8018,2026-04-26 23:21:53,organic,monthly,android
8019,2026-07-20 15:22:58,paid_search,monthly,android
8020,2026-05-13 20:43:32,paid_search,monthly,android
8021,2026-07-27 05:35:43,organic,annual,web
8022,2026-04-09 10:41:10,referral,annual,android
8023,2026-05-22 23:08:16,paid_search,annual,ios
8024,2026-03-12 16:07:14,referral,monthly,ios
8025,2026-08-08 16:34:54,paid_search,annual,web
8026,2026-08-30 22:07:40,organic,monthly,ios
8027,2026-08-10 14:23:31,paid_search,monthly,ios
8028,2026-03-11 02:27:38,influencer,annual,ios
8029,2026-07-26 23:42:52,paid_search,monthly,ios
8030,2026-07-27 08:29:11,referral,monthly,ios
8031,2026-08-22 17:11:37,paid_search,annual,web
8032,2026-04-30 18:40:58,paid_search,monthly,android
8033,2026-07-14 17:04:08,paid_search,monthly,android
8034,2026-08-13 23:17:33,referral,monthly,android
8035,2026-08-24 15:14:44,organic,monthly,ios
8036,2026-08-31 18:57:08,organic,annual,android
8037,2026-07-02 06:04:21,influencer,monthly,android
8038,2026-07-24 09:27:25,organic,annual,web
8039,2026-07-13 01:40:13,paid_search,monthly,ios
8040,2026-07-09 07:11:14,paid_search,annual,ios
8041,2026-08-15 00:08:14,organic,annual,ios
8042,2026-05-08 02:59:42,referral,monthly,ios
8043,2026-07-04 23:59:38,paid_search,monthly,ios
8044,2026-05-26 10:31:46,paid_search,annual,ios
8045,2026-04-13 10:12:56,paid_search,monthly,android
8046,2026-08-26 04:43:16,referral,monthly,web
8047,2026-07-20 16:54:21,organic,monthly,android
8048,2026-05-24 22:13:35,paid_search,annual,ios
8049,2026-03-25 06:44:01,paid_search,monthly,android
8050,2026-07-31 17:23:49,organic,annual,android
8051,2026-03-05 19:42:04,referral,monthly,ios
8052,2026-05-23 05:52:33,paid_search,monthly,android
8053,2026-05-23 14:57:21,organic,monthly,web
8054,2026-08-16 16:53:29,organic,annual,ios
8055,2026-04-26 01:04:54,organic,monthly,android
8056,2026-03-16 08:04:17,organic,monthly,android
8057,2026-04-27 18:05:38,paid_search,monthly,android
8058,2026-07-08 08:45:19,paid_search,annual,ios
8059,2026-05-19 07:15:11,paid_search,monthly,android
8060,2026-04-25 23:01:46,referral,monthly,android
8061,2026-05-17 04:48:33,paid_search,monthly,web
8062,2026-06-05 04:13:13,organic,monthly,android
8063,2026-08-17 06:27:23,organic,monthly,ios
8064,2026-04-12 08:46:14,paid_search,annual,ios
8065,2026-08-24 14:55:19,influencer,monthly,android
8066,2026-08-07 08:58:23,paid_search,monthly,android
8067,2026-07-26 12:27:03,influencer,monthly,web
8068,2026-08-16 20:00:41,referral,monthly,web
8069,2026-06-28 16:38:57,referral,monthly,android
8070,2026-04-01 06:57:11,paid_search,monthly,android
8071,2026-08-29 01:41:51,organic,monthly,android
8072,2026-03-31 04:48:02,paid_search,monthly,android
8073,2026-03-20 07:46:53,paid_search,monthly,ios
8074,2026-08-03 15:55:13,influencer,monthly,ios
8075,2026-07-18 05:58:16,paid_search,annual,ios
8076,2026-06-07 07:06:57,organic,monthly,android
8077,2026-03-30 18:45:55,referral,monthly,ios
8078,2026-07-13 08:45:31,influencer,monthly,android
8079,2026-03-06 20:08:55,referral,monthly,android
8080,2026-05-21 11:08:56,organic,annual,web
8081,2026-06-06 11:48:16,paid_search,monthly,ios
8082,2026-08-21 06:26:43,paid_search,annual,ios
8083,2026-07-19 01:54:54,paid_search,monthly,ios
8084,2026-04-29 18:48:27,referral,monthly,web
8085,2026-07-28 20:32:32,influencer,monthly,ios
8086,2026-08-16 22:09:53,organic,annual,ios
8087,2026-08-18 14:07:37,paid_search,monthly,web
8088,2026-06-13 05:27:03,organic,monthly,ios
8089,2026-04-24 00:01:56,organic,monthly,web
8090,2026-04-05 14:31:21,organic,annual,android
8091,2026-05-18 07:34:56,organic,annual,ios
8092,2026-03-19 05:22:32,organic,monthly,ios
8093,2026-04-08 05:18:59,paid_search,monthly,ios
8094,2026-08-31 20:39:41,referral,monthly,ios
8095,2026-05-26 11:03:28,organic,monthly,android
8096,2026-03-30 07:58:34,referral,monthly,web
8097,2026-06-05 16:51:38,referral,annual,android
8098,2026-03-26 08:23:33,influencer,annual,ios
8099,2026-03-07 22:41:06,paid_search,monthly,android
8100,2026-05-16 21:51:31,referral,monthly,android
8101,2026-07-05 10:47:39,referral,annual,android
8102,2026-05-26 19:30:11,referral,monthly,ios
8103,2026-06-06 16:28:59,referral,monthly,android
8104,2026-07-01 06:19:32,paid_search,monthly,ios
8105,2026-08-31 09:17:43,paid_search,annual,web
8106,2026-03-29 21:14:05,organic,annual,ios
8107,2026-03-14 12:29:29,paid_search,monthly,ios
8108,2026-03-12 19:31:37,organic,annual,android
8109,2026-03-22 20:50:32,organic,monthly,android
8110,2026-05-23 22:34:52,referral,annual,ios
8111,2026-08-30 09:03:18,referral,monthly,ios
8112,2026-03-22 19:15:56,paid_search,monthly,android
8113,2026-08-30 13:08:06,influencer,monthly,ios
8114,2026-03-08 22:26:22,paid_search,monthly,ios
8115,2026-07-20 14:18:26,referral,monthly,ios
8116,2026-08-11 22:26:17,paid_search,monthly,web
8117,2026-03-30 21:30:04,paid_search,monthly,ios
8118,2026-03-25 07:58:13,paid_search,monthly,ios
8119,2026-08-10 09:25:07,referral,annual,android
8120,2026-08-28 10:36:16,referral,monthly,ios
8121,2026-03-05 02:53:59,referral,monthly,ios
8122,2026-04-30 02:24:55,referral,monthly,ios
8123,2026-04-23 06:05:12,organic,monthly,ios
8124,2026-04-25 02:12:26,organic,monthly,web
8125,2026-05-26 21:29:07,paid_search,monthly,web
8126,2026-07-15 21:24:42,referral,monthly,android
8127,2026-08-01 00:22:40,organic,monthly,ios
8128,2026-03-20 15:54:59,referral,monthly,web
8129,2026-03-16 00:14:56,organic,monthly,web
8130,2026-07-04 12:09:23,organic,monthly,android
8131,2026-07-24 16:50:07,influencer,monthly,ios
8132,2026-04-07 10:13:24,paid_search,monthly,android
8133,2026-07-13 11:26:21,organic,monthly,android
8134,2026-06-24 13:33:50,influencer,annual,web
8135,2026-06-21 10:18:02,organic,monthly,android
8136,2026-04-07 03:09:43,referral,monthly,android
8137,2026-06-21 03:47:03,referral,annual,ios
8138,2026-08-09 10:08:16,organic,monthly,ios
8139,2026-03-24 13:04:30,organic,monthly,android
8140,2026-04-17 23:54:01,referral,monthly,android
8141,2026-05-09 13:44:47,influencer,monthly,ios
8142,2026-06-18 14:30:17,organic,monthly,android
8143,2026-06-18 14:09:30,paid_search,annual,ios
8144,2026-06-12 08:06:26,referral,monthly,web
8145,2026-03-28 08:08:31,referral,monthly,web
8146,2026-06-01 01:12:50,paid_search,annual,ios
8147,2026-04-17 04:57:14,influencer,monthly,ios
8148,2026-06-11 20:20:05,referral,monthly,ios
8149,2026-08-22 10:33:29,referral,monthly,ios
8150,2026-06-14 03:33:13,influencer,monthly,android
8151,2026-06-19 06:05:28,organic,annual,android
8152,2026-04-27 22:14:02,paid_search,monthly,web
8153,2026-03-10 08:58:56,referral,monthly,ios
8154,2026-08-28 03:46:53,paid_search,monthly,ios
8155,2026-05-24 04:27:03,referral,monthly,android
8156,2026-06-09 17:48:12,referral,monthly,ios
8157,2026-05-15 13:49:00,organic,monthly,android
8158,2026-08-02 19:32:39,paid_search,annual,android
8159,2026-07-19 10:20:14,referral,monthly,ios
8160,2026-06-12 20:48:27,paid_search,monthly,web
8161,2026-08-17 14:43:02,organic,monthly,web
8162,2026-04-26 03:52:44,referral,monthly,web
8163,2026-04-30 16:02:21,organic,annual,ios
8164,2026-07-10 04:33:48,referral,monthly,web
8165,2026-05-13 14:14:25,influencer,monthly,web
8166,2026-06-07 04:34:03,paid_search,annual,ios
8167,2026-05-28 14:11:25,paid_search,monthly,web
8168,2026-03-04 19:25:51,referral,monthly,ios
8169,2026-07-04 11:46:22,organic,annual,ios
8170,2026-03-31 20:37:47,organic,monthly,ios
8171,2026-08-21 23:56:16,influencer,annual,ios
8172,2026-03-01 18:11:30,referral,monthly,ios
8173,2026-06-04 06:46:52,referral,annual,ios
8174,2026-04-03 18:41:07,organic,monthly,android
8175,2026-08-12 16:06:36,organic,monthly,ios
8176,2026-07-09 11:14:24,organic,annual,android
8177,2026-08-03 11:55:41,referral,monthly,android
8178,2026-06-05 02:54:09,referral,annual,android
8179,2026-08-22 05:11:16,organic,annual,web
8180,2026-03-15 22:40:13,influencer,annual,android
8181,2026-03-04 09:18:20,organic,monthly,android
8182,2026-08-08 20:23:51,paid_search,monthly,ios
8183,2026-03-05 11:05:28,paid_search,monthly,android
8184,2026-05-10 15:56:02,referral,monthly,ios
8185,2026-04-24 03:06:52,organic,annual,ios
8186,2026-07-28 14:52:56,paid_search,monthly,android
8187,2026-07-12 05:57:21,influencer,monthly,android
8188,2026-07-21 15:04:40,paid_search,monthly,web
8189,2026-08-13 16:36:32,paid_search,monthly,ios
8190,2026-06-21 15:41:23,influencer,monthly,ios
8191,2026-08-03 10:18:25,paid_search,monthly,android
8192,2026-05-22 14:39:16,organic,monthly,ios
8193,2026-06-24 17:07:12,influencer,monthly,ios
8194,2026-05-03 20:00:37,organic,monthly,android
8195,2026-05-26 08:04:50,referral,monthly,web
8196,2026-05-31 22:11:37,paid_search,monthly,android
8197,2026-08-16 18:19:58,paid_search,monthly,android
8198,2026-06-16 03:01:27,influencer,monthly,web
8199,2026-05-31 09:49:42,paid_search,monthly,android
8200,2026-07-12 13:51:37,organic,monthly,web
8201,2026-05-17 02:50:39,organic,monthly,ios
8202,2026-05-06 17:41:51,paid_search,monthly,android
8203,2026-06-10 08:38:39,organic,monthly,ios
8204,2026-07-07 10:09:42,organic,monthly,web
8205,2026-03-11 14:50:57,influencer,annual,ios
8206,2026-04-25 15:47:21,organic,monthly,web
8207,2026-06-20 04:11:56,referral,monthly,ios
8208,2026-05-05 21:06:03,paid_search,monthly,ios
8209,2026-03-16 18:12:54,organic,annual,android
8210,2026-04-17 23:29:42,organic,monthly,android
8211,2026-05-18 16:01:38,organic,monthly,ios
8212,2026-05-30 11:20:08,organic,monthly,android
8213,2026-08-19 11:22:30,influencer,monthly,web
8214,2026-08-08 08:32:37,organic,annual,ios
8215,2026-08-17 10:22:53,organic,monthly,ios
8216,2026-08-16 19:43:21,referral,monthly,ios
8217,2026-07-30 14:51:34,referral,monthly,web
8218,2026-05-29 13:17:16,referral,monthly,ios
8219,2026-06-14 14:43:08,organic,monthly,android
8220,2026-06-29 22:08:14,influencer,monthly,web
8221,2026-08-21 14:56:58,influencer,monthly,android
8222,2026-04-28 00:02:50,influencer,monthly,android
8223,2026-07-17 10:11:44,paid_search,monthly,ios
8224,2026-06-17 00:45:37,paid_search,annual,ios
8225,2026-04-12 17:52:59,influencer,annual,ios
8226,2026-05-22 05:24:18,paid_search,monthly,ios
8227,2026-06-23 14:29:18,paid_search,monthly,ios
8228,2026-07-05 07:44:00,referral,monthly,web
8229,2026-06-10 14:19:47,paid_search,monthly,ios
8230,2026-07-17 00:35:20,referral,monthly,ios
8231,2026-08-23 01:08:31,influencer,monthly,ios
8232,2026-05-01 18:32:34,referral,monthly,web
8233,2026-04-16 22:00:36,paid_search,monthly,web
8234,2026-07-25 17:33:57,influencer,monthly,android
8235,2026-08-25 15:36:35,influencer,annual,android
8236,2026-08-23 22:44:04,organic,annual,ios
8237,2026-06-07 15:13:16,paid_search,annual,ios
8238,2026-06-12 20:30:27,organic,monthly,web
8239,2026-07-17 04:58:23,organic,monthly,android
8240,2026-03-16 17:40:25,organic,monthly,web
8241,2026-08-15 08:04:31,referral,annual,android
8242,2026-07-14 02:21:08,organic,monthly,android
8243,2026-05-29 23:29:15,referral,monthly,ios
8244,2026-05-07 20:09:06,organic,monthly,ios
8245,2026-07-03 11:33:55,organic,monthly,android
8246,2026-06-25 11:04:30,referral,annual,ios
8247,2026-07-18 21:08:17,referral,monthly,android
8248,2026-04-19 03:37:07,referral,monthly,ios
8249,2026-03-04 03:38:34,organic,monthly,android
8250,2026-04-15 18:49:17,referral,annual,ios
8251,2026-06-27 10:20:02,referral,monthly,android
8252,2026-04-18 13:04:14,paid_search,annual,android
8253,2026-04-29 16:20:37,referral,annual,web
8254,2026-05-15 00:37:38,paid_search,monthly,android
8255,2026-06-03 18:35:01,paid_search,monthly,ios
8256,2026-07-06 14:07:05,influencer,monthly,android
8257,2026-06-24 23:02:05,influencer,monthly,web
8258,2026-07-13 09:32:43,paid_search,monthly,web
8259,2026-07-06 06:24:16,organic,annual,web
8260,2026-04-13 15:00:06,paid_search,monthly,ios
8261,2026-07-25 02:37:33,referral,monthly,ios
8262,2026-05-28 20:31:19,paid_search,monthly,android
8263,2026-04-05 17:20:46,paid_search,annual,ios
8264,2026-08-14 01:41:17,organic,monthly,ios
8265,2026-03-18 10:51:01,influencer,monthly,web
8266,2026-06-29 08:16:14,influencer,monthly,android
8267,2026-06-07 15:39:37,organic,monthly,android
8268,2026-05-01 09:26:24,organic,monthly,web
8269,2026-04-11 12:14:29,paid_search,annual,android
8270,2026-07-19 23:56:10,referral,monthly,web
8271,2026-07-25 02:38:56,influencer,monthly,ios
8272,2026-08-02 11:46:33,influencer,monthly,ios
8273,2026-08-25 04:28:04,influencer,monthly,android
8274,2026-04-03 06:38:36,organic,monthly,android
8275,2026-05-10 01:01:36,referral,annual,ios
8276,2026-07-06 04:36:38,organic,monthly,android
8277,2026-05-05 05:06:07,paid_search,monthly,ios
8278,2026-04-20 06:20:06,influencer,annual,ios
8279,2026-05-13 00:50:37,organic,annual,ios
8280,2026-05-24 00:57:43,referral,monthly,android
8281,2026-07-27 17:07:31,organic,monthly,android
8282,2026-08-16 01:44:43,influencer,annual,android
8283,2026-05-30 04:58:36,organic,monthly,android
8284,2026-03-03 14:15:08,organic,monthly,ios
8285,2026-04-28 13:36:55,paid_search,monthly,web
8286,2026-03-01 14:21:11,paid_search,monthly,ios
8287,2026-07-19 23:11:59,paid_search,monthly,ios
8288,2026-07-26 20:11:57,organic,monthly,android
8289,2026-07-11 16:24:26,paid_search,monthly,web
8290,2026-04-29 16:17:03,paid_search,monthly,android
8291,2026-04-24 11:14:00,organic,annual,ios
8292,2026-08-14 00:24:16,paid_search,monthly,android
8293,2026-05-12 11:05:56,organic,monthly,web
8294,2026-06-26 00:33:59,referral,monthly,android
8295,2026-03-19 02:40:34,referral,monthly,ios
8296,2026-06-04 12:45:20,referral,monthly,android
8297,2026-07-30 20:45:45,organic,monthly,android
8298,2026-06-20 17:08:13,influencer,monthly,android
8299,2026-08-22 00:45:01,influencer,monthly,ios
8300,2026-07-21 10:28:06,paid_search,annual,android
8301,2026-05-17 22:27:23,organic,annual,ios
8302,2026-05-09 11:47:21,paid_search,annual,web
8303,2026-08-05 02:53:21,paid_search,monthly,ios
8304,2026-05-28 05:40:08,paid_search,annual,ios
8305,2026-05-15 23:31:17,paid_search,annual,android
8306,2026-05-06 19:04:48,organic,annual,ios
8307,2026-08-27 15:23:38,organic,monthly,ios
8308,2026-03-14 12:57:08,organic,monthly,android
8309,2026-05-19 18:35:00,referral,monthly,ios
8310,2026-08-17 09:27:30,paid_search,monthly,ios
8311,2026-08-12 06:35:22,influencer,monthly,ios
8312,2026-07-31 02:15:47,influencer,monthly,web
8313,2026-04-25 01:10:36,referral,annual,android
8314,2026-08-31 07:56:08,organic,monthly,web
8315,2026-07-10 01:38:52,paid_search,monthly,android
8316,2026-04-24 16:04:00,paid_search,monthly,web
8317,2026-05-07 17:34:59,paid_search,annual,ios
8318,2026-03-30 01:56:10,referral,monthly,ios
8319,2026-06-01 09:39:08,referral,monthly,android
8320,2026-05-10 14:36:34,organic,monthly,ios
8321,2026-07-12 19:29:18,organic,annual,ios
8322,2026-03-17 13:17:03,paid_search,monthly,web
8323,2026-06-24 02:39:45,influencer,annual,android
8324,2026-05-08 06:31:43,paid_search,annual,android
8325,2026-04-25 07:10:54,referral,monthly,web
8326,2026-03-07 10:46:09,influencer,monthly,ios
8327,2026-08-28 17:53:18,paid_search,annual,android
8328,2026-03-23 09:08:27,influencer,monthly,web
8329,2026-03-08 19:17:38,paid_search,monthly,ios
8330,2026-07-30 14:55:02,influencer,annual,android
8331,2026-08-14 05:19:03,organic,monthly,web
8332,2026-04-12 20:15:11,referral,annual,ios
8333,2026-06-27 03:21:19,organic,monthly,ios
8334,2026-06-06 11:44:23,paid_search,monthly,android
8335,2026-04-14 15:05:27,paid_search,annual,ios
8336,2026-08-17 14:33:07,influencer,monthly,web
8337,2026-03-04 12:23:00,organic,monthly,web
8338,2026-05-26 12:28:13,paid_search,annual,ios
8339,2026-08-19 19:29:54,referral,monthly,android
8340,2026-08-17 23:38:08,paid_search,annual,android
8341,2026-07-20 18:09:38,influencer,monthly,ios
8342,2026-05-29 09:00:44,organic,monthly,ios
8343,2026-04-18 13:48:22,paid_search,monthly,ios
8344,2026-07-31 16:28:43,organic,monthly,ios
8345,2026-03-02 06:38:00,referral,monthly,ios
8346,2026-06-11 20:34:54,paid_search,monthly,ios
8347,2026-08-27 19:27:51,influencer,monthly,android
8348,2026-08-14 15:08:39,organic,monthly,web
8349,2026-05-31 05:35:13,influencer,monthly,web
8350,2026-07-11 12:06:05,organic,monthly,android
8351,2026-08-10 15:12:04,organic,monthly,android
8352,2026-06-09 05:27:18,paid_search,monthly,android
8353,2026-07-15 10:46:29,paid_search,monthly,ios
8354,2026-03-27 02:44:26,referral,annual,web
8355,2026-05-29 17:51:53,organic,monthly,web
8356,2026-06-01 20:59:24,paid_search,monthly,ios
8357,2026-07-29 15:00:32,referral,monthly,ios
8358,2026-05-08 19:12:16,paid_search,annual,ios
8359,2026-03-22 00:50:00,organic,monthly,ios
8360,2026-03-08 22:39:19,referral,annual,android
8361,2026-06-25 15:33:56,paid_search,monthly,ios
8362,2026-05-02 08:17:27,referral,monthly,ios
8363,2026-04-29 13:00:47,paid_search,monthly,ios
8364,2026-03-31 19:27:18,organic,monthly,ios
8365,2026-08-27 22:34:16,paid_search,monthly,web
8366,2026-08-12 07:27:12,influencer,monthly,android
8367,2026-05-14 15:47:16,paid_search,annual,ios
8368,2026-08-19 17:36:07,influencer,monthly,ios
8369,2026-08-31 11:09:25,paid_search,monthly,android
8370,2026-06-07 02:48:56,referral,monthly,web
8371,2026-03-02 04:58:09,paid_search,monthly,android
8372,2026-06-02 18:56:13,referral,monthly,web
8373,2026-05-24 15:09:25,organic,monthly,android
8374,2026-04-13 22:12:48,paid_search,monthly,ios
8375,2026-04-18 09:50:56,paid_search,annual,android
8376,2026-05-09 21:09:39,organic,annual,ios
8377,2026-05-04 08:40:39,organic,monthly,web
8378,2026-08-30 19:42:36,influencer,monthly,android
8379,2026-07-30 05:35:20,organic,monthly,ios
8380,2026-05-19 17:49:29,referral,monthly,android
8381,2026-06-16 16:31:34,referral,monthly,ios
8382,2026-03-07 03:59:40,paid_search,monthly,ios
8383,2026-05-06 07:45:00,paid_search,monthly,android
8384,2026-07-28 15:33:45,paid_search,monthly,web
8385,2026-05-11 08:49:09,organic,annual,web
8386,2026-06-18 19:14:07,organic,monthly,android
8387,2026-08-26 21:26:40,organic,monthly,android
8388,2026-05-13 20:39:16,paid_search,monthly,ios
8389,2026-03-10 14:50:23,influencer,monthly,android
8390,2026-06-20 21:30:21,organic,annual,ios
8391,2026-04-19 08:30:51,paid_search,monthly,android
8392,2026-04-05 11:17:12,paid_search,monthly,android
8393,2026-05-26 08:51:58,influencer,monthly,web
8394,2026-07-11 01:44:17,organic,monthly,ios
8395,2026-03-25 23:00:06,organic,annual,web
8396,2026-07-15 11:37:30,referral,monthly,android
8397,2026-05-21 04:04:08,paid_search,annual,web
8398,2026-08-15 16:12:16,influencer,annual,ios
8399,2026-03-27 17:50:59,organic,annual,android
8400,2026-04-10 08:17:07,referral,monthly,android
8401,2026-08-05 21:14:33,influencer,annual,ios
8402,2026-08-01 13:34:25,influencer,monthly,ios
8403,2026-03-10 18:48:49,organic,monthly,android
8404,2026-05-30 02:21:04,organic,monthly,android
8405,2026-04-20 01:18:29,referral,monthly,web
8406,2026-08-01 18:36:40,paid_search,annual,web
8407,2026-05-18 14:24:10,paid_search,monthly,ios
8408,2026-05-23 18:07:52,paid_search,monthly,web
8409,2026-08-06 14:29:43,organic,monthly,ios
8410,2026-08-15 20:09:24,influencer,monthly,android
8411,2026-05-08 18:59:35,referral,annual,ios
8412,2026-08-17 18:39:25,influencer,monthly,ios
8413,2026-05-09 21:15:54,paid_search,monthly,android
8414,2026-05-29 11:14:58,paid_search,annual,web
8415,2026-06-29 18:17:06,organic,annual,ios
8416,2026-06-07 16:04:57,organic,monthly,ios
8417,2026-08-25 09:57:56,organic,annual,ios
8418,2026-06-10 19:00:32,influencer,monthly,ios
8419,2026-03-12 04:57:27,referral,annual,ios
8420,2026-08-12 12:45:10,organic,annual,ios
8421,2026-07-07 23:48:08,paid_search,monthly,android
8422,2026-04-07 23:29:22,influencer,monthly,android
8423,2026-08-25 08:28:05,organic,monthly,web
8424,2026-06-28 01:22:00,paid_search,monthly,android
8425,2026-03-20 22:26:10,organic,annual,android
8426,2026-05-26 16:00:52,referral,monthly,ios
8427,2026-08-13 08:43:39,paid_search,monthly,android
8428,2026-05-09 00:52:03,influencer,monthly,web
8429,2026-04-15 01:43:29,paid_search,monthly,android
8430,2026-04-07 12:29:05,organic,monthly,ios
8431,2026-03-10 08:06:57,referral,monthly,ios
8432,2026-05-27 23:38:46,paid_search,monthly,web
8433,2026-06-20 16:05:41,organic,monthly,ios
8434,2026-05-07 02:31:20,paid_search,monthly,web
8435,2026-08-22 13:14:45,paid_search,monthly,android
8436,2026-05-03 15:12:09,influencer,monthly,ios
8437,2026-04-18 05:11:49,paid_search,monthly,android
8438,2026-04-27 11:11:52,referral,monthly,ios
8439,2026-08-09 04:26:11,influencer,annual,android
8440,2026-06-10 17:35:22,organic,monthly,ios
8441,2026-07-03 14:07:00,influencer,annual,web
8442,2026-07-25 04:52:18,paid_search,monthly,android
8443,2026-05-12 05:37:03,paid_search,monthly,web
8444,2026-03-23 13:54:24,referral,monthly,android
8445,2026-05-19 19:15:45,organic,monthly,ios
8446,2026-03-21 15:33:25,referral,annual,web
8447,2026-07-27 04:51:57,organic,annual,web
8448,2026-08-08 19:11:53,paid_search,monthly,ios
8449,2026-08-22 09:30:52,paid_search,monthly,web
8450,2026-04-17 08:58:41,paid_search,monthly,android
8451,2026-04-30 16:23:03,paid_search,monthly,android
8452,2026-07-10 01:38:52,organic,annual,web
8453,2026-05-22 10:21:20,organic,monthly,web
8454,2026-03-06 00:26:04,referral,annual,android
8455,2026-07-24 22:59:53,organic,monthly,android
8456,2026-05-13 19:21:11,organic,annual,android
8457,2026-04-26 21:46:41,paid_search,monthly,ios
8458,2026-07-23 16:39:28,organic,monthly,android
8459,2026-04-04 07:24:07,organic,monthly,ios
8460,2026-03-21 23:01:32,paid_search,monthly,ios
8461,2026-04-28 05:57:36,paid_search,monthly,android
8462,2026-03-04 07:40:34,paid_search,monthly,ios
8463,2026-06-11 04:30:47,organic,monthly,web
8464,2026-05-28 02:57:42,referral,monthly,android
8465,2026-04-08 20:25:25,organic,monthly,android
8466,2026-08-16 06:49:32,referral,annual,android
8467,2026-07-30 19:47:43,paid_search,monthly,web
8468,2026-04-25 09:35:30,paid_search,annual,ios
8469,2026-06-29 10:28:26,organic,monthly,ios
8470,2026-05-17 21:25:16,organic,monthly,android
8471,2026-07-30 17:40:07,organic,monthly,ios
8472,2026-08-28 22:13:30,referral,monthly,web
8473,2026-04-03 09:01:36,influencer,annual,android
8474,2026-05-23 21:20:12,referral,monthly,android
8475,2026-04-19 15:17:22,organic,monthly,web
8476,2026-08-22 04:09:02,organic,annual,ios
8477,2026-04-06 02:57:55,influencer,monthly,android
8478,2026-04-25 05:57:37,organic,monthly,android
8479,2026-08-28 11:46:17,paid_search,monthly,ios
8480,2026-07-05 02:53:11,referral,monthly,ios
8481,2026-04-25 16:22:55,referral,monthly,android
8482,2026-07-16 02:31:39,paid_search,annual,ios
8483,2026-08-07 06:23:44,influencer,monthly,android
8484,2026-04-01 20:49:55,organic,monthly,android
8485,2026-06-27 15:57:27,influencer,annual,web
8486,2026-07-06 03:00:29,organic,monthly,android
8487,2026-05-13 14:45:13,influencer,monthly,android
8488,2026-05-19 12:43:50,referral,monthly,android
8489,2026-07-07 21:29:21,paid_search,monthly,ios
8490,2026-08-07 22:09:16,paid_search,annual,web
8491,2026-03-08 19:32:26,influencer,annual,ios
8492,2026-04-21 02:08:45,referral,monthly,android
8493,2026-07-26 05:16:52,referral,annual,ios
8494,2026-03-01 13:53:01,organic,monthly,ios
8495,2026-07-30 01:03:25,paid_search,monthly,ios
8496,2026-05-14 09:00:12,paid_search,annual,web
8497,2026-07-04 21:24:09,paid_search,monthly,ios
8498,2026-03-28 08:38:55,paid_search,annual,ios
8499,2026-04-23 09:40:59,organic,monthly,android
8500,2026-07-28 12:34:37,referral,monthly,ios
8501,2026-04-03 10:06:34,paid_search,monthly,ios
8502,2026-03-18 02:24:52,paid_search,annual,web
8503,2026-07-04 16:50:02,organic,monthly,android
8504,2026-04-23 19:07:35,organic,monthly,ios
8505,2026-05-18 21:24:46,influencer,monthly,android
8506,2026-05-15 02:11:59,influencer,monthly,web
8507,2026-05-02 18:43:41,organic,monthly,android
8508,2026-07-30 05:49:17,organic,monthly,android
8509,2026-05-09 20:04:11,organic,annual,web
8510,2026-03-26 19:00:31,paid_search,annual,android
8511,2026-05-12 04:35:33,organic,monthly,android
8512,2026-07-22 14:57:03,organic,monthly,android
8513,2026-06-06 05:42:56,referral,monthly,web
8514,2026-05-27 06:17:52,referral,annual,web
8515,2026-07-29 03:40:57,paid_search,annual,android
8516,2026-08-02 12:43:29,referral,monthly,ios
8517,2026-04-10 16:24:20,referral,monthly,android
8518,2026-08-26 09:54:31,influencer,monthly,android
8519,2026-08-12 02:16:22,referral,monthly,ios
8520,2026-04-12 14:49:04,organic,annual,ios
8521,2026-07-19 00:38:09,paid_search,annual,android
8522,2026-06-23 09:53:22,paid_search,annual,android
8523,2026-05-19 20:03:10,organic,annual,web
8524,2026-05-28 23:08:12,referral,monthly,web
8525,2026-08-12 01:12:40,influencer,annual,android
8526,2026-05-14 00:35:01,referral,monthly,ios
8527,2026-04-29 23:49:36,organic,monthly,web
8528,2026-07-15 10:57:53,organic,monthly,ios
8529,2026-04-19 21:00:27,influencer,monthly,android
8530,2026-08-24 08:28:45,paid_search,monthly,android
8531,2026-04-05 18:57:11,paid_search,monthly,ios
8532,2026-08-22 10:39:12,organic,monthly,ios
8533,2026-07-05 07:56:40,paid_search,monthly,ios
8534,2026-08-30 01:00:00,referral,monthly,ios
8535,2026-07-30 22:33:58,paid_search,annual,ios
8536,2026-03-12 14:08:27,referral,monthly,android
8537,2026-07-12 22:34:36,referral,monthly,web
8538,2026-04-19 13:37:38,organic,monthly,ios
8539,2026-03-31 12:14:48,organic,monthly,ios
8540,2026-05-18 14:45:34,paid_search,monthly,android
8541,2026-05-30 07:57:33,paid_search,monthly,ios
8542,2026-03-07 07:37:57,organic,monthly,android
8543,2026-07-28 19:22:46,referral,monthly,web
8544,2026-05-22 08:35:46,referral,monthly,ios
8545,2026-04-20 04:29:02,influencer,monthly,ios
8546,2026-05-17 23:41:30,organic,monthly,android
8547,2026-03-05 02:37:05,referral,annual,ios
8548,2026-05-31 23:36:04,paid_search,monthly,ios
8549,2026-08-23 23:53:24,organic,monthly,web
8550,2026-04-03 02:02:25,referral,annual,android
8551,2026-03-05 11:23:35,organic,monthly,ios
8552,2026-06-04 15:53:00,influencer,monthly,ios
8553,2026-04-15 12:22:31,organic,monthly,android
8554,2026-04-10 19:44:56,organic,annual,web
8555,2026-04-09 16:54:55,paid_search,monthly,ios
8556,2026-05-24 19:08:37,influencer,annual,ios
8557,2026-04-12 09:45:04,referral,monthly,ios
8558,2026-03-20 04:40:03,influencer,monthly,android
8559,2026-04-17 00:27:28,paid_search,monthly,android
8560,2026-07-23 14:32:04,influencer,monthly,ios
8561,2026-05-08 20:25:39,organic,monthly,web
8562,2026-06-03 18:29:45,organic,monthly,ios
8563,2026-04-21 23:56:47,influencer,monthly,web
8564,2026-07-28 06:58:41,organic,annual,ios
8565,2026-07-05 04:01:37,referral,monthly,android
8566,2026-06-18 00:40:06,referral,annual,ios
8567,2026-04-02 23:22:22,organic,monthly,android
8568,2026-05-20 08:27:26,paid_search,monthly,web
8569,2026-04-30 09:02:38,organic,annual,web
8570,2026-06-27 17:45:23,organic,monthly,ios
8571,2026-06-03 20:09:13,referral,monthly,ios
8572,2026-08-27 15:58:28,paid_search,monthly,android
8573,2026-03-06 06:57:41,organic,annual,android
8574,2026-04-08 18:48:18,organic,monthly,android
8575,2026-07-16 03:16:24,paid_search,annual,android
8576,2026-06-28 23:57:57,referral,annual,android
8577,2026-05-04 18:58:38,referral,monthly,ios
8578,2026-05-14 21:54:34,referral,annual,ios
8579,2026-07-03 22:18:49,paid_search,monthly,android
8580,2026-07-24 01:16:32,paid_search,monthly,web
8581,2026-04-23 01:58:08,paid_search,annual,android
8582,2026-08-31 05:21:17,organic,monthly,ios
8583,2026-08-28 14:57:15,organic,annual,ios
8584,2026-08-18 03:58:12,organic,monthly,ios
8585,2026-08-13 19:23:18,paid_search,monthly,ios
8586,2026-07-01 02:36:27,referral,annual,ios
8587,2026-04-08 02:46:31,influencer,monthly,android
8588,2026-08-01 13:54:29,referral,monthly,ios
8589,2026-06-30 21:16:55,paid_search,monthly,ios
8590,2026-03-19 20:07:34,referral,annual,android
8591,2026-03-01 18:31:19,referral,monthly,ios
8592,2026-05-30 19:45:06,referral,monthly,android
8593,2026-03-06 11:34:23,paid_search,monthly,android
8594,2026-04-29 10:16:53,referral,monthly,ios
8595,2026-06-07 19:36:38,organic,annual,web
8596,2026-06-10 22:55:01,paid_search,monthly,web
8597,2026-08-12 11:44:58,paid_search,monthly,web
8598,2026-07-14 12:42:37,influencer,monthly,android
8599,2026-05-03 22:21:49,influencer,monthly,web
8600,2026-04-18 08:30:16,organic,monthly,ios
8601,2026-04-13 02:31:35,paid_search,monthly,web
8602,2026-06-20 07:51:47,organic,annual,ios
8603,2026-08-02 13:09:48,influencer,monthly,android
8604,2026-05-26 16:05:22,paid_search,monthly,ios
8605,2026-04-08 20:40:34,organic,annual,ios
8606,2026-08-08 14:12:13,referral,monthly,ios
8607,2026-08-30 22:10:59,referral,monthly,android
8608,2026-08-02 00:28:43,organic,monthly,android
8609,2026-03-17 15:25:48,paid_search,monthly,android
8610,2026-06-25 07:53:58,referral,monthly,web
8611,2026-07-08 02:34:16,paid_search,monthly,ios
8612,2026-07-08 07:07:38,paid_search,annual,android
8613,2026-05-22 21:53:53,referral,monthly,web
8614,2026-04-13 07:31:14,paid_search,annual,web
8615,2026-03-02 15:03:46,paid_search,monthly,ios
8616,2026-06-22 01:06:51,organic,monthly,android
8617,2026-03-24 03:30:56,paid_search,monthly,android
8618,2026-07-27 23:59:07,paid_search,monthly,android
8619,2026-07-29 02:45:54,paid_search,annual,android
8620,2026-07-18 07:51:58,organic,monthly,android
8621,2026-04-19 05:08:57,referral,annual,ios
8622,2026-03-28 22:45:24,organic,monthly,android
8623,2026-07-29 08:09:07,paid_search,monthly,android
8624,2026-05-21 16:50:02,paid_search,monthly,web
8625,2026-05-24 16:42:05,paid_search,monthly,android
8626,2026-06-13 15:06:22,referral,annual,web
8627,2026-04-01 19:48:13,referral,monthly,ios
8628,2026-08-09 04:36:34,organic,monthly,android
8629,2026-06-06 04:09:42,organic,monthly,web
8630,2026-07-31 20:50:44,paid_search,monthly,ios
8631,2026-03-03 07:48:28,paid_search,annual,android
8632,2026-08-15 23:19:00,organic,monthly,android
8633,2026-05-11 02:21:23,influencer,monthly,web
8634,2026-04-07 17:05:41,paid_search,annual,web
8635,2026-08-27 21:09:51,paid_search,monthly,ios
8636,2026-07-21 07:40:08,paid_search,monthly,android
8637,2026-05-06 11:52:17,paid_search,monthly,android
8638,2026-07-01 12:47:46,organic,annual,ios
8639,2026-08-15 22:21:51,referral,monthly,android
8640,2026-06-28 01:38:18,referral,monthly,ios
8641,2026-08-10 20:14:43,organic,monthly,android
8642,2026-06-07 02:02:44,organic,monthly,ios
8643,2026-06-15 10:39:54,referral,monthly,android
8644,2026-06-29 23:53:25,influencer,monthly,ios
8645,2026-07-04 12:47:22,paid_search,annual,ios
8646,2026-05-05 21:07:40,influencer,annual,android
8647,2026-05-25 21:16:46,paid_search,monthly,android
8648,2026-03-10 10:45:47,paid_search,monthly,android
8649,2026-03-31 04:05:11,paid_search,monthly,android
8650,2026-03-06 16:52:49,paid_search,monthly,web
8651,2026-08-10 21:28:12,paid_search,monthly,ios
8652,2026-07-03 23:08:45,referral,annual,web
8653,2026-07-26 19:26:57,organic,monthly,ios
8654,2026-07-29 14:33:50,paid_search,annual,web
8655,2026-07-06 07:34:31,organic,monthly,android
8656,2026-05-16 00:57:51,organic,monthly,ios
8657,2026-04-20 10:11:21,influencer,monthly,android
8658,2026-08-01 17:11:49,organic,monthly,android
8659,2026-07-01 10:03:11,organic,monthly,ios
8660,2026-05-22 22:24:23,paid_search,monthly,ios
8661,2026-05-14 21:44:01,influencer,monthly,android
8662,2026-05-13 14:26:31,influencer,monthly,ios
8663,2026-04-01 20:09:11,organic,monthly,android
8664,2026-06-29 14:08:13,paid_search,monthly,web
8665,2026-05-06 16:53:56,paid_search,monthly,web
8666,2026-07-14 20:10:20,influencer,monthly,web
8667,2026-08-06 20:36:10,paid_search,annual,web
8668,2026-08-31 19:29:48,referral,monthly,android
8669,2026-03-12 04:18:33,paid_search,monthly,ios
8670,2026-06-21 03:41:42,organic,annual,android
8671,2026-04-30 11:38:03,paid_search,monthly,ios
8672,2026-08-23 23:16:43,influencer,monthly,ios
8673,2026-07-27 15:33:54,organic,monthly,ios
8674,2026-06-09 03:23:17,organic,monthly,web
8675,2026-04-05 17:22:07,paid_search,monthly,web
8676,2026-08-20 14:11:15,referral,monthly,ios
8677,2026-07-19 12:29:40,organic,annual,ios
8678,2026-05-25 08:56:20,referral,monthly,android
8679,2026-08-29 07:14:27,referral,monthly,ios
8680,2026-05-11 17:28:17,organic,monthly,ios
8681,2026-05-28 11:29:22,paid_search,monthly,web
8682,2026-05-11 00:25:40,paid_search,monthly,android
8683,2026-04-13 02:03:51,influencer,monthly,web
8684,2026-03-22 21:58:44,referral,annual,web
8685,2026-03-17 06:29:34,paid_search,monthly,android
8686,2026-03-09 16:43:44,paid_search,monthly,ios
8687,2026-08-12 21:56:15,organic,monthly,ios
8688,2026-06-23 21:38:48,influencer,monthly,android
8689,2026-08-16 05:13:47,referral,annual,ios
8690,2026-05-01 06:32:37,organic,monthly,web
8691,2026-04-04 21:20:57,paid_search,annual,android
8692,2026-05-30 00:25:47,referral,monthly,web
8693,2026-04-28 01:12:05,paid_search,monthly,android
8694,2026-05-12 14:53:44,organic,monthly,ios
8695,2026-04-26 02:06:12,referral,annual,ios
8696,2026-03-13 23:48:16,organic,monthly,ios
8697,2026-06-04 23:06:05,organic,monthly,web
8698,2026-06-21 21:37:20,referral,monthly,web
8699,2026-08-04 17:47:26,referral,monthly,android
8700,2026-07-20 03:05:50,paid_search,monthly,android
8701,2026-06-03 22:08:37,paid_search,monthly,ios
8702,2026-06-15 01:59:32,influencer,monthly,web
8703,2026-04-04 03:44:45,organic,annual,ios
8704,2026-07-11 09:59:23,referral,monthly,ios
8705,2026-03-16 04:21:15,referral,monthly,android
8706,2026-06-02 17:06:06,paid_search,monthly,android
8707,2026-07-08 14:04:13,referral,monthly,android
8708,2026-07-03 01:47:06,referral,monthly,web
8709,2026-08-22 22:59:18,organic,annual,web
8710,2026-05-01 13:49:19,organic,monthly,android
8711,2026-08-31 19:29:51,paid_search,monthly,ios
8712,2026-05-26 00:10:36,paid_search,monthly,android
8713,2026-08-02 09:41:08,organic,monthly,android
8714,2026-08-14 21:50:46,referral,monthly,web
8715,2026-05-28 07:22:29,organic,monthly,web
8716,2026-05-20 05:55:13,influencer,monthly,android
8717,2026-03-17 20:00:15,referral,monthly,web
8718,2026-03-22 06:21:27,paid_search,annual,ios
8719,2026-07-08 14:36:18,organic,monthly,android
8720,2026-07-28 04:23:04,referral,monthly,android
8721,2026-06-13 22:16:42,paid_search,monthly,android
8722,2026-04-10 00:33:14,referral,monthly,android
8723,2026-03-09 01:08:30,influencer,monthly,web
8724,2026-08-29 07:02:28,referral,annual,web
8725,2026-07-08 15:06:29,referral,annual,android
8726,2026-03-14 03:48:32,paid_search,monthly,ios
8727,2026-04-01 04:56:38,referral,annual,android
8728,2026-07-23 18:55:23,paid_search,monthly,ios
8729,2026-08-16 12:11:28,paid_search,annual,android
8730,2026-05-23 23:21:51,organic,annual,android
8731,2026-05-24 20:35:31,organic,annual,ios
8732,2026-05-17 18:36:54,influencer,annual,android
8733,2026-08-24 19:46:48,paid_search,monthly,ios
8734,2026-04-23 04:36:58,paid_search,monthly,ios
8735,2026-07-02 08:38:20,referral,monthly,ios
8736,2026-07-20 02:18:31,referral,monthly,ios
8737,2026-04-05 19:26:34,paid_search,annual,android
8738,2026-07-07 06:13:52,referral,monthly,web
8739,2026-06-28 13:57:57,organic,monthly,android
8740,2026-07-08 09:22:50,influencer,monthly,ios
8741,2026-05-10 00:58:55,paid_search,monthly,ios
8742,2026-06-03 17:36:20,organic,monthly,android
8743,2026-03-02 14:26:36,organic,monthly,ios
8744,2026-07-08 07:30:36,paid_search,monthly,android
8745,2026-08-24 16:55:45,organic,monthly,ios
8746,2026-05-08 17:18:02,referral,monthly,ios
8747,2026-05-25 21:20:34,referral,monthly,ios
8748,2026-04-01 16:01:05,organic,annual,android
8749,2026-04-19 05:53:04,organic,annual,ios
8750,2026-07-10 21:31:31,influencer,monthly,ios
8751,2026-05-26 21:51:29,paid_search,annual,android
8752,2026-03-07 16:51:42,paid_search,monthly,ios
8753,2026-05-30 18:47:28,paid_search,monthly,ios
8754,2026-04-08 22:26:59,organic,monthly,web
8755,2026-05-22 20:30:35,referral,annual,android
8756,2026-08-09 20:19:21,organic,monthly,ios
8757,2026-03-23 10:51:04,influencer,monthly,ios
8758,2026-05-15 00:11:38,organic,monthly,ios
8759,2026-07-22 18:10:49,referral,monthly,ios
8760,2026-06-17 05:29:39,paid_search,annual,ios
8761,2026-04-26 22:33:42,paid_search,monthly,android
8762,2026-06-16 02:37:31,referral,monthly,android
8763,2026-07-10 17:55:24,referral,monthly,android
8764,2026-06-05 23:48:43,paid_search,monthly,web
8765,2026-07-04 16:03:36,paid_search,annual,android
8766,2026-05-21 22:41:53,paid_search,monthly,ios
8767,2026-05-02 14:12:04,organic,monthly,web
8768,2026-03-20 03:48:02,organic,monthly,web
8769,2026-04-03 18:14:04,paid_search,monthly,ios
8770,2026-03-07 01:10:32,referral,annual,android
8771,2026-07-02 15:00:02,organic,annual,ios
8772,2026-07-10 15:52:53,referral,monthly,ios
8773,2026-07-08 07:26:48,organic,monthly,web
8774,2026-07-07 03:04:19,influencer,monthly,ios
8775,2026-08-14 16:00:19,organic,monthly,web
8776,2026-08-21 08:38:27,organic,monthly,ios
8777,2026-08-16 02:00:33,referral,monthly,ios
8778,2026-05-13 02:44:37,organic,monthly,ios
8779,2026-07-25 03:12:04,referral,monthly,android
8780,2026-04-07 03:45:56,influencer,monthly,ios
8781,2026-08-26 23:54:51,paid_search,monthly,ios
8782,2026-03-13 07:08:30,organic,annual,ios
8783,2026-03-21 22:21:59,referral,monthly,android
8784,2026-04-30 02:34:49,organic,monthly,ios
8785,2026-03-08 02:48:52,referral,annual,web
8786,2026-08-16 14:40:18,referral,monthly,ios
8787,2026-04-22 09:19:06,paid_search,monthly,android
8788,2026-08-18 23:08:25,paid_search,monthly,android
8789,2026-03-04 07:34:12,organic,monthly,ios
8790,2026-04-28 12:25:06,organic,monthly,ios
8791,2026-08-22 05:22:31,referral,monthly,web
8792,2026-05-02 16:55:25,influencer,monthly,android
8793,2026-05-06 10:19:21,paid_search,monthly,ios
8794,2026-08-13 02:54:19,paid_search,monthly,ios
8795,2026-06-06 07:48:37,organic,annual,web
8796,2026-06-10 09:38:06,paid_search,monthly,web
8797,2026-07-13 14:44:45,organic,monthly,ios
8798,2026-05-25 09:50:55,paid_search,annual,web
8799,2026-03-02 15:26:32,organic,annual,web
8800,2026-06-09 16:46:14,organic,monthly,android
8801,2026-04-03 11:19:22,organic,monthly,web
8802,2026-03-06 20:50:09,paid_search,monthly,android
8803,2026-04-08 20:30:41,paid_search,monthly,web
8804,2026-06-22 06:51:07,referral,monthly,ios
8805,2026-06-09 18:28:35,referral,monthly,android
8806,2026-06-09 00:47:01,influencer,monthly,ios
8807,2026-06-11 00:05:14,influencer,monthly,ios
8808,2026-03-12 00:46:53,referral,monthly,android
8809,2026-08-07 01:36:13,organic,monthly,android
8810,2026-06-16 05:15:41,paid_search,annual,ios
8811,2026-06-21 01:39:24,organic,monthly,android
8812,2026-06-25 00:58:30,paid_search,monthly,ios
8813,2026-06-07 21:32:14,organic,monthly,web
8814,2026-07-30 02:18:01,organic,monthly,android
8815,2026-07-27 19:25:53,paid_search,monthly,android
8816,2026-03-17 18:47:36,referral,monthly,android
8817,2026-08-31 23:08:30,paid_search,annual,android
8818,2026-06-16 00:34:29,influencer,monthly,ios
8819,2026-05-09 08:47:51,influencer,monthly,android
8820,2026-05-20 07:03:12,paid_search,monthly,ios
8821,2026-07-01 22:59:00,paid_search,monthly,android
8822,2026-06-05 21:49:34,paid_search,monthly,web
8823,2026-07-15 07:40:29,paid_search,monthly,android
8824,2026-03-18 22:10:01,organic,monthly,android
8825,2026-04-07 17:10:46,paid_search,annual,ios
8826,2026-03-14 12:42:03,influencer,monthly,ios
8827,2026-04-18 12:39:45,organic,annual,android
8828,2026-08-13 13:12:45,paid_search,monthly,ios
8829,2026-04-25 23:18:47,paid_search,annual,ios
8830,2026-04-14 12:55:24,paid_search,monthly,android
8831,2026-08-21 11:25:51,paid_search,annual,android
8832,2026-06-23 18:54:48,referral,annual,ios
8833,2026-06-26 21:44:51,influencer,annual,android
8834,2026-05-06 05:00:28,referral,monthly,web
8835,2026-05-30 14:36:33,organic,monthly,android
8836,2026-03-12 00:40:07,influencer,monthly,ios
8837,2026-03-25 05:01:31,referral,monthly,ios
8838,2026-06-24 05:51:37,referral,monthly,android
8839,2026-04-16 06:52:38,influencer,monthly,android
8840,2026-08-23 05:46:36,organic,monthly,ios
8841,2026-07-01 07:47:32,paid_search,monthly,android
8842,2026-08-04 02:13:31,organic,monthly,ios
8843,2026-05-15 18:58:39,organic,annual,android
8844,2026-05-09 15:51:35,organic,monthly,web
8845,2026-04-06 02:06:07,influencer,monthly,android
8846,2026-08-08 16:06:53,paid_search,monthly,web
8847,2026-06-04 14:18:03,organic,annual,ios
8848,2026-06-15 08:44:46,paid_search,annual,web
8849,2026-07-21 20:56:51,referral,annual,ios
8850,2026-08-11 02:53:51,referral,monthly,ios
8851,2026-05-06 20:29:34,paid_search,monthly,android
8852,2026-07-28 12:35:53,referral,monthly,ios
8853,2026-05-12 20:20:54,paid_search,monthly,ios
8854,2026-04-21 10:32:38,referral,monthly,android
8855,2026-03-19 15:36:16,influencer,monthly,android
8856,2026-08-24 19:42:39,organic,monthly,android
8857,2026-07-10 02:52:12,organic,monthly,android
8858,2026-05-27 20:13:03,paid_search,monthly,android
8859,2026-08-31 17:24:42,referral,monthly,ios
8860,2026-07-12 09:14:51,organic,monthly,android
8861,2026-08-01 03:59:47,paid_search,monthly,android
8862,2026-03-12 09:43:07,organic,annual,ios
8863,2026-06-17 21:03:15,organic,monthly,android
8864,2026-06-17 11:24:41,influencer,annual,android
8865,2026-08-08 16:59:24,influencer,annual,android
8866,2026-04-24 15:10:04,influencer,monthly,android
8867,2026-03-27 03:42:46,paid_search,annual,android
8868,2026-07-17 02:54:35,paid_search,annual,ios
8869,2026-08-03 10:29:56,paid_search,monthly,android
8870,2026-07-23 09:44:51,referral,annual,ios
8871,2026-04-17 13:20:15,referral,annual,ios
8872,2026-08-29 12:08:35,organic,monthly,android
8873,2026-04-01 21:53:05,paid_search,annual,android
8874,2026-08-22 23:06:33,referral,monthly,ios
8875,2026-08-04 16:27:07,referral,monthly,web
8876,2026-08-14 19:16:57,paid_search,annual,android
8877,2026-08-14 08:24:00,paid_search,annual,web
8878,2026-07-11 19:41:50,paid_search,monthly,android
8879,2026-06-15 20:19:33,referral,monthly,android
8880,2026-08-18 11:28:55,paid_search,monthly,android
8881,2026-07-03 16:01:28,influencer,monthly,android
8882,2026-04-22 10:51:18,referral,monthly,web
8883,2026-05-29 03:49:41,influencer,annual,web
8884,2026-05-20 20:32:50,organic,monthly,ios
8885,2026-03-25 16:15:39,referral,monthly,android
8886,2026-05-25 22:23:46,referral,monthly,ios
8887,2026-06-17 02:51:26,influencer,monthly,android
8888,2026-05-02 21:34:16,organic,annual,android
8889,2026-08-11 16:47:25,organic,monthly,ios
8890,2026-07-20 13:50:05,organic,monthly,web
8891,2026-07-10 11:57:54,influencer,monthly,android
8892,2026-03-20 03:29:13,paid_search,annual,web
8893,2026-04-04 02:46:04,referral,monthly,android
8894,2026-06-08 02:23:59,influencer,annual,android
8895,2026-07-03 05:22:48,referral,annual,android
8896,2026-03-17 07:04:25,referral,monthly,android
8897,2026-06-24 14:35:21,organic,annual,ios
8898,2026-05-07 21:18:18,paid_search,annual,ios
8899,2026-04-02 00:08:28,organic,monthly,ios
8900,2026-05-10 14:02:25,influencer,annual,ios
8901,2026-05-05 05:22:29,influencer,monthly,web
8902,2026-07-01 03:25:19,organic,monthly,ios
8903,2026-08-11 00:04:03,paid_search,monthly,ios
8904,2026-07-28 04:16:04,paid_search,monthly,web
8905,2026-04-14 06:01:36,referral,monthly,web
8906,2026-04-10 20:21:34,influencer,annual,ios
8907,2026-06-16 19:28:23,paid_search,annual,web
8908,2026-04-30 20:45:13,organic,monthly,web
8909,2026-05-07 06:08:12,organic,monthly,web
8910,2026-07-20 16:58:17,organic,monthly,ios
8911,2026-06-30 23:23:36,influencer,monthly,android
8912,2026-06-20 10:10:31,referral,monthly,ios
8913,2026-04-03 14:06:55,referral,monthly,ios
8914,2026-07-09 02:30:44,paid_search,monthly,ios
8915,2026-08-01 12:19:58,referral,monthly,ios
8916,2026-03-21 11:52:53,referral,monthly,android
8917,2026-07-28 23:31:19,paid_search,monthly,ios
8918,2026-07-21 23:42:37,organic,monthly,web
8919,2026-07-06 20:25:45,organic,monthly,android
8920,2026-06-19 12:27:33,influencer,monthly,ios
8921,2026-08-05 01:49:02,paid_search,monthly,ios
8922,2026-05-12 08:43:10,organic,annual,android
8923,2026-07-27 08:30:46,organic,monthly,android
8924,2026-08-30 21:13:21,paid_search,annual,web
8925,2026-07-12 13:54:06,referral,monthly,ios
8926,2026-05-31 05:52:11,referral,monthly,android
8927,2026-06-26 08:54:04,organic,monthly,web
8928,2026-05-18 05:57:49,influencer,monthly,web
8929,2026-03-03 09:43:42,referral,annual,web
8930,2026-07-24 16:26:21,influencer,monthly,web
8931,2026-05-03 19:22:47,referral,annual,android
8932,2026-08-20 04:30:13,organic,annual,ios
8933,2026-06-05 13:53:42,influencer,annual,web
8934,2026-07-04 11:00:24,organic,monthly,android
8935,2026-05-18 19:56:28,paid_search,monthly,android
8936,2026-04-17 14:14:11,paid_search,annual,android
8937,2026-05-10 10:38:49,paid_search,monthly,web
8938,2026-05-05 23:16:41,paid_search,monthly,android
8939,2026-05-04 11:21:37,influencer,monthly,android
8940,2026-07-04 17:44:16,influencer,monthly,android
8941,2026-03-15 19:42:54,paid_search,monthly,android
8942,2026-07-15 00:44:37,referral,monthly,android
8943,2026-05-03 04:38:11,paid_search,monthly,android
8944,2026-04-23 23:58:01,paid_search,annual,ios
8945,2026-03-13 21:16:19,organic,monthly,web
8946,2026-03-29 22:02:37,paid_search,monthly,ios
8947,2026-06-02 07:49:26,influencer,monthly,web
8948,2026-05-08 12:24:33,influencer,monthly,android
8949,2026-03-27 15:40:49,paid_search,monthly,android
8950,2026-06-08 19:43:03,paid_search,monthly,web
8951,2026-05-18 13:45:57,referral,annual,web
8952,2026-06-21 07:03:34,organic,monthly,android
8953,2026-05-30 18:41:21,organic,monthly,ios
8954,2026-05-24 07:47:35,referral,monthly,android
8955,2026-06-14 15:10:38,paid_search,monthly,ios
8956,2026-04-15 00:13:50,organic,annual,android
8957,2026-04-10 09:57:32,paid_search,monthly,ios
8958,2026-08-26 14:04:03,paid_search,annual,web
8959,2026-06-27 10:33:54,paid_search,annual,web
8960,2026-03-20 14:25:55,paid_search,monthly,android
8961,2026-07-24 20:14:52,referral,monthly,ios
8962,2026-04-26 16:44:47,paid_search,annual,web
8963,2026-08-01 06:35:08,influencer,annual,ios
8964,2026-08-04 22:49:03,referral,monthly,android
8965,2026-03-16 15:18:12,paid_search,monthly,android
8966,2026-04-01 16:22:06,paid_search,annual,android
8967,2026-04-25 17:30:57,referral,monthly,web
8968,2026-07-06 07:31:09,paid_search,monthly,android
8969,2026-06-26 08:45:00,influencer,annual,ios
8970,2026-03-12 07:43:10,organic,monthly,android
8971,2026-04-15 08:56:25,referral,monthly,ios
8972,2026-06-03 21:50:28,referral,monthly,web
8973,2026-05-17 01:19:48,paid_search,annual,ios
8974,2026-05-17 18:52:11,organic,monthly,web
8975,2026-06-15 16:34:06,influencer,annual,ios
8976,2026-06-13 22:26:44,organic,monthly,android
8977,2026-07-23 16:04:21,paid_search,monthly,ios
8978,2026-07-13 23:00:23,influencer,monthly,ios
8979,2026-08-15 00:45:25,influencer,monthly,android
8980,2026-04-16 14:33:55,organic,monthly,ios
8981,2026-06-08 23:57:15,organic,monthly,web
8982,2026-03-13 05:17:44,paid_search,monthly,ios
8983,2026-05-01 09:19:10,organic,monthly,web
8984,2026-04-27 21:13:52,organic,annual,web
8985,2026-07-21 08:10:55,paid_search,monthly,ios
8986,2026-04-01 06:47:11,referral,annual,web
8987,2026-05-04 13:43:09,organic,monthly,web
8988,2026-08-12 23:09:18,referral,annual,ios
8989,2026-05-07 07:06:14,organic,annual,android
8990,2026-06-09 00:14:13,referral,monthly,ios
8991,2026-08-01 02:18:03,organic,monthly,web
8992,2026-08-07 11:41:01,paid_search,monthly,ios
8993,2026-07-08 03:29:48,paid_search,monthly,ios
8994,2026-05-07 22:04:23,organic,monthly,ios
8995,2026-06-26 20:52:43,paid_search,monthly,android
8996,2026-06-11 21:40:43,organic,monthly,android
8997,2026-08-26 17:43:05,organic,monthly,android
8998,2026-05-04 11:09:43,paid_search,monthly,android
8999,2026-06-20 01:46:58,referral,annual,ios
9000,2026-03-15 16:54:10,referral,monthly,web
9001,2026-03-03 11:56:48,organic,monthly,android
9002,2026-03-08 22:04:04,paid_search,monthly,android
9003,2026-03-17 18:41:11,paid_search,monthly,ios
9004,2026-06-07 19:48:49,influencer,monthly,web
9005,2026-07-22 20:09:59,paid_search,monthly,ios
9006,2026-05-10 19:11:10,referral,monthly,android
9007,2026-08-01 16:03:13,organic,monthly,web
9008,2026-07-08 14:25:51,influencer,monthly,android
9009,2026-08-15 03:42:19,organic,monthly,ios
9010,2026-04-05 16:16:29,organic,monthly,android
9011,2026-07-11 11:24:31,organic,monthly,ios
9012,2026-06-30 05:31:49,referral,annual,ios
9013,2026-05-09 09:25:16,referral,monthly,web
9014,2026-08-07 20:56:28,influencer,annual,android
9015,2026-05-01 04:39:26,organic,monthly,android
9016,2026-05-24 03:30:47,referral,annual,android
9017,2026-05-19 12:58:23,paid_search,monthly,android
9018,2026-04-28 17:45:00,influencer,monthly,android
9019,2026-07-03 04:39:42,influencer,monthly,android
9020,2026-04-15 19:48:35,organic,monthly,ios
9021,2026-07-22 13:00:22,referral,monthly,ios
9022,2026-05-30 08:39:39,organic,monthly,web
9023,2026-07-24 22:26:18,organic,monthly,android
9024,2026-08-03 06:45:11,influencer,monthly,android
9025,2026-05-06 07:39:56,organic,annual,web
9026,2026-03-05 04:43:28,paid_search,monthly,ios
9027,2026-05-04 06:08:14,paid_search,monthly,web
9028,2026-05-13 09:18:23,paid_search,monthly,ios
9029,2026-07-30 09:05:54,influencer,annual,ios
9030,2026-03-31 07:40:05,organic,monthly,android
9031,2026-08-03 12:40:12,referral,monthly,ios
9032,2026-07-25 23:28:34,influencer,annual,ios
9033,2026-07-11 12:33:57,influencer,monthly,ios
9034,2026-08-04 21:41:52,paid_search,monthly,ios
9035,2026-04-20 17:48:59,influencer,monthly,web
9036,2026-03-07 15:11:32,paid_search,monthly,web
9037,2026-08-23 14:54:47,organic,monthly,android
9038,2026-04-16 08:24:35,organic,monthly,android
9039,2026-03-23 04:30:35,paid_search,annual,ios
9040,2026-04-18 11:47:14,organic,monthly,web
9041,2026-07-03 05:10:03,influencer,monthly,android
9042,2026-03-15 04:11:35,paid_search,annual,web
9043,2026-07-26 01:15:54,paid_search,monthly,android
9044,2026-03-31 13:24:08,influencer,monthly,android
9045,2026-03-15 11:12:32,influencer,annual,android
9046,2026-03-15 05:07:26,influencer,monthly,web
9047,2026-07-29 16:34:07,paid_search,monthly,web
9048,2026-03-05 21:55:26,influencer,monthly,android
9049,2026-04-14 16:23:55,organic,monthly,android
9050,2026-07-22 11:40:13,referral,monthly,android
9051,2026-07-28 19:54:50,paid_search,monthly,android
9052,2026-07-11 22:47:01,referral,monthly,web
9053,2026-05-23 06:49:38,influencer,monthly,android
9054,2026-08-20 02:56:34,paid_search,annual,ios
9055,2026-07-19 07:57:50,referral,monthly,android
9056,2026-03-14 01:52:54,paid_search,monthly,ios
9057,2026-06-07 12:11:45,paid_search,monthly,ios
9058,2026-03-01 11:20:11,paid_search,monthly,web
9059,2026-08-14 07:53:05,influencer,monthly,web
9060,2026-04-08 23:41:01,organic,annual,android
9061,2026-08-29 15:51:26,paid_search,annual,ios
9062,2026-06-10 23:09:10,paid_search,monthly,ios
9063,2026-08-25 05:20:46,referral,monthly,web
9064,2026-05-26 05:25:42,influencer,monthly,web
9065,2026-07-10 18:07:06,organic,monthly,android
9066,2026-06-02 07:30:28,referral,monthly,ios
9067,2026-03-09 17:24:02,referral,monthly,ios
9068,2026-08-13 19:51:48,referral,annual,android
9069,2026-06-10 14:07:16,paid_search,monthly,ios
9070,2026-07-20 01:13:22,paid_search,annual,android
9071,2026-06-18 14:09:07,paid_search,monthly,android
9072,2026-06-21 16:39:11,paid_search,monthly,web
9073,2026-08-01 02:30:55,organic,annual,android
9074,2026-08-07 03:15:07,paid_search,annual,android
9075,2026-08-08 09:29:22,paid_search,monthly,android
9076,2026-04-11 15:44:54,paid_search,monthly,android
9077,2026-08-03 16:21:50,paid_search,monthly,ios
9078,2026-04-28 22:29:58,paid_search,monthly,ios
9079,2026-05-29 00:17:59,paid_search,monthly,ios
9080,2026-08-29 08:13:14,referral,monthly,web
9081,2026-07-09 15:50:52,paid_search,monthly,ios
9082,2026-05-01 17:51:30,organic,monthly,ios
9083,2026-05-22 21:03:31,paid_search,annual,web
9084,2026-06-27 07:55:29,organic,monthly,ios
9085,2026-04-21 10:42:37,paid_search,annual,web
9086,2026-04-23 02:38:44,paid_search,annual,android
9087,2026-06-14 11:49:08,organic,monthly,ios
9088,2026-04-01 15:39:14,paid_search,monthly,android
9089,2026-07-31 17:46:02,organic,monthly,web
9090,2026-06-01 10:40:45,organic,monthly,ios
9091,2026-06-02 04:44:30,influencer,monthly,android
9092,2026-06-09 10:13:27,paid_search,monthly,web
9093,2026-03-30 00:29:23,influencer,monthly,web
9094,2026-07-27 10:58:10,paid_search,monthly,ios
9095,2026-03-17 15:25:54,referral,annual,ios
9096,2026-04-22 15:23:06,paid_search,monthly,ios
9097,2026-04-19 01:54:45,organic,annual,android
9098,2026-03-04 18:51:58,organic,monthly,android
9099,2026-07-21 06:44:41,referral,annual,ios
9100,2026-03-14 04:37:34,paid_search,monthly,ios
9101,2026-04-04 17:25:37,paid_search,annual,web
9102,2026-05-01 03:24:22,paid_search,monthly,android
9103,2026-03-29 05:01:52,paid_search,monthly,web
9104,2026-05-07 08:39:36,influencer,monthly,web
9105,2026-07-10 00:36:45,paid_search,monthly,android
9106,2026-06-24 16:39:37,paid_search,annual,ios
9107,2026-05-28 03:35:33,referral,monthly,android
9108,2026-05-04 06:23:41,referral,monthly,android
9109,2026-07-25 21:31:03,paid_search,monthly,android
9110,2026-04-12 13:21:11,paid_search,monthly,web
9111,2026-05-24 22:01:22,referral,monthly,android
9112,2026-04-19 02:52:57,paid_search,monthly,ios
9113,2026-08-07 10:27:00,referral,monthly,android
9114,2026-08-02 11:36:21,influencer,annual,ios
9115,2026-08-15 19:31:28,paid_search,annual,android
9116,2026-04-30 01:38:01,organic,monthly,ios
9117,2026-07-13 09:12:35,organic,monthly,web
9118,2026-05-14 18:28:56,influencer,annual,android
9119,2026-05-13 00:44:58,paid_search,annual,ios
9120,2026-06-24 09:29:50,referral,annual,web
9121,2026-04-17 17:46:39,organic,annual,web
9122,2026-06-24 18:54:25,paid_search,monthly,web
9123,2026-03-01 14:03:06,paid_search,monthly,ios
9124,2026-03-06 19:48:31,paid_search,monthly,android
9125,2026-05-13 07:41:41,influencer,monthly,android
9126,2026-07-07 02:50:09,organic,annual,web
9127,2026-07-29 07:24:56,referral,monthly,web
9128,2026-07-18 13:21:56,paid_search,monthly,android
9129,2026-08-06 15:33:56,paid_search,monthly,ios
9130,2026-04-17 10:50:32,referral,monthly,android
9131,2026-08-20 01:13:00,referral,monthly,web
9132,2026-04-13 00:30:19,referral,monthly,ios
9133,2026-06-22 02:54:16,paid_search,monthly,android
9134,2026-05-26 00:50:48,paid_search,annual,web
9135,2026-06-16 12:52:38,organic,annual,android
9136,2026-08-10 16:44:55,paid_search,annual,web
9137,2026-06-11 12:19:27,organic,annual,web
9138,2026-03-05 13:26:42,organic,annual,ios
9139,2026-07-14 02:18:42,organic,monthly,ios
9140,2026-07-02 06:07:39,paid_search,annual,web
9141,2026-07-27 00:28:15,influencer,monthly,web
9142,2026-06-16 13:56:49,paid_search,annual,ios
9143,2026-06-05 08:21:34,paid_search,monthly,ios
9144,2026-08-13 23:03:45,organic,monthly,android
9145,2026-04-06 10:36:20,organic,annual,android
9146,2026-03-23 02:35:59,organic,monthly,web
9147,2026-05-22 04:38:38,paid_search,annual,ios
9148,2026-08-17 22:00:08,paid_search,monthly,ios
9149,2026-04-13 04:32:49,paid_search,monthly,android
9150,2026-04-02 14:59:37,paid_search,monthly,ios
9151,2026-07-31 21:04:17,organic,monthly,android
9152,2026-03-16 06:59:13,paid_search,annual,ios
9153,2026-08-25 00:27:18,organic,annual,android
9154,2026-07-27 04:37:57,paid_search,annual,android
9155,2026-08-20 23:00:17,referral,annual,ios
9156,2026-05-02 19:19:28,referral,monthly,android
9157,2026-06-29 13:22:10,paid_search,annual,android
9158,2026-05-01 16:50:30,paid_search,monthly,ios
9159,2026-06-23 14:33:13,referral,monthly,ios
9160,2026-04-16 00:02:55,organic,annual,web
9161,2026-07-11 11:19:35,influencer,annual,android
9162,2026-07-30 18:08:17,referral,monthly,web
9163,2026-07-16 01:22:49,referral,monthly,ios
9164,2026-08-12 13:49:52,organic,monthly,ios
9165,2026-04-11 04:41:36,referral,monthly,android
9166,2026-06-14 22:22:26,organic,annual,ios
9167,2026-06-26 15:41:30,paid_search,annual,ios
9168,2026-04-02 22:41:36,referral,monthly,ios
9169,2026-05-22 16:11:30,influencer,annual,android
9170,2026-04-07 10:38:33,paid_search,monthly,android
9171,2026-08-02 10:07:03,organic,monthly,android
9172,2026-03-22 14:40:16,organic,annual,android
9173,2026-08-10 08:23:58,influencer,monthly,ios
9174,2026-03-22 08:28:04,paid_search,monthly,android
9175,2026-04-17 18:09:17,organic,annual,android
9176,2026-03-06 10:38:37,organic,monthly,ios
9177,2026-04-10 19:32:32,paid_search,monthly,android
9178,2026-03-03 08:07:10,referral,monthly,ios
9179,2026-08-16 17:16:07,influencer,annual,android
9180,2026-05-10 07:59:52,influencer,monthly,android
9181,2026-08-12 09:29:23,organic,monthly,ios
9182,2026-03-24 09:52:14,organic,monthly,web
9183,2026-07-21 12:01:03,referral,monthly,web
9184,2026-07-10 11:13:10,referral,monthly,android
9185,2026-08-22 23:50:23,paid_search,annual,ios
9186,2026-08-06 21:04:08,referral,monthly,ios
9187,2026-08-07 22:09:38,referral,monthly,ios
9188,2026-08-20 07:37:45,organic,monthly,ios
9189,2026-07-01 05:08:10,referral,monthly,web
9190,2026-03-04 05:27:03,paid_search,monthly,android
9191,2026-06-23 16:46:16,influencer,monthly,ios
9192,2026-04-19 20:54:12,paid_search,monthly,ios
9193,2026-08-09 08:17:22,influencer,monthly,web
9194,2026-08-04 05:45:19,organic,annual,android
9195,2026-03-06 05:45:37,organic,annual,ios
9196,2026-07-20 17:55:00,referral,monthly,ios
9197,2026-06-25 22:57:02,paid_search,annual,android
9198,2026-06-27 15:35:41,paid_search,annual,android
9199,2026-05-07 23:04:05,organic,monthly,ios
9200,2026-05-07 12:55:56,paid_search,monthly,android
9201,2026-03-08 08:56:16,organic,monthly,ios
9202,2026-05-02 22:21:32,organic,annual,ios
9203,2026-07-31 16:57:11,referral,monthly,android
9204,2026-06-19 02:41:45,referral,monthly,android
9205,2026-07-29 07:05:24,referral,monthly,android
9206,2026-04-18 02:01:37,organic,monthly,ios
9207,2026-05-01 22:55:00,paid_search,annual,ios
9208,2026-05-04 14:47:50,influencer,monthly,web
9209,2026-05-06 05:59:20,influencer,monthly,android
9210,2026-07-18 23:37:38,paid_search,monthly,ios
9211,2026-07-01 02:32:29,organic,monthly,web
9212,2026-05-26 04:15:23,organic,monthly,android
9213,2026-04-12 19:07:48,influencer,annual,ios
9214,2026-05-18 06:59:55,organic,monthly,ios
9215,2026-08-13 01:10:06,influencer,monthly,android
9216,2026-03-06 15:20:10,paid_search,monthly,android
9217,2026-05-06 23:33:12,influencer,monthly,ios
9218,2026-06-11 17:23:28,referral,monthly,ios
9219,2026-07-18 15:03:12,paid_search,annual,android
9220,2026-05-22 12:31:35,paid_search,monthly,ios
9221,2026-05-22 05:21:47,referral,monthly,web
9222,2026-08-21 13:28:16,paid_search,monthly,ios
9223,2026-03-13 06:04:13,organic,monthly,android
9224,2026-04-04 20:59:20,paid_search,annual,android
9225,2026-07-04 09:35:49,referral,monthly,ios
9226,2026-07-10 17:33:12,organic,monthly,ios
9227,2026-05-31 01:51:01,influencer,annual,ios
9228,2026-06-19 14:55:45,influencer,annual,web
9229,2026-06-21 08:16:32,referral,monthly,ios
9230,2026-07-18 18:23:11,referral,monthly,android
9231,2026-06-05 20:38:30,influencer,annual,ios
9232,2026-05-26 20:31:45,organic,monthly,android
9233,2026-08-04 12:29:43,organic,monthly,ios
9234,2026-04-06 12:38:19,referral,monthly,web
9235,2026-05-06 05:43:35,paid_search,annual,android
9236,2026-05-27 20:43:59,organic,annual,web
9237,2026-05-29 11:44:05,referral,monthly,android
9238,2026-08-29 21:37:34,referral,monthly,android
9239,2026-07-28 02:27:37,referral,monthly,ios
9240,2026-07-02 01:55:17,paid_search,monthly,web
9241,2026-05-28 01:02:08,paid_search,monthly,ios
9242,2026-05-17 18:19:35,referral,monthly,ios
9243,2026-03-27 07:26:34,paid_search,monthly,android
9244,2026-06-28 11:53:17,organic,monthly,android
9245,2026-05-19 22:43:37,referral,monthly,ios
9246,2026-04-30 17:15:26,paid_search,monthly,android
9247,2026-04-09 21:49:29,paid_search,monthly,android
9248,2026-08-23 18:03:28,paid_search,monthly,web
9249,2026-06-13 08:03:04,organic,monthly,android
9250,2026-03-07 22:42:19,influencer,monthly,ios
9251,2026-03-22 19:53:30,referral,annual,ios
9252,2026-04-07 04:21:13,paid_search,monthly,ios
9253,2026-05-19 15:50:33,organic,monthly,ios
9254,2026-03-04 06:03:35,influencer,annual,ios
9255,2026-08-16 18:21:47,organic,monthly,android
9256,2026-05-31 11:15:00,referral,monthly,web
9257,2026-06-01 00:57:10,referral,monthly,android
9258,2026-04-20 14:23:11,organic,annual,web
9259,2026-06-25 10:52:46,influencer,annual,android
9260,2026-08-20 04:34:18,referral,annual,ios
9261,2026-08-24 14:53:24,organic,annual,ios
9262,2026-06-29 23:07:18,referral,annual,ios
9263,2026-08-12 14:55:10,organic,annual,ios
9264,2026-07-10 05:42:28,influencer,monthly,ios
9265,2026-06-13 11:18:30,paid_search,monthly,ios
9266,2026-05-04 16:46:42,paid_search,monthly,ios
9267,2026-04-09 14:42:47,paid_search,monthly,ios
9268,2026-07-04 04:29:47,organic,monthly,ios
9269,2026-03-26 18:54:01,organic,monthly,ios
9270,2026-07-27 02:00:28,organic,monthly,ios
9271,2026-06-07 17:24:24,referral,monthly,android
9272,2026-03-24 22:40:38,organic,monthly,ios
9273,2026-06-21 17:16:19,organic,monthly,ios
9274,2026-04-30 12:48:34,influencer,monthly,web
9275,2026-08-24 19:36:00,paid_search,monthly,web
9276,2026-08-22 17:22:39,organic,monthly,web
9277,2026-08-07 09:50:32,paid_search,annual,ios
9278,2026-08-13 12:38:41,paid_search,monthly,ios
9279,2026-07-02 19:36:40,referral,annual,ios
9280,2026-04-30 21:38:13,paid_search,monthly,ios
9281,2026-06-15 10:21:48,referral,monthly,android
9282,2026-05-01 00:21:58,paid_search,monthly,android
9283,2026-06-05 02:32:17,paid_search,monthly,android
9284,2026-07-25 12:23:44,influencer,monthly,android
9285,2026-08-22 19:35:29,paid_search,monthly,android
9286,2026-04-09 06:28:53,paid_search,monthly,android
9287,2026-08-30 01:48:55,organic,monthly,ios
9288,2026-07-24 18:44:30,organic,annual,ios
9289,2026-03-28 16:06:00,organic,monthly,ios
9290,2026-04-21 12:59:25,influencer,annual,android
9291,2026-05-29 08:10:04,organic,monthly,android
9292,2026-06-25 22:16:06,referral,monthly,ios
9293,2026-06-09 14:40:12,paid_search,annual,android
9294,2026-03-17 12:46:48,organic,monthly,ios
9295,2026-03-06 03:22:40,paid_search,monthly,android
9296,2026-03-31 18:30:38,influencer,monthly,web
9297,2026-07-09 04:24:01,paid_search,monthly,web
9298,2026-08-31 02:03:44,influencer,monthly,android
9299,2026-04-14 23:25:20,influencer,monthly,android
9300,2026-05-28 20:21:25,referral,annual,web
9301,2026-07-30 07:16:42,organic,monthly,web
9302,2026-08-13 07:47:38,organic,monthly,android
9303,2026-06-04 04:20:21,paid_search,monthly,android
9304,2026-06-23 03:01:22,paid_search,monthly,ios
9305,2026-08-01 04:32:13,paid_search,annual,ios
9306,2026-05-17 01:45:24,organic,monthly,android
9307,2026-08-20 13:39:13,organic,monthly,web
9308,2026-04-24 18:32:39,paid_search,annual,android
9309,2026-06-19 06:46:30,influencer,monthly,ios
9310,2026-05-18 08:50:57,referral,monthly,android
9311,2026-06-28 13:52:13,paid_search,annual,web
9312,2026-06-07 03:50:46,referral,annual,android
9313,2026-03-10 14:59:52,organic,monthly,web
9314,2026-07-11 18:33:57,organic,monthly,android
9315,2026-07-13 12:28:15,influencer,annual,ios
9316,2026-04-16 02:36:17,referral,monthly,android
9317,2026-03-11 03:22:13,organic,annual,android
9318,2026-08-13 00:30:33,referral,annual,android
9319,2026-03-25 20:33:59,organic,monthly,web
9320,2026-08-12 18:11:16,paid_search,monthly,android
9321,2026-04-19 13:01:04,paid_search,monthly,ios
9322,2026-05-18 16:03:43,referral,annual,ios
9323,2026-05-29 02:30:37,influencer,monthly,web
9324,2026-07-18 20:16:40,organic,annual,android
9325,2026-06-12 03:19:18,organic,monthly,android
9326,2026-06-24 11:22:23,referral,annual,ios
9327,2026-06-08 18:46:59,referral,monthly,ios
9328,2026-05-20 04:04:09,organic,annual,android
9329,2026-04-22 07:31:43,paid_search,monthly,ios
9330,2026-06-13 11:47:43,organic,monthly,web
9331,2026-06-02 21:05:43,paid_search,annual,ios
9332,2026-07-01 07:52:54,referral,monthly,android
9333,2026-07-16 23:59:52,referral,monthly,android
9334,2026-08-23 11:05:06,organic,annual,android
9335,2026-03-23 02:16:03,paid_search,annual,android
9336,2026-03-13 20:25:24,organic,monthly,web
9337,2026-08-12 11:26:04,influencer,monthly,android
9338,2026-06-29 05:01:29,referral,monthly,web
9339,2026-05-16 12:45:15,influencer,monthly,android
9340,2026-04-27 00:39:52,referral,monthly,ios
9341,2026-07-28 23:53:37,influencer,monthly,ios
9342,2026-07-16 11:22:10,referral,monthly,web
9343,2026-08-15 06:51:25,organic,annual,ios
9344,2026-05-03 11:25:23,paid_search,monthly,android
9345,2026-08-20 09:12:11,paid_search,monthly,web
9346,2026-06-06 18:45:47,referral,annual,ios
9347,2026-05-08 06:42:25,organic,annual,ios
9348,2026-07-05 06:56:28,organic,monthly,android
9349,2026-07-26 01:56:55,influencer,monthly,web
9350,2026-07-20 23:20:20,paid_search,annual,android
9351,2026-08-27 23:17:50,referral,monthly,ios
9352,2026-05-28 04:43:37,referral,monthly,web
9353,2026-07-15 09:56:46,paid_search,monthly,ios
9354,2026-03-01 18:58:00,organic,annual,ios
9355,2026-04-04 21:08:42,paid_search,monthly,web
9356,2026-06-17 07:07:16,paid_search,annual,android
9357,2026-07-28 05:26:15,paid_search,monthly,web
9358,2026-06-07 08:51:15,paid_search,monthly,web
9359,2026-04-05 11:51:00,paid_search,monthly,ios
9360,2026-05-04 13:51:45,organic,monthly,web
9361,2026-03-18 18:45:37,paid_search,annual,ios
9362,2026-04-19 03:32:53,paid_search,monthly,web
9363,2026-05-23 05:47:26,organic,monthly,ios
9364,2026-04-02 05:26:42,paid_search,monthly,web
9365,2026-08-18 01:18:05,organic,monthly,ios
9366,2026-08-11 10:52:31,paid_search,annual,ios
9367,2026-04-07 09:27:16,influencer,monthly,ios
9368,2026-03-25 13:51:35,referral,monthly,ios
9369,2026-07-23 12:17:16,paid_search,monthly,android
9370,2026-07-19 09:00:47,paid_search,monthly,ios
9371,2026-04-06 18:02:24,paid_search,monthly,ios
9372,2026-04-19 16:25:25,organic,annual,android
9373,2026-04-02 08:34:29,paid_search,monthly,android
9374,2026-05-26 16:36:33,organic,monthly,android
9375,2026-05-01 08:24:31,paid_search,monthly,web
9376,2026-04-27 07:55:01,paid_search,monthly,android
9377,2026-04-25 07:36:00,paid_search,monthly,ios
9378,2026-04-19 08:26:47,influencer,monthly,android
9379,2026-04-21 12:40:43,organic,annual,ios
9380,2026-06-08 23:58:00,referral,monthly,ios
9381,2026-07-21 08:21:28,paid_search,monthly,web
9382,2026-05-18 03:07:04,influencer,monthly,ios
9383,2026-07-24 05:25:59,organic,monthly,android
9384,2026-08-16 21:41:53,referral,monthly,ios
9385,2026-03-28 03:39:20,organic,annual,web
9386,2026-04-04 02:24:21,influencer,annual,web
9387,2026-07-12 01:43:19,paid_search,annual,android
9388,2026-08-31 07:41:44,referral,monthly,web
9389,2026-06-24 09:10:06,organic,monthly,ios
9390,2026-07-20 10:48:59,paid_search,monthly,android
9391,2026-07-20 19:40:52,referral,monthly,ios
9392,2026-08-13 13:45:29,referral,annual,ios
9393,2026-06-20 18:24:43,organic,monthly,android
9394,2026-03-03 16:19:42,paid_search,monthly,android
9395,2026-05-01 23:31:16,referral,annual,android
9396,2026-08-13 15:50:49,referral,monthly,web
9397,2026-07-03 19:54:18,organic,monthly,android
9398,2026-04-17 17:52:28,organic,monthly,ios
9399,2026-07-11 10:08:41,influencer,monthly,ios
9400,2026-03-03 07:07:31,organic,annual,ios
9401,2026-03-25 13:43:03,organic,monthly,android
9402,2026-08-27 04:48:44,paid_search,monthly,android
9403,2026-06-11 01:02:56,paid_search,monthly,android
9404,2026-08-31 13:04:23,influencer,monthly,ios
9405,2026-08-26 15:40:29,organic,annual,android
9406,2026-05-21 21:55:55,organic,monthly,ios
9407,2026-06-05 15:54:45,paid_search,monthly,android
9408,2026-07-12 11:39:34,organic,monthly,android
9409,2026-04-12 15:48:08,organic,annual,ios
9410,2026-04-11 05:32:48,paid_search,monthly,ios
9411,2026-04-13 19:45:01,organic,monthly,android
9412,2026-03-19 03:32:30,referral,annual,ios
9413,2026-05-19 05:52:55,organic,monthly,android
9414,2026-04-28 08:08:06,paid_search,monthly,android
9415,2026-08-25 23:57:45,organic,monthly,web
9416,2026-07-19 06:35:16,paid_search,monthly,ios
9417,2026-04-20 21:54:36,referral,monthly,android
9418,2026-05-22 15:18:57,referral,annual,web
9419,2026-06-08 18:13:26,paid_search,annual,ios
9420,2026-05-07 09:07:37,influencer,monthly,android
9421,2026-05-23 04:22:15,referral,monthly,android
9422,2026-07-25 21:51:40,organic,monthly,android
9423,2026-04-18 16:26:18,paid_search,monthly,android
9424,2026-07-16 11:26:35,referral,monthly,android
9425,2026-04-25 14:18:34,referral,monthly,ios
9426,2026-05-29 16:22:20,referral,monthly,ios
9427,2026-07-19 21:00:03,organic,monthly,android
9428,2026-04-09 10:46:24,paid_search,annual,web
9429,2026-07-31 04:18:45,organic,monthly,android
9430,2026-08-17 08:03:48,organic,annual,android
9431,2026-06-21 10:30:29,organic,annual,android
9432,2026-08-02 13:50:50,paid_search,monthly,web
9433,2026-07-18 07:05:34,influencer,monthly,ios
9434,2026-06-13 06:30:26,referral,monthly,android
9435,2026-04-17 14:55:05,referral,monthly,ios
9436,2026-05-24 21:53:51,influencer,monthly,android
9437,2026-06-20 10:57:41,organic,annual,android
9438,2026-06-09 08:24:57,organic,monthly,ios
9439,2026-08-27 01:25:20,organic,monthly,ios
9440,2026-03-10 09:18:06,influencer,monthly,ios
9441,2026-08-16 08:46:06,referral,monthly,ios
9442,2026-08-17 21:49:22,organic,annual,android
9443,2026-03-22 04:54:14,influencer,monthly,ios
9444,2026-08-13 10:05:43,influencer,monthly,ios
9445,2026-06-01 19:32:20,organic,monthly,android
9446,2026-05-23 14:11:23,paid_search,annual,ios
9447,2026-05-24 07:38:47,paid_search,monthly,ios
9448,2026-08-18 17:27:39,organic,monthly,ios
9449,2026-05-04 22:58:43,paid_search,monthly,web
9450,2026-03-22 19:04:35,organic,monthly,web
9451,2026-03-24 09:27:50,paid_search,monthly,ios
9452,2026-05-09 01:06:33,referral,annual,ios
9453,2026-03-02 14:30:40,paid_search,monthly,ios
9454,2026-08-20 22:31:18,organic,monthly,web
9455,2026-08-01 09:00:10,influencer,monthly,android
9456,2026-07-19 20:37:08,influencer,monthly,ios
9457,2026-05-29 04:34:59,paid_search,monthly,ios
9458,2026-08-21 03:09:45,paid_search,monthly,web
9459,2026-06-29 23:00:44,organic,annual,android
9460,2026-06-21 21:59:41,organic,annual,ios
9461,2026-06-19 01:46:06,referral,monthly,android
9462,2026-04-26 05:14:03,paid_search,monthly,ios
9463,2026-07-12 22:46:58,influencer,monthly,ios
9464,2026-08-26 09:06:14,influencer,monthly,web
9465,2026-05-11 10:17:53,referral,monthly,web
9466,2026-08-03 16:12:39,organic,monthly,android
9467,2026-03-09 23:01:41,paid_search,annual,ios
9468,2026-06-11 11:16:04,organic,monthly,web
9469,2026-07-14 09:43:21,influencer,annual,ios
9470,2026-03-17 00:20:23,referral,monthly,android
9471,2026-03-31 08:19:15,organic,annual,web
9472,2026-06-14 15:17:09,paid_search,monthly,ios
9473,2026-05-25 03:40:12,organic,annual,ios
9474,2026-05-26 06:34:23,referral,annual,android
9475,2026-06-23 23:04:57,organic,monthly,android
9476,2026-04-05 11:14:08,organic,monthly,web
9477,2026-06-29 01:38:55,paid_search,monthly,web
9478,2026-07-15 06:34:58,referral,monthly,android
9479,2026-07-12 20:38:40,paid_search,annual,ios
9480,2026-08-16 11:07:28,referral,monthly,android
9481,2026-03-12 18:12:49,influencer,monthly,web
9482,2026-08-18 00:45:38,influencer,monthly,android
9483,2026-03-23 02:24:05,paid_search,monthly,android
9484,2026-06-20 00:42:28,referral,monthly,ios
9485,2026-04-08 05:06:30,referral,annual,android
9486,2026-07-09 15:13:36,paid_search,annual,android
9487,2026-08-16 01:21:18,paid_search,monthly,ios
9488,2026-07-14 05:36:21,referral,monthly,android
9489,2026-07-26 05:07:50,paid_search,monthly,ios
9490,2026-08-02 10:15:23,organic,annual,ios
9491,2026-04-11 04:53:23,organic,annual,ios
9492,2026-06-14 21:06:38,organic,monthly,android
9493,2026-04-24 15:20:25,paid_search,monthly,ios
9494,2026-06-28 07:30:18,influencer,monthly,ios
9495,2026-08-03 17:27:47,organic,annual,android
9496,2026-04-29 06:18:41,paid_search,annual,android
9497,2026-04-17 19:56:49,paid_search,monthly,ios
9498,2026-04-30 19:24:16,influencer,monthly,ios
9499,2026-06-29 05:44:52,organic,monthly,ios
9500,2026-06-13 02:50:14,referral,monthly,android
9501,2026-06-17 05:08:15,paid_search,annual,web
9502,2026-05-14 05:47:20,organic,monthly,ios
9503,2026-06-10 23:29:50,paid_search,annual,web
9504,2026-05-10 17:29:40,paid_search,annual,ios
9505,2026-08-14 18:33:22,influencer,monthly,android
9506,2026-04-23 12:08:19,referral,monthly,ios
9507,2026-03-13 16:54:21,paid_search,monthly,android
9508,2026-07-21 17:54:03,referral,monthly,android
9509,2026-07-14 18:13:39,paid_search,annual,android
9510,2026-08-04 15:05:09,organic,annual,web
9511,2026-08-15 00:49:07,organic,monthly,ios
9512,2026-05-04 11:28:30,influencer,monthly,android
9513,2026-05-08 15:17:01,influencer,monthly,ios
9514,2026-08-20 03:39:49,influencer,monthly,android
9515,2026-08-10 13:23:26,organic,monthly,web
9516,2026-08-21 17:55:02,referral,monthly,web
9517,2026-08-12 14:06:42,paid_search,monthly,android
9518,2026-05-02 14:04:09,referral,monthly,ios
9519,2026-06-19 08:17:09,paid_search,annual,web
9520,2026-07-22 08:14:04,paid_search,monthly,ios
9521,2026-05-10 20:01:52,influencer,monthly,web
9522,2026-06-11 12:56:17,paid_search,monthly,ios
9523,2026-05-11 13:47:40,influencer,annual,ios
9524,2026-07-20 22:04:21,organic,monthly,android
9525,2026-04-24 23:14:33,paid_search,annual,android
9526,2026-07-20 09:12:41,organic,monthly,web
9527,2026-06-16 16:39:13,referral,monthly,android
9528,2026-05-31 19:48:53,organic,monthly,ios
9529,2026-03-16 15:20:40,paid_search,monthly,web
9530,2026-08-22 03:42:44,influencer,annual,ios
9531,2026-07-15 08:13:19,organic,monthly,ios
9532,2026-08-02 06:43:02,paid_search,annual,ios
9533,2026-03-30 02:48:53,organic,monthly,android
9534,2026-07-18 13:51:17,paid_search,monthly,android
9535,2026-07-16 04:57:00,organic,monthly,android
9536,2026-07-15 02:08:06,organic,monthly,android
9537,2026-03-11 00:36:31,paid_search,annual,ios
9538,2026-07-25 05:47:13,referral,monthly,web
9539,2026-07-11 23:55:30,paid_search,monthly,ios
9540,2026-05-05 15:13:36,paid_search,monthly,android
9541,2026-03-23 22:57:22,influencer,monthly,android
9542,2026-07-09 12:00:32,referral,monthly,android
9543,2026-07-11 10:23:41,paid_search,annual,web
9544,2026-05-22 16:14:18,organic,annual,android
9545,2026-07-28 05:05:21,organic,annual,web
9546,2026-05-25 20:30:07,organic,monthly,android
9547,2026-07-07 04:36:08,referral,monthly,ios
9548,2026-04-23 08:24:14,paid_search,monthly,android
9549,2026-07-28 19:43:15,influencer,monthly,web
9550,2026-05-11 23:09:27,referral,annual,android
9551,2026-08-04 04:41:30,paid_search,monthly,ios
9552,2026-08-17 01:45:59,organic,monthly,android
9553,2026-06-07 18:38:46,influencer,annual,ios
9554,2026-03-18 06:32:51,organic,annual,ios
9555,2026-07-30 09:22:08,paid_search,monthly,android
9556,2026-04-16 15:33:02,influencer,monthly,android
9557,2026-04-10 12:51:31,organic,monthly,android
9558,2026-08-11 10:23:26,paid_search,monthly,android
9559,2026-07-11 11:13:22,organic,monthly,ios
9560,2026-07-03 03:03:37,paid_search,annual,ios
9561,2026-08-23 01:25:04,paid_search,monthly,ios
9562,2026-05-14 17:12:16,influencer,monthly,ios
9563,2026-06-02 19:12:38,referral,monthly,ios
9564,2026-03-01 21:23:54,organic,monthly,ios
9565,2026-06-25 20:25:52,organic,monthly,android
9566,2026-03-21 07:15:01,organic,monthly,ios
9567,2026-07-21 05:38:56,organic,annual,android
9568,2026-07-02 23:12:36,organic,monthly,ios
9569,2026-08-12 01:30:08,referral,annual,android
9570,2026-04-05 17:20:22,paid_search,monthly,ios
9571,2026-08-18 17:40:39,paid_search,monthly,android
9572,2026-04-05 06:52:59,organic,monthly,web
9573,2026-08-01 18:20:27,paid_search,monthly,ios
9574,2026-07-15 12:05:41,paid_search,annual,web
9575,2026-07-10 18:09:48,organic,annual,ios
9576,2026-06-10 01:37:43,influencer,annual,ios
9577,2026-06-13 08:43:16,referral,monthly,android
9578,2026-05-31 06:27:10,referral,monthly,ios
9579,2026-08-30 21:14:33,influencer,monthly,ios
9580,2026-04-21 22:15:26,organic,monthly,ios
9581,2026-07-30 03:23:40,referral,monthly,android
9582,2026-07-14 20:24:48,organic,monthly,web
9583,2026-07-26 18:39:03,organic,monthly,ios
9584,2026-03-17 11:40:53,organic,monthly,ios
9585,2026-07-20 15:16:46,paid_search,monthly,ios
9586,2026-06-03 05:12:12,influencer,monthly,ios
9587,2026-08-05 20:04:40,referral,annual,ios
9588,2026-06-21 01:51:57,referral,monthly,ios
9589,2026-03-03 17:47:48,organic,monthly,ios
9590,2026-06-11 19:49:39,paid_search,monthly,web
9591,2026-08-08 00:10:29,paid_search,monthly,ios
9592,2026-03-05 02:02:24,paid_search,annual,ios
9593,2026-08-13 03:52:05,organic,monthly,web
9594,2026-08-08 11:49:08,paid_search,monthly,ios
9595,2026-07-24 04:33:36,influencer,monthly,ios
9596,2026-06-08 05:27:28,referral,monthly,ios
9597,2026-07-26 14:55:10,paid_search,monthly,android
9598,2026-07-02 08:55:49,referral,monthly,ios
9599,2026-07-16 04:59:45,organic,monthly,android
9600,2026-07-01 15:53:18,paid_search,monthly,android
9601,2026-08-14 14:03:16,influencer,annual,ios
9602,2026-06-07 06:13:46,organic,monthly,ios
9603,2026-03-07 23:58:03,influencer,annual,ios
9604,2026-05-08 22:16:54,paid_search,annual,web
9605,2026-05-20 17:36:11,paid_search,monthly,web
9606,2026-04-28 10:03:03,referral,monthly,ios
9607,2026-03-04 07:17:30,paid_search,monthly,android
9608,2026-05-01 01:05:39,referral,monthly,android
9609,2026-06-01 14:45:41,paid_search,monthly,android
9610,2026-03-17 09:50:44,paid_search,annual,ios
9611,2026-03-15 23:05:03,influencer,monthly,ios
9612,2026-08-20 13:59:55,referral,annual,ios
9613,2026-04-14 23:43:25,paid_search,annual,ios
9614,2026-04-18 18:58:57,paid_search,annual,ios
9615,2026-08-05 21:08:52,referral,monthly,android
9616,2026-03-20 15:46:27,organic,monthly,web
9617,2026-06-30 23:35:06,paid_search,annual,ios
9618,2026-03-27 09:20:43,organic,monthly,android
9619,2026-06-20 10:27:27,paid_search,monthly,ios
9620,2026-03-29 07:27:51,referral,annual,ios
9621,2026-04-19 17:32:16,organic,monthly,web
9622,2026-05-21 18:39:49,organic,monthly,ios
9623,2026-03-08 22:16:30,influencer,monthly,ios
9624,2026-06-30 15:19:56,paid_search,monthly,web
9625,2026-04-13 19:33:08,organic,monthly,android
9626,2026-07-25 17:38:46,paid_search,monthly,web
9627,2026-03-09 03:20:08,organic,annual,web
9628,2026-03-07 14:57:48,referral,annual,web
9629,2026-07-17 22:11:26,paid_search,annual,android
9630,2026-08-10 22:40:46,referral,annual,android
9631,2026-03-08 03:50:42,paid_search,monthly,ios
9632,2026-08-30 11:41:10,referral,monthly,android
9633,2026-05-28 17:50:39,influencer,monthly,ios
9634,2026-04-21 14:06:39,referral,monthly,android
9635,2026-07-02 17:15:04,referral,annual,android
9636,2026-06-12 10:19:38,paid_search,annual,android
9637,2026-04-12 22:26:05,paid_search,monthly,android
9638,2026-05-11 21:09:35,paid_search,annual,ios
9639,2026-07-03 14:09:17,paid_search,monthly,web
9640,2026-04-12 15:09:18,influencer,monthly,android
9641,2026-04-14 21:29:52,referral,monthly,ios
9642,2026-07-16 18:04:24,organic,monthly,ios
9643,2026-07-22 13:36:16,paid_search,monthly,android
9644,2026-07-01 12:31:10,organic,monthly,android
9645,2026-05-14 19:06:50,referral,monthly,ios
9646,2026-04-15 13:46:50,organic,monthly,android
9647,2026-04-25 21:38:59,paid_search,annual,web
9648,2026-07-30 23:11:41,organic,annual,ios
9649,2026-06-22 17:08:12,paid_search,monthly,android
9650,2026-07-16 00:55:04,organic,monthly,ios
9651,2026-04-10 08:42:05,influencer,monthly,android
9652,2026-07-19 15:45:42,referral,monthly,android
9653,2026-08-20 10:27:08,paid_search,monthly,web
9654,2026-04-22 21:34:07,influencer,monthly,android
9655,2026-03-21 12:32:48,organic,annual,ios
9656,2026-04-10 22:35:55,organic,monthly,android
9657,2026-04-27 05:52:27,organic,monthly,android
9658,2026-08-11 22:32:59,referral,monthly,android
9659,2026-05-23 23:27:34,influencer,monthly,ios
9660,2026-06-10 14:32:38,paid_search,annual,ios
9661,2026-05-28 08:52:05,paid_search,monthly,android
9662,2026-03-26 22:31:54,organic,monthly,ios
9663,2026-05-23 22:35:26,influencer,monthly,web
9664,2026-04-27 20:05:22,paid_search,monthly,ios
9665,2026-04-23 01:13:22,referral,annual,android
9666,2026-05-17 05:00:24,organic,monthly,web
9667,2026-03-11 11:07:27,paid_search,annual,ios
9668,2026-03-02 03:13:39,paid_search,monthly,ios
9669,2026-07-21 13:15:30,referral,monthly,ios
9670,2026-06-22 07:03:18,paid_search,monthly,web
9671,2026-04-11 00:50:31,influencer,monthly,web
9672,2026-04-02 16:37:18,organic,monthly,android
9673,2026-07-17 20:58:01,organic,monthly,android
9674,2026-05-25 09:01:19,paid_search,monthly,ios
9675,2026-05-27 05:21:39,organic,monthly,ios
9676,2026-05-02 14:33:50,organic,annual,web
9677,2026-05-23 00:14:59,paid_search,annual,android
9678,2026-08-22 07:51:08,paid_search,monthly,web
9679,2026-03-10 18:50:16,paid_search,annual,android
9680,2026-04-17 10:24:36,paid_search,monthly,ios
9681,2026-07-04 04:50:50,referral,monthly,ios
9682,2026-03-16 23:27:11,influencer,monthly,web
9683,2026-07-09 08:54:39,paid_search,monthly,web
9684,2026-06-12 11:13:05,paid_search,annual,ios
9685,2026-07-15 19:03:44,organic,monthly,web
9686,2026-06-21 20:07:48,influencer,monthly,ios
9687,2026-03-21 14:56:09,organic,monthly,android
9688,2026-06-27 06:56:35,organic,monthly,web
9689,2026-08-31 14:31:19,organic,monthly,android
9690,2026-04-26 08:45:45,referral,monthly,ios
9691,2026-06-30 00:14:12,paid_search,annual,web
9692,2026-03-04 04:01:52,paid_search,monthly,ios
9693,2026-08-12 02:44:37,influencer,monthly,ios
9694,2026-06-20 01:33:34,influencer,monthly,web
9695,2026-07-02 20:01:13,paid_search,annual,android
9696,2026-05-16 13:31:01,paid_search,annual,web
9697,2026-04-06 07:46:47,paid_search,annual,ios
9698,2026-08-21 06:38:18,organic,monthly,android
9699,2026-05-12 20:21:28,paid_search,monthly,ios
9700,2026-07-04 12:48:07,paid_search,monthly,android
9701,2026-08-29 12:09:05,organic,annual,web
9702,2026-04-12 04:30:46,paid_search,monthly,android
9703,2026-04-19 20:54:31,organic,monthly,ios
9704,2026-04-13 01:28:25,referral,monthly,web
9705,2026-06-10 19:35:22,referral,annual,android
9706,2026-07-26 11:51:47,organic,monthly,ios
9707,2026-08-02 01:00:07,paid_search,annual,web
9708,2026-04-07 13:16:40,paid_search,annual,ios
9709,2026-06-07 14:54:26,organic,monthly,web
9710,2026-08-02 20:55:28,paid_search,monthly,web
9711,2026-08-20 00:39:07,organic,monthly,web
9712,2026-03-23 09:12:46,paid_search,monthly,android
9713,2026-08-12 11:08:55,referral,annual,android
9714,2026-07-02 03:19:03,organic,monthly,ios
9715,2026-05-11 02:35:57,organic,annual,ios
9716,2026-06-26 22:07:35,organic,monthly,ios
9717,2026-07-19 05:05:50,paid_search,monthly,android
9718,2026-05-13 09:14:33,paid_search,monthly,web
9719,2026-06-18 06:36:45,influencer,annual,ios
9720,2026-07-06 01:10:43,influencer,monthly,android
9721,2026-08-03 02:49:20,paid_search,annual,android
9722,2026-06-08 02:37:19,influencer,monthly,ios
9723,2026-06-14 06:25:18,paid_search,annual,android
9724,2026-03-01 23:19:33,paid_search,monthly,ios
9725,2026-03-04 05:22:12,organic,monthly,web
9726,2026-03-11 02:55:28,organic,annual,ios
9727,2026-07-20 17:33:11,paid_search,monthly,ios
9728,2026-04-05 23:40:52,organic,monthly,android
9729,2026-05-31 07:03:29,referral,monthly,web
9730,2026-08-15 23:48:29,paid_search,monthly,ios
9731,2026-05-07 14:03:03,organic,annual,ios
9732,2026-04-19 11:56:37,paid_search,monthly,android
9733,2026-07-05 16:38:32,paid_search,monthly,android
9734,2026-05-16 01:22:18,paid_search,monthly,android
9735,2026-07-12 20:20:05,organic,annual,android
9736,2026-06-07 22:22:21,organic,monthly,ios
9737,2026-03-23 17:01:42,paid_search,monthly,ios
9738,2026-07-23 23:42:18,organic,monthly,web
9739,2026-08-08 07:05:29,referral,monthly,android
9740,2026-07-21 22:51:02,influencer,annual,android
9741,2026-04-19 21:27:19,paid_search,monthly,android
9742,2026-07-19 08:39:46,influencer,monthly,web
9743,2026-08-16 10:11:29,paid_search,annual,android
9744,2026-08-03 09:42:58,paid_search,monthly,ios
9745,2026-07-21 14:21:23,referral,monthly,ios
9746,2026-05-15 05:29:42,referral,monthly,android
9747,2026-06-19 04:49:15,referral,monthly,ios
9748,2026-07-25 12:02:37,paid_search,monthly,android
9749,2026-07-16 20:54:02,paid_search,monthly,ios
9750,2026-06-08 20:43:25,influencer,monthly,ios
9751,2026-05-17 02:32:27,organic,monthly,android
9752,2026-08-16 18:11:05,referral,monthly,ios
9753,2026-07-24 05:02:49,influencer,monthly,ios
9754,2026-07-20 20:40:37,organic,monthly,ios
9755,2026-03-20 18:43:28,organic,monthly,ios
9756,2026-07-17 15:32:12,influencer,monthly,android
9757,2026-04-21 02:47:51,paid_search,monthly,android
9758,2026-08-08 11:45:50,referral,monthly,ios
9759,2026-06-15 13:01:08,organic,monthly,web
9760,2026-08-29 14:33:52,organic,monthly,web
9761,2026-06-15 20:34:14,organic,monthly,web
9762,2026-03-10 11:42:24,paid_search,monthly,web
9763,2026-04-17 09:15:21,paid_search,monthly,ios
9764,2026-05-26 09:04:57,organic,annual,web
9765,2026-05-19 08:45:35,referral,annual,ios
9766,2026-05-26 10:19:22,referral,annual,android
9767,2026-07-03 15:10:26,influencer,annual,android
9768,2026-07-18 07:02:34,organic,monthly,ios
9769,2026-05-30 16:14:11,referral,monthly,android
9770,2026-05-10 04:54:14,paid_search,monthly,android
9771,2026-06-12 00:31:11,influencer,monthly,ios
9772,2026-04-14 02:15:54,influencer,monthly,ios
9773,2026-05-15 06:29:00,paid_search,annual,ios
9774,2026-08-12 16:08:59,organic,monthly,web
9775,2026-05-05 03:09:06,influencer,monthly,ios
9776,2026-08-15 16:51:32,paid_search,monthly,android
9777,2026-08-09 13:32:58,paid_search,annual,web
9778,2026-05-15 01:53:58,referral,annual,web
9779,2026-08-06 16:03:41,referral,monthly,android
9780,2026-08-08 23:40:49,organic,monthly,android
9781,2026-08-17 09:06:55,paid_search,annual,ios
9782,2026-06-06 08:05:54,organic,monthly,ios
9783,2026-08-03 09:09:38,influencer,monthly,ios
9784,2026-04-26 13:59:53,referral,monthly,ios
9785,2026-05-29 01:30:23,paid_search,annual,android
9786,2026-08-11 14:24:09,organic,monthly,web
9787,2026-03-26 18:31:48,organic,monthly,ios
9788,2026-05-14 22:21:25,influencer,monthly,android
9789,2026-07-20 00:02:03,organic,monthly,ios
9790,2026-05-17 12:16:16,referral,annual,web
9791,2026-07-14 21:39:06,referral,annual,ios
9792,2026-08-20 03:32:07,paid_search,monthly,ios
9793,2026-05-14 03:50:11,paid_search,monthly,web
9794,2026-06-05 20:20:51,referral,monthly,android
9795,2026-04-02 15:08:05,influencer,monthly,web
9796,2026-05-17 05:18:09,paid_search,monthly,android
9797,2026-03-19 16:48:00,influencer,monthly,android
9798,2026-07-06 22:14:45,influencer,monthly,android
9799,2026-07-28 07:06:10,referral,monthly,web
9800,2026-06-12 22:19:51,referral,annual,web
9801,2026-07-16 03:46:13,organic,annual,web
9802,2026-07-12 01:37:14,referral,monthly,android
9803,2026-05-19 21:54:43,influencer,monthly,ios
9804,2026-05-12 13:51:33,organic,monthly,ios
9805,2026-08-22 11:35:58,organic,monthly,android
9806,2026-07-24 07:37:00,influencer,annual,android
9807,2026-08-17 05:27:41,paid_search,monthly,android
9808,2026-04-04 09:56:11,organic,annual,ios
9809,2026-07-27 18:42:50,referral,annual,android
9810,2026-03-02 11:37:08,paid_search,monthly,android
9811,2026-05-31 12:05:51,organic,monthly,android
9812,2026-05-07 17:40:17,organic,annual,android
9813,2026-07-09 10:26:55,organic,monthly,web
9814,2026-08-26 09:35:16,organic,monthly,android
9815,2026-07-14 16:20:25,paid_search,annual,android
9816,2026-04-10 01:49:01,organic,annual,android
9817,2026-03-13 15:25:20,influencer,annual,ios
9818,2026-07-14 05:17:40,organic,monthly,ios
9819,2026-06-11 11:29:51,referral,annual,android
9820,2026-04-03 18:19:50,paid_search,monthly,web
9821,2026-08-06 10:50:41,paid_search,monthly,web
9822,2026-07-05 01:52:58,organic,annual,web
9823,2026-08-04 21:30:35,referral,monthly,web
9824,2026-06-16 19:42:11,paid_search,monthly,ios
9825,2026-03-07 23:13:23,paid_search,monthly,android
9826,2026-06-25 19:57:12,influencer,annual,ios
9827,2026-03-11 07:43:05,organic,monthly,android
9828,2026-06-29 04:12:39,paid_search,monthly,web
9829,2026-05-30 16:17:50,paid_search,monthly,android
9830,2026-04-03 08:25:38,paid_search,monthly,android
9831,2026-07-22 20:54:54,organic,annual,ios
9832,2026-03-25 11:19:24,organic,annual,ios
9833,2026-07-08 03:44:31,organic,monthly,ios
9834,2026-06-26 02:30:42,organic,annual,ios
9835,2026-08-28 13:23:19,organic,monthly,android
9836,2026-06-01 12:18:48,paid_search,annual,android
9837,2026-06-18 04:58:01,influencer,annual,ios
9838,2026-07-28 05:02:57,organic,annual,android
9839,2026-03-24 13:55:30,paid_search,monthly,ios
9840,2026-08-06 12:05:15,referral,monthly,android
9841,2026-07-26 18:57:34,referral,annual,android
9842,2026-06-25 23:10:05,referral,monthly,ios
9843,2026-03-16 11:09:31,paid_search,monthly,web
9844,2026-05-25 05:29:04,influencer,monthly,ios
9845,2026-07-17 10:55:44,referral,monthly,ios
9846,2026-08-18 15:33:18,referral,monthly,android
9847,2026-03-23 17:57:00,organic,annual,ios
9848,2026-05-12 21:52:54,referral,monthly,android
9849,2026-04-17 08:01:17,paid_search,monthly,ios
9850,2026-05-14 09:01:45,organic,monthly,android
9851,2026-05-08 17:27:03,referral,monthly,ios
9852,2026-07-21 13:18:21,paid_search,monthly,ios
9853,2026-05-04 18:56:30,paid_search,annual,ios
9854,2026-03-20 01:18:25,organic,annual,android
9855,2026-07-16 19:14:49,influencer,annual,android
9856,2026-05-12 21:31:17,influencer,annual,android
9857,2026-04-28 03:14:59,organic,monthly,android
9858,2026-04-05 20:30:23,influencer,annual,android
9859,2026-07-09 22:58:59,influencer,monthly,android
9860,2026-07-01 01:44:05,influencer,annual,ios
9861,2026-07-25 06:51:22,influencer,monthly,android
9862,2026-08-23 09:15:10,organic,monthly,ios
9863,2026-06-18 05:18:28,organic,monthly,android
9864,2026-04-11 19:39:02,referral,monthly,android
9865,2026-05-05 09:52:51,paid_search,monthly,android
9866,2026-04-05 09:41:47,paid_search,monthly,ios
9867,2026-06-23 22:43:28,referral,annual,web
9868,2026-07-23 02:10:36,organic,monthly,ios
9869,2026-07-27 15:21:06,influencer,annual,android
9870,2026-06-07 10:53:13,paid_search,annual,ios
9871,2026-05-14 03:47:19,organic,monthly,ios
9872,2026-03-31 15:05:44,paid_search,annual,android
9873,2026-05-30 02:52:53,organic,monthly,android
9874,2026-07-16 15:15:27,organic,monthly,ios
9875,2026-06-15 17:45:40,referral,annual,web
9876,2026-08-14 21:13:01,influencer,monthly,ios
9877,2026-07-01 00:02:30,organic,monthly,android
9878,2026-06-02 22:41:52,paid_search,monthly,android
9879,2026-08-08 00:34:24,organic,annual,android
9880,2026-07-28 07:39:33,organic,monthly,android
9881,2026-07-17 22:32:08,paid_search,monthly,ios
9882,2026-04-16 10:49:49,organic,annual,android
9883,2026-04-08 18:12:27,referral,monthly,android
9884,2026-07-10 04:47:17,organic,annual,ios
9885,2026-08-06 14:48:29,paid_search,monthly,ios
9886,2026-07-04 05:54:20,organic,monthly,ios
9887,2026-07-07 22:23:40,paid_search,annual,ios
9888,2026-07-27 16:00:50,paid_search,annual,ios
9889,2026-03-02 18:33:11,paid_search,monthly,android
9890,2026-04-22 23:41:35,paid_search,annual,android
9891,2026-05-16 17:43:29,organic,monthly,web
9892,2026-06-28 19:57:26,referral,monthly,web
9893,2026-04-26 18:09:49,referral,monthly,ios
9894,2026-07-04 03:57:10,organic,monthly,android
9895,2026-07-23 21:04:18,referral,monthly,android
9896,2026-08-06 07:28:32,influencer,monthly,ios
9897,2026-07-07 02:12:27,paid_search,annual,ios
9898,2026-07-25 03:43:16,paid_search,monthly,ios
9899,2026-07-26 17:41:23,paid_search,annual,android
9900,2026-07-06 05:17:08,paid_search,monthly,ios
9901,2026-07-11 14:31:41,influencer,monthly,ios
9902,2026-05-04 22:27:01,organic,monthly,web
9903,2026-03-08 09:40:18,referral,monthly,ios
9904,2026-05-02 14:31:46,organic,annual,android
9905,2026-05-27 11:43:53,organic,annual,android
9906,2026-08-09 06:47:20,organic,monthly,ios
9907,2026-04-19 19:02:16,paid_search,monthly,web
9908,2026-06-24 23:07:52,organic,monthly,android
9909,2026-07-19 14:44:59,influencer,monthly,web
9910,2026-04-14 11:57:15,organic,annual,ios
9911,2026-07-08 13:25:19,paid_search,annual,ios
9912,2026-04-12 10:57:46,referral,monthly,ios
9913,2026-05-10 16:44:52,paid_search,monthly,android
9914,2026-07-28 15:14:19,paid_search,annual,web
9915,2026-06-14 07:17:31,referral,monthly,web
9916,2026-08-25 21:11:42,referral,monthly,web
9917,2026-08-09 19:38:34,paid_search,monthly,ios
9918,2026-05-20 07:07:08,influencer,monthly,android
9919,2026-03-23 15:12:40,organic,annual,web
9920,2026-05-20 12:08:42,paid_search,monthly,android
9921,2026-07-29 13:26:46,referral,annual,ios
9922,2026-03-30 10:07:35,influencer,monthly,android
9923,2026-04-10 17:33:24,organic,annual,ios
9924,2026-07-12 14:06:05,organic,monthly,web
9925,2026-04-18 08:24:46,paid_search,annual,ios
9926,2026-05-31 01:43:11,influencer,annual,ios
9927,2026-07-22 08:05:51,influencer,monthly,ios
9928,2026-03-02 08:15:27,organic,annual,ios
9929,2026-04-05 20:20:36,referral,monthly,web
9930,2026-06-04 03:43:02,influencer,monthly,ios
9931,2026-08-01 13:05:59,referral,monthly,android
9932,2026-06-09 23:00:37,influencer,monthly,android
9933,2026-07-13 11:57:56,organic,monthly,android
9934,2026-03-14 17:05:47,organic,monthly,ios
9935,2026-08-11 06:36:58,paid_search,monthly,ios
9936,2026-03-30 09:50:41,organic,annual,ios
9937,2026-04-09 19:39:13,referral,monthly,android
9938,2026-08-13 20:34:30,influencer,monthly,ios
9939,2026-08-07 16:20:37,referral,annual,android
9940,2026-07-05 04:39:17,paid_search,annual,android
9941,2026-05-07 07:34:14,paid_search,monthly,android
9942,2026-07-03 00:05:49,referral,monthly,android
9943,2026-08-30 23:52:25,referral,monthly,ios
9944,2026-08-03 06:07:33,paid_search,monthly,ios
9945,2026-04-05 10:20:19,referral,monthly,ios
9946,2026-08-03 05:46:29,paid_search,monthly,ios
9947,2026-08-16 07:49:22,paid_search,monthly,web
9948,2026-08-25 23:49:16,organic,monthly,ios
9949,2026-08-03 01:13:38,referral,monthly,ios
9950,2026-07-15 10:24:56,paid_search,monthly,web
9951,2026-06-25 10:53:04,paid_search,monthly,android
9952,2026-07-07 13:23:58,influencer,monthly,web
9953,2026-06-07 01:42:22,referral,monthly,web
9954,2026-06-03 22:30:38,organic,monthly,android
9955,2026-05-20 04:35:32,organic,monthly,ios
9956,2026-08-25 12:51:25,paid_search,monthly,web
9957,2026-04-11 13:40:38,paid_search,annual,ios
9958,2026-08-28 06:31:16,paid_search,monthly,web
9959,2026-05-10 06:59:34,organic,monthly,android
9960,2026-03-04 21:34:40,paid_search,monthly,web
9961,2026-07-29 09:10:51,referral,annual,ios
9962,2026-05-25 17:24:08,organic,monthly,android
9963,2026-07-23 07:23:38,paid_search,annual,ios
9964,2026-06-15 04:11:04,organic,monthly,ios
9965,2026-03-16 15:50:53,referral,monthly,android
9966,2026-07-09 07:45:05,paid_search,annual,android
9967,2026-04-07 09:02:21,referral,monthly,android
9968,2026-04-29 18:30:30,organic,annual,ios
9969,2026-06-30 20:55:22,paid_search,monthly,android
9970,2026-03-05 17:59:17,paid_search,annual,ios
9971,2026-06-20 00:03:29,referral,monthly,android
9972,2026-08-03 07:27:21,referral,monthly,android
9973,2026-08-18 00:28:33,paid_search,monthly,ios
9974,2026-08-16 20:11:35,organic,monthly,ios
9975,2026-08-29 02:51:19,paid_search,monthly,web
9976,2026-07-01 23:04:52,influencer,monthly,ios
9977,2026-08-09 07:03:43,referral,monthly,ios
9978,2026-03-26 15:43:15,paid_search,monthly,web
9979,2026-07-08 20:59:41,organic,monthly,web
9980,2026-08-27 21:37:10,paid_search,monthly,android
9981,2026-08-07 01:54:08,referral,monthly,ios
9982,2026-08-06 00:24:02,paid_search,monthly,android
9983,2026-04-24 22:16:20,paid_search,monthly,web
9984,2026-07-26 13:52:23,paid_search,monthly,web
9985,2026-05-13 05:16:47,referral,monthly,web
9986,2026-08-10 21:47:17,organic,monthly,web
9987,2026-07-14 04:33:57,referral,monthly,ios
9988,2026-03-10 21:16:06,paid_search,monthly,android
9989,2026-08-12 06:39:55,organic,monthly,android
9990,2026-06-28 04:44:58,referral,annual,android
9991,2026-06-24 20:15:18,paid_search,monthly,ios
9992,2026-03-14 11:24:17,organic,monthly,ios
9993,2026-04-16 17:02:58,organic,annual,ios
9994,2026-05-19 15:52:25,referral,monthly,web
9995,2026-08-26 23:08:14,referral,annual,android
9996,2026-04-30 03:21:59,paid_search,monthly,android
9997,2026-08-02 11:18:10,paid_search,monthly,android
9998,2026-04-27 15:18:34,referral,annual,android
9999,2026-07-31 19:50:43,organic,monthly,ios
10000,2026-08-26 00:12:04,influencer,monthly,ios
10001,2026-04-08 08:01:11,paid_search,monthly,web
10002,2026-05-22 03:54:09,paid_search,annual,android
10003,2026-07-11 02:30:11,paid_search,monthly,ios
10004,2026-03-23 02:11:19,organic,monthly,ios
10005,2026-07-15 00:35:41,paid_search,annual,android
10006,2026-08-20 16:35:31,influencer,monthly,ios
10007,2026-04-20 19:48:01,referral,monthly,ios
10008,2026-04-14 20:22:45,paid_search,monthly,web
10009,2026-08-20 19:43:39,influencer,monthly,ios
10010,2026-05-12 15:42:38,referral,monthly,ios
10011,2026-07-10 02:38:03,paid_search,annual,ios
10012,2026-06-13 03:54:36,organic,monthly,ios
10013,2026-07-13 15:12:58,referral,monthly,web
10014,2026-07-27 21:56:41,referral,monthly,ios
10015,2026-04-22 00:44:53,referral,annual,android
10016,2026-03-17 15:55:52,paid_search,monthly,ios
10017,2026-04-22 05:33:08,paid_search,monthly,android
10018,2026-04-12 13:14:14,referral,monthly,ios
10019,2026-07-18 14:39:49,organic,monthly,ios
10020,2026-05-20 10:50:36,influencer,monthly,android
10021,2026-08-11 03:55:54,organic,monthly,android
10022,2026-07-24 13:24:42,influencer,monthly,ios
10023,2026-08-02 09:29:26,paid_search,annual,ios
10024,2026-07-31 05:45:46,referral,annual,ios
10025,2026-06-19 01:17:03,paid_search,monthly,android
10026,2026-06-28 05:54:31,organic,annual,android
10027,2026-06-16 04:44:17,organic,annual,ios
10028,2026-07-17 12:41:18,referral,monthly,android
10029,2026-03-22 14:20:22,paid_search,annual,ios
10030,2026-03-17 18:50:27,referral,monthly,android
10031,2026-06-29 09:52:01,paid_search,monthly,web
10032,2026-08-28 18:55:40,paid_search,monthly,ios
10033,2026-04-22 00:33:25,referral,monthly,android
10034,2026-03-14 15:33:13,influencer,annual,android
10035,2026-03-03 10:27:41,paid_search,annual,android
10036,2026-03-19 22:59:22,influencer,monthly,ios
10037,2026-06-22 20:33:49,referral,annual,android
10038,2026-04-12 01:06:44,paid_search,monthly,web
10039,2026-06-07 14:50:40,referral,monthly,android
10040,2026-06-21 02:12:50,organic,monthly,android
10041,2026-04-03 04:49:22,paid_search,monthly,android
10042,2026-07-04 05:44:11,paid_search,monthly,ios
10043,2026-06-16 20:12:53,organic,annual,ios
10044,2026-06-01 14:33:30,organic,monthly,ios
10045,2026-08-30 18:32:20,referral,monthly,ios
10046,2026-03-01 02:31:22,organic,annual,android
10047,2026-05-05 03:02:43,organic,monthly,web
10048,2026-08-22 15:08:26,paid_search,monthly,ios
10049,2026-07-18 07:59:49,influencer,annual,ios
10050,2026-08-13 09:51:33,organic,monthly,ios
10051,2026-05-08 08:55:35,organic,monthly,ios
10052,2026-04-21 12:30:24,referral,monthly,ios
10053,2026-05-29 14:53:29,referral,annual,web
10054,2026-05-20 18:40:38,paid_search,monthly,web
10055,2026-04-23 00:42:21,paid_search,monthly,ios
10056,2026-03-22 16:45:35,organic,monthly,android
10057,2026-05-15 03:21:45,organic,monthly,android
10058,2026-08-14 05:53:05,referral,monthly,web
10059,2026-07-18 03:48:48,organic,annual,web
10060,2026-05-13 23:29:34,paid_search,monthly,ios
10061,2026-06-05 05:17:39,organic,monthly,ios
10062,2026-07-13 22:39:43,paid_search,monthly,android
10063,2026-04-04 14:40:57,organic,annual,android
10064,2026-05-01 17:35:51,organic,monthly,web
10065,2026-04-10 08:53:44,organic,monthly,android
10066,2026-06-09 19:16:21,paid_search,monthly,web
10067,2026-03-26 08:37:20,paid_search,monthly,android
10068,2026-07-27 23:10:45,organic,monthly,web
10069,2026-04-25 21:34:12,referral,monthly,android
10070,2026-06-16 02:34:35,organic,annual,ios
10071,2026-06-27 13:51:08,referral,monthly,web
10072,2026-07-24 09:57:15,paid_search,monthly,ios
10073,2026-06-06 21:34:27,referral,annual,ios
10074,2026-07-13 06:07:21,influencer,monthly,web
10075,2026-08-07 03:57:00,organic,annual,android
10076,2026-03-22 05:05:38,organic,monthly,android
10077,2026-07-18 20:50:27,influencer,monthly,ios
10078,2026-05-28 08:02:15,paid_search,annual,ios
10079,2026-06-21 14:25:12,paid_search,monthly,ios
10080,2026-07-11 14:25:14,organic,monthly,android
10081,2026-07-15 05:14:50,paid_search,monthly,ios
10082,2026-04-21 02:03:41,organic,monthly,web
10083,2026-08-30 09:40:11,referral,monthly,android
10084,2026-04-09 18:29:34,influencer,monthly,ios
10085,2026-07-23 20:52:50,referral,monthly,ios
10086,2026-06-14 14:20:09,referral,annual,ios
10087,2026-07-18 14:30:56,organic,annual,android
10088,2026-07-06 11:28:06,referral,annual,ios
10089,2026-08-12 13:47:35,organic,monthly,android
10090,2026-08-19 13:27:55,paid_search,monthly,ios
10091,2026-08-15 18:47:06,organic,annual,ios
10092,2026-06-14 15:17:59,referral,monthly,web
10093,2026-06-08 23:44:01,organic,monthly,android
10094,2026-06-22 04:21:34,referral,monthly,android
10095,2026-03-31 21:55:26,organic,monthly,ios
10096,2026-07-20 07:52:04,organic,monthly,ios
10097,2026-04-27 23:00:44,paid_search,annual,android
10098,2026-08-31 05:54:02,paid_search,monthly,ios
10099,2026-03-09 06:12:29,organic,monthly,ios
10100,2026-07-02 08:33:21,organic,monthly,web
10101,2026-08-19 01:57:42,referral,annual,web
10102,2026-04-22 07:57:35,organic,monthly,ios
10103,2026-05-06 18:49:46,paid_search,monthly,web
10104,2026-07-27 20:54:32,paid_search,monthly,android
10105,2026-04-17 20:21:32,influencer,monthly,ios
10106,2026-07-10 17:34:21,paid_search,monthly,ios
10107,2026-06-09 23:11:21,influencer,monthly,web
10108,2026-04-26 11:49:41,paid_search,monthly,ios
10109,2026-03-14 20:01:07,referral,annual,android
10110,2026-06-21 12:48:33,influencer,monthly,android
10111,2026-07-20 06:26:35,paid_search,monthly,android
10112,2026-06-13 22:24:32,organic,monthly,android
10113,2026-07-01 13:04:52,paid_search,annual,android
10114,2026-07-29 18:21:19,influencer,monthly,web
10115,2026-05-15 03:59:25,referral,monthly,web
10116,2026-07-20 15:41:44,paid_search,monthly,web
10117,2026-06-01 04:47:49,organic,annual,ios
10118,2026-05-14 05:14:20,influencer,monthly,android
10119,2026-07-18 20:25:43,paid_search,annual,android
10120,2026-04-03 10:18:45,paid_search,monthly,web
10121,2026-05-21 10:50:44,organic,monthly,ios
10122,2026-04-26 00:03:07,paid_search,annual,ios
10123,2026-06-10 00:37:12,paid_search,monthly,ios
10124,2026-08-23 04:29:43,influencer,annual,android
10125,2026-07-24 07:14:46,paid_search,monthly,ios
10126,2026-05-19 16:15:50,organic,monthly,ios
10127,2026-06-01 09:42:58,referral,monthly,android
10128,2026-06-03 07:57:40,referral,monthly,web
10129,2026-07-10 07:12:43,paid_search,monthly,android
10130,2026-08-18 01:01:41,referral,annual,ios
10131,2026-06-03 18:47:45,paid_search,monthly,ios
10132,2026-03-22 09:17:21,paid_search,annual,ios
10133,2026-03-20 12:39:28,paid_search,monthly,android
10134,2026-07-21 10:43:29,paid_search,monthly,android
10135,2026-08-08 13:56:22,influencer,monthly,android
10136,2026-07-21 08:32:23,paid_search,monthly,ios
10137,2026-04-02 04:14:47,organic,monthly,android
10138,2026-03-23 17:10:17,paid_search,monthly,web
10139,2026-06-29 13:27:38,referral,annual,android
10140,2026-03-14 06:03:27,paid_search,monthly,android
10141,2026-08-04 01:34:28,referral,monthly,android
10142,2026-08-07 10:36:51,influencer,monthly,ios
10143,2026-04-03 14:45:30,organic,monthly,ios
10144,2026-03-08 20:53:45,organic,annual,ios
10145,2026-03-04 00:44:26,organic,annual,ios
10146,2026-08-29 10:49:16,paid_search,monthly,android
10147,2026-06-02 13:23:48,referral,monthly,android
10148,2026-04-09 13:35:16,paid_search,monthly,ios
10149,2026-07-25 04:02:35,paid_search,monthly,web
10150,2026-06-17 09:22:27,organic,monthly,ios
10151,2026-08-22 11:53:34,organic,monthly,web
10152,2026-08-01 10:19:35,influencer,annual,android
10153,2026-08-17 21:13:38,influencer,monthly,android
10154,2026-06-17 18:54:21,organic,monthly,android
10155,2026-07-09 01:33:12,referral,monthly,web
10156,2026-08-02 17:03:29,paid_search,monthly,ios
10157,2026-08-10 20:34:43,paid_search,monthly,ios
10158,2026-04-29 15:05:41,paid_search,monthly,ios
10159,2026-07-22 08:45:56,organic,annual,ios
10160,2026-07-05 04:08:09,organic,monthly,android
10161,2026-04-27 23:10:31,referral,annual,ios
10162,2026-08-12 10:00:18,paid_search,monthly,android
10163,2026-08-01 20:19:08,paid_search,monthly,ios
10164,2026-08-29 10:54:32,paid_search,annual,ios
10165,2026-04-29 09:07:49,organic,monthly,android
10166,2026-04-23 09:01:12,referral,monthly,ios
10167,2026-07-01 13:38:56,referral,monthly,ios
10168,2026-05-26 14:07:42,paid_search,monthly,ios
10169,2026-06-13 18:22:10,paid_search,monthly,android
10170,2026-03-18 16:41:20,organic,monthly,android
10171,2026-07-16 02:10:11,paid_search,monthly,android
10172,2026-07-28 23:53:57,referral,monthly,android
10173,2026-08-21 13:31:47,referral,annual,web
10174,2026-07-29 13:49:25,organic,monthly,ios
10175,2026-05-21 16:26:48,influencer,monthly,ios
10176,2026-08-25 03:09:32,influencer,monthly,ios
10177,2026-07-07 16:44:21,influencer,monthly,android
10178,2026-07-11 22:38:19,referral,monthly,web
10179,2026-03-27 08:56:01,organic,monthly,android
10180,2026-08-19 12:52:07,organic,annual,ios
10181,2026-06-21 11:48:55,organic,monthly,android
10182,2026-04-06 03:12:23,paid_search,monthly,android
10183,2026-06-29 10:53:50,paid_search,monthly,ios
10184,2026-03-04 04:59:06,paid_search,monthly,android
10185,2026-08-11 14:07:30,paid_search,monthly,android
10186,2026-03-09 07:03:41,referral,monthly,web
10187,2026-03-02 06:06:33,referral,annual,web
10188,2026-08-10 21:35:33,paid_search,annual,android
10189,2026-07-01 23:15:29,paid_search,monthly,ios
10190,2026-05-30 12:32:08,paid_search,monthly,web
10191,2026-07-14 21:35:57,paid_search,monthly,android
10192,2026-07-23 11:53:13,paid_search,monthly,android
10193,2026-03-10 01:49:52,influencer,monthly,android
10194,2026-05-12 17:13:23,organic,monthly,ios
10195,2026-04-20 11:11:55,paid_search,monthly,web
10196,2026-04-16 14:22:08,organic,monthly,android
10197,2026-05-02 04:08:45,paid_search,monthly,android
10198,2026-03-26 07:43:40,referral,monthly,android
10199,2026-04-07 14:26:58,organic,annual,web
10200,2026-06-23 22:19:09,paid_search,monthly,android
10201,2026-06-12 09:24:28,referral,monthly,web
10202,2026-07-19 13:02:48,organic,monthly,android
10203,2026-05-21 08:12:46,paid_search,monthly,web
10204,2026-07-22 11:25:38,paid_search,monthly,ios
10205,2026-08-26 17:59:24,paid_search,monthly,ios
10206,2026-03-23 00:14:48,organic,monthly,web
10207,2026-08-12 14:03:16,organic,monthly,ios
10208,2026-06-11 17:23:52,paid_search,monthly,ios
10209,2026-06-29 18:49:39,referral,monthly,android
10210,2026-07-13 12:16:37,influencer,monthly,web
10211,2026-08-19 22:53:22,organic,annual,android
10212,2026-06-24 12:39:13,influencer,monthly,android
10213,2026-04-29 00:35:14,influencer,monthly,web
10214,2026-07-18 16:20:18,organic,monthly,web
10215,2026-06-06 01:47:53,referral,monthly,android
10216,2026-06-04 15:20:41,organic,monthly,ios
10217,2026-07-04 09:06:05,organic,monthly,web
10218,2026-06-05 17:30:54,organic,monthly,android
10219,2026-05-30 07:13:39,paid_search,monthly,ios
10220,2026-08-29 02:35:38,referral,monthly,ios
10221,2026-04-09 05:59:10,referral,monthly,android
10222,2026-06-26 02:59:33,influencer,monthly,ios
10223,2026-08-02 16:46:31,organic,monthly,android
10224,2026-07-19 01:11:06,paid_search,monthly,android
10225,2026-07-18 00:18:53,influencer,annual,ios
10226,2026-06-06 04:27:22,organic,monthly,android
10227,2026-05-18 22:14:02,paid_search,annual,android
10228,2026-08-14 03:31:40,influencer,monthly,ios
10229,2026-03-28 11:55:30,influencer,monthly,web
10230,2026-05-13 19:52:15,organic,monthly,ios
10231,2026-08-05 21:51:16,paid_search,annual,ios
10232,2026-06-30 09:48:43,organic,monthly,android
10233,2026-04-13 17:48:18,referral,monthly,android
10234,2026-07-03 04:18:35,influencer,monthly,web
10235,2026-03-25 22:37:09,organic,annual,android
10236,2026-08-29 12:11:40,paid_search,monthly,ios
10237,2026-06-16 20:21:21,organic,monthly,android
10238,2026-03-03 02:15:57,organic,monthly,web
10239,2026-08-10 21:30:08,referral,annual,android
10240,2026-04-02 14:50:01,organic,annual,ios
10241,2026-05-25 19:35:58,paid_search,monthly,ios
10242,2026-08-21 03:53:28,paid_search,annual,ios
10243,2026-04-15 07:31:11,paid_search,monthly,ios
10244,2026-08-31 02:39:06,referral,monthly,android
10245,2026-04-07 03:15:46,referral,monthly,android
10246,2026-04-20 07:43:42,organic,monthly,android
10247,2026-04-25 03:04:38,organic,annual,ios
10248,2026-06-05 00:56:31,paid_search,monthly,ios
10249,2026-03-09 20:38:55,paid_search,monthly,android
10250,2026-05-18 01:06:30,influencer,monthly,ios
10251,2026-04-12 14:56:56,influencer,monthly,ios
10252,2026-03-05 20:52:25,organic,annual,ios
10253,2026-05-25 20:22:01,paid_search,monthly,ios
10254,2026-08-16 08:49:37,influencer,monthly,ios
10255,2026-05-25 22:56:40,paid_search,annual,android
10256,2026-06-04 20:49:25,influencer,annual,ios
10257,2026-08-31 01:36:53,paid_search,monthly,ios
10258,2026-08-24 09:19:21,paid_search,annual,android
10259,2026-08-17 12:59:26,referral,annual,ios
10260,2026-03-04 01:41:24,organic,monthly,ios
10261,2026-07-02 23:15:25,organic,monthly,ios
10262,2026-07-14 18:27:44,paid_search,monthly,ios
10263,2026-03-08 11:50:48,paid_search,monthly,ios
10264,2026-06-26 16:02:03,paid_search,monthly,android
10265,2026-05-31 13:20:37,influencer,monthly,ios
10266,2026-04-02 07:44:02,paid_search,monthly,ios
10267,2026-03-30 01:39:16,paid_search,monthly,android
10268,2026-03-03 16:29:42,organic,annual,android
10269,2026-05-16 12:27:25,influencer,annual,web
10270,2026-03-08 19:37:48,organic,monthly,android
10271,2026-03-14 02:55:04,paid_search,monthly,ios
10272,2026-08-26 09:22:40,organic,annual,ios
10273,2026-08-14 15:30:04,referral,monthly,android
10274,2026-07-28 16:11:38,organic,monthly,web
10275,2026-06-26 08:21:36,referral,annual,ios
10276,2026-05-05 20:51:35,organic,monthly,ios
10277,2026-06-13 03:56:14,organic,monthly,ios
10278,2026-04-21 07:03:08,organic,monthly,ios
10279,2026-06-24 00:38:53,organic,monthly,android
10280,2026-06-15 17:22:31,referral,monthly,android
10281,2026-04-08 02:41:44,influencer,annual,ios
10282,2026-06-30 04:11:27,influencer,annual,ios
10283,2026-03-20 08:07:46,referral,monthly,web
10284,2026-06-27 01:56:11,influencer,monthly,android
10285,2026-04-06 15:10:32,referral,annual,ios
10286,2026-08-04 08:53:12,influencer,annual,android
10287,2026-05-31 03:52:52,influencer,annual,ios
10288,2026-04-29 07:09:41,paid_search,annual,ios
10289,2026-07-19 06:30:33,paid_search,monthly,android
10290,2026-05-10 08:18:40,paid_search,monthly,web
10291,2026-06-03 08:19:12,referral,monthly,android
10292,2026-05-23 05:43:09,paid_search,monthly,android
10293,2026-08-29 02:58:30,organic,monthly,web
10294,2026-04-20 02:33:26,organic,monthly,ios
10295,2026-06-23 21:47:02,referral,monthly,ios
10296,2026-03-18 03:41:25,paid_search,monthly,android
10297,2026-07-02 22:42:01,referral,monthly,ios
10298,2026-08-27 14:29:53,referral,monthly,web
10299,2026-06-08 21:03:31,referral,monthly,android
10300,2026-03-27 14:22:30,organic,monthly,android
10301,2026-04-20 11:18:37,organic,monthly,android
10302,2026-03-14 05:15:33,organic,annual,ios
10303,2026-04-03 19:05:14,influencer,monthly,ios
10304,2026-07-22 01:14:17,influencer,annual,ios
10305,2026-08-18 20:34:53,paid_search,monthly,ios
10306,2026-05-24 21:25:51,organic,monthly,ios
10307,2026-08-31 04:42:18,paid_search,monthly,web
10308,2026-07-02 09:56:21,organic,annual,ios
10309,2026-03-23 14:12:16,paid_search,monthly,ios
10310,2026-05-12 20:17:13,paid_search,annual,ios
10311,2026-07-16 09:53:08,paid_search,annual,ios
10312,2026-06-28 02:06:10,organic,monthly,android
10313,2026-08-11 14:05:45,organic,monthly,ios
10314,2026-07-08 19:23:19,organic,monthly,ios
10315,2026-03-07 02:38:35,organic,annual,web
10316,2026-06-24 16:56:26,paid_search,monthly,android
10317,2026-06-27 03:11:10,paid_search,monthly,android
10318,2026-05-13 23:18:39,paid_search,monthly,android
10319,2026-07-07 07:03:52,paid_search,monthly,ios
10320,2026-08-10 16:45:14,organic,annual,web
10321,2026-08-04 11:27:59,influencer,annual,ios
10322,2026-06-20 15:11:02,influencer,monthly,web
10323,2026-03-02 18:32:52,paid_search,monthly,android
10324,2026-07-20 19:25:42,paid_search,monthly,ios
10325,2026-03-07 17:49:19,organic,monthly,ios
10326,2026-07-29 14:39:19,referral,monthly,ios
10327,2026-04-29 21:24:28,paid_search,monthly,android
10328,2026-08-28 00:39:29,paid_search,monthly,android
10329,2026-08-26 02:25:05,organic,annual,web
10330,2026-03-10 10:55:11,paid_search,monthly,ios
10331,2026-07-06 13:49:02,influencer,monthly,android
10332,2026-08-12 10:12:16,referral,annual,ios
10333,2026-07-20 22:45:00,organic,monthly,web
10334,2026-07-26 19:08:27,paid_search,monthly,web
10335,2026-04-20 23:29:56,organic,annual,android
10336,2026-05-25 13:37:30,influencer,monthly,ios
10337,2026-06-09 03:17:33,organic,annual,web
10338,2026-05-22 07:53:14,paid_search,monthly,android
10339,2026-03-14 16:53:02,influencer,monthly,web
10340,2026-07-30 02:52:50,paid_search,annual,android
10341,2026-06-25 17:36:24,influencer,monthly,android
10342,2026-06-22 22:36:55,organic,annual,ios
10343,2026-07-22 20:48:44,influencer,monthly,android
10344,2026-04-09 16:48:52,referral,monthly,web
10345,2026-06-02 08:03:40,paid_search,monthly,web
10346,2026-05-08 06:41:43,referral,monthly,android
10347,2026-08-07 03:01:03,organic,annual,web
10348,2026-04-21 07:05:54,influencer,monthly,ios
10349,2026-08-13 05:20:13,referral,monthly,ios
10350,2026-03-04 14:07:48,organic,monthly,android
10351,2026-05-25 18:33:43,paid_search,monthly,android
10352,2026-06-11 21:47:33,referral,monthly,web
10353,2026-03-01 05:26:00,referral,monthly,android
10354,2026-05-21 21:05:54,influencer,monthly,ios
10355,2026-04-11 22:49:25,organic,monthly,web
10356,2026-03-03 14:26:25,influencer,monthly,web
10357,2026-05-02 02:30:29,paid_search,monthly,web
10358,2026-05-11 08:42:59,influencer,annual,web
10359,2026-03-15 04:25:42,organic,monthly,android
10360,2026-08-10 09:47:05,organic,annual,android
10361,2026-07-14 13:59:10,organic,monthly,android
10362,2026-07-11 04:33:46,influencer,monthly,android
10363,2026-07-28 06:17:59,paid_search,monthly,ios
10364,2026-07-31 09:48:03,paid_search,monthly,android
10365,2026-05-24 15:55:22,referral,monthly,web
10366,2026-07-02 03:57:11,organic,monthly,android
10367,2026-08-30 23:28:36,organic,monthly,web
10368,2026-08-16 19:20:06,referral,annual,ios
10369,2026-07-23 09:13:23,referral,annual,web
10370,2026-05-20 08:52:29,paid_search,monthly,web
10371,2026-06-27 12:57:45,influencer,annual,ios
10372,2026-08-20 11:23:54,paid_search,annual,web
10373,2026-06-24 09:23:26,paid_search,monthly,ios
10374,2026-06-15 01:16:59,paid_search,monthly,android
10375,2026-05-17 17:44:11,organic,monthly,android
10376,2026-06-03 19:49:11,organic,monthly,android
10377,2026-08-22 22:53:03,referral,monthly,android
10378,2026-04-27 16:48:39,referral,monthly,android
10379,2026-04-28 04:05:13,referral,annual,ios
10380,2026-07-20 11:28:05,paid_search,monthly,ios
10381,2026-07-24 20:21:27,paid_search,monthly,android
10382,2026-06-01 08:15:51,organic,monthly,ios
10383,2026-03-22 09:34:28,paid_search,monthly,android
10384,2026-07-21 22:20:14,influencer,annual,ios
10385,2026-05-10 01:51:47,organic,monthly,ios
10386,2026-04-25 01:54:59,paid_search,annual,ios
10387,2026-03-16 19:32:36,organic,monthly,android
10388,2026-05-16 07:51:34,referral,monthly,android
10389,2026-05-13 05:24:43,paid_search,monthly,ios
10390,2026-03-31 13:32:23,referral,monthly,android
10391,2026-07-18 13:27:26,organic,monthly,android
10392,2026-05-30 09:10:16,referral,monthly,android
10393,2026-07-02 15:13:21,paid_search,monthly,android
10394,2026-05-02 14:15:32,organic,annual,ios
10395,2026-03-26 01:17:36,influencer,annual,android
10396,2026-03-11 06:53:55,referral,annual,web
10397,2026-04-30 17:56:27,organic,monthly,android
10398,2026-07-22 13:01:05,organic,monthly,android
10399,2026-06-21 16:19:54,influencer,monthly,android
10400,2026-08-03 03:16:09,paid_search,monthly,android
10401,2026-04-21 21:37:31,organic,monthly,android
10402,2026-06-25 09:41:44,paid_search,monthly,ios
10403,2026-08-05 02:51:03,paid_search,monthly,web
10404,2026-08-06 09:27:25,referral,annual,android
10405,2026-07-26 07:06:11,paid_search,monthly,web
10406,2026-07-27 05:06:19,paid_search,monthly,ios
10407,2026-06-11 09:26:50,paid_search,annual,ios
10408,2026-05-13 01:42:25,referral,monthly,web
10409,2026-03-11 13:54:04,organic,monthly,android
10410,2026-07-07 19:50:23,paid_search,monthly,web
10411,2026-03-05 19:12:21,organic,monthly,android
10412,2026-07-06 16:42:52,influencer,monthly,web
10413,2026-08-23 11:08:42,organic,monthly,ios
10414,2026-08-23 15:47:28,referral,annual,android
10415,2026-08-06 21:16:36,paid_search,monthly,web
10416,2026-08-02 23:36:36,organic,monthly,ios
10417,2026-05-17 09:53:00,influencer,annual,web
10418,2026-04-15 04:00:23,organic,monthly,android
10419,2026-07-06 09:08:30,organic,monthly,android
10420,2026-08-13 04:29:39,referral,annual,ios
10421,2026-03-27 06:12:26,paid_search,monthly,web
10422,2026-06-21 00:36:41,organic,annual,ios
10423,2026-07-07 21:30:51,referral,monthly,ios
10424,2026-06-22 17:12:39,organic,monthly,ios
10425,2026-07-08 04:07:15,organic,monthly,android
10426,2026-07-12 20:33:03,paid_search,monthly,web
10427,2026-04-29 09:23:17,referral,monthly,ios
10428,2026-03-12 03:16:45,referral,annual,web
10429,2026-06-18 01:42:24,paid_search,annual,web
10430,2026-03-26 05:55:43,organic,monthly,android
10431,2026-06-14 01:01:21,referral,annual,ios
10432,2026-03-11 20:28:07,organic,annual,ios
10433,2026-06-22 00:18:42,influencer,annual,android
10434,2026-03-11 05:54:23,influencer,annual,ios
10435,2026-05-23 14:49:48,influencer,annual,android
10436,2026-07-12 12:26:07,influencer,monthly,ios
10437,2026-05-23 10:48:37,influencer,monthly,ios
10438,2026-08-29 02:47:23,organic,monthly,ios
10439,2026-06-03 16:34:55,referral,monthly,web
10440,2026-08-19 19:42:34,referral,monthly,web
10441,2026-03-28 00:57:14,paid_search,annual,web
10442,2026-07-28 09:14:42,referral,monthly,ios
10443,2026-07-16 07:34:03,organic,monthly,android
10444,2026-07-21 06:44:47,paid_search,annual,web
10445,2026-06-02 02:27:16,referral,monthly,android
10446,2026-05-29 17:28:08,paid_search,annual,android
10447,2026-06-15 03:14:17,paid_search,monthly,ios
10448,2026-05-01 23:32:44,referral,monthly,ios
10449,2026-05-10 06:41:20,referral,monthly,ios
10450,2026-03-28 18:32:34,paid_search,monthly,android
10451,2026-05-03 15:50:49,organic,monthly,web
10452,2026-05-19 01:48:15,paid_search,annual,web
10453,2026-06-03 06:32:44,referral,monthly,android
10454,2026-06-17 06:05:57,referral,monthly,ios
10455,2026-06-23 19:17:45,paid_search,monthly,ios
10456,2026-04-13 15:26:48,paid_search,monthly,ios
10457,2026-04-27 23:18:28,organic,monthly,ios
10458,2026-08-06 22:46:20,paid_search,monthly,web
10459,2026-05-15 02:57:00,influencer,monthly,ios
10460,2026-08-06 07:01:01,organic,monthly,web
10461,2026-04-03 17:21:01,referral,monthly,ios
10462,2026-08-19 20:43:06,paid_search,annual,android
10463,2026-03-23 02:41:29,referral,monthly,web
10464,2026-06-26 11:52:51,paid_search,monthly,ios
10465,2026-07-26 13:02:30,influencer,monthly,android
10466,2026-04-08 14:10:44,referral,monthly,ios
10467,2026-05-06 02:17:25,organic,monthly,web
10468,2026-06-29 23:25:19,referral,annual,android
10469,2026-08-17 10:12:18,referral,monthly,android
10470,2026-03-06 23:52:04,influencer,monthly,android
10471,2026-08-20 16:11:31,referral,annual,android
10472,2026-06-16 10:41:38,referral,monthly,ios
10473,2026-06-24 23:35:30,organic,monthly,ios
10474,2026-04-05 23:50:17,organic,monthly,ios
10475,2026-07-12 20:40:12,referral,monthly,android
10476,2026-08-05 14:50:06,organic,monthly,ios
10477,2026-05-02 21:44:31,paid_search,monthly,web
10478,2026-07-08 11:55:15,organic,monthly,ios
10479,2026-08-09 14:46:35,paid_search,monthly,web
10480,2026-04-24 14:17:32,organic,monthly,android
10481,2026-07-03 11:12:20,organic,monthly,android
10482,2026-04-16 03:00:35,influencer,monthly,ios
10483,2026-03-29 21:07:39,paid_search,monthly,ios
10484,2026-04-15 05:19:15,organic,monthly,web
10485,2026-08-30 12:44:10,organic,annual,web
10486,2026-07-06 15:11:43,paid_search,monthly,ios
10487,2026-03-06 17:27:23,organic,annual,android
10488,2026-08-13 01:25:01,paid_search,monthly,android
10489,2026-07-13 01:56:43,paid_search,annual,ios
10490,2026-07-22 00:10:03,organic,monthly,ios
10491,2026-07-26 14:55:20,organic,annual,web
10492,2026-06-02 17:15:10,referral,monthly,ios
10493,2026-08-27 17:56:06,referral,monthly,android
10494,2026-03-28 21:15:07,organic,monthly,ios
10495,2026-03-18 00:30:09,organic,monthly,web
10496,2026-07-20 02:06:15,referral,monthly,android
10497,2026-05-04 00:07:15,paid_search,monthly,ios
10498,2026-08-08 22:17:43,organic,monthly,web
10499,2026-06-09 21:34:50,organic,annual,ios
10500,2026-08-10 22:06:29,paid_search,annual,android
10501,2026-03-08 20:03:39,referral,annual,ios
10502,2026-04-29 03:52:20,referral,annual,ios
10503,2026-06-06 00:18:37,referral,monthly,ios
10504,2026-07-17 13:25:35,referral,monthly,android
10505,2026-07-30 22:43:44,influencer,monthly,android
10506,2026-05-02 06:29:32,organic,annual,android
10507,2026-03-30 20:57:31,organic,monthly,web
10508,2026-06-25 13:10:20,paid_search,annual,android
10509,2026-06-04 17:43:27,paid_search,annual,web
10510,2026-08-05 07:57:14,referral,annual,ios
10511,2026-05-15 16:55:34,referral,monthly,web
10512,2026-07-07 20:22:24,referral,annual,ios
10513,2026-08-09 15:57:59,paid_search,monthly,ios
10514,2026-06-22 22:26:11,influencer,annual,web
10515,2026-04-04 03:04:16,referral,monthly,android
10516,2026-03-07 05:27:34,referral,monthly,ios
10517,2026-04-30 23:44:34,paid_search,monthly,ios
10518,2026-04-23 05:33:27,referral,monthly,android
10519,2026-08-09 10:51:58,paid_search,monthly,ios
10520,2026-06-27 11:18:19,organic,monthly,web
10521,2026-05-24 16:26:07,referral,monthly,android
10522,2026-03-03 08:06:38,paid_search,monthly,web
10523,2026-08-24 17:19:07,influencer,monthly,android
10524,2026-06-19 04:44:37,organic,monthly,android
10525,2026-08-23 07:50:16,influencer,monthly,android
10526,2026-08-04 04:08:50,organic,annual,android
10527,2026-05-13 03:44:21,paid_search,monthly,ios
10528,2026-04-06 19:12:53,organic,monthly,android
10529,2026-06-04 21:06:06,paid_search,monthly,ios
10530,2026-06-23 14:33:50,paid_search,monthly,android
10531,2026-06-23 17:23:43,influencer,monthly,ios
10532,2026-04-08 15:41:32,organic,annual,android
10533,2026-05-22 21:25:07,paid_search,monthly,android
10534,2026-05-23 19:36:59,referral,monthly,android
10535,2026-07-22 02:31:39,organic,annual,android
10536,2026-04-01 14:53:40,paid_search,annual,ios
10537,2026-06-21 10:55:45,organic,monthly,android
10538,2026-04-21 20:50:38,referral,annual,android
10539,2026-07-26 00:41:19,organic,monthly,ios
10540,2026-03-29 04:30:02,referral,monthly,android
10541,2026-07-27 08:18:09,influencer,annual,web
10542,2026-08-11 08:42:23,organic,monthly,ios
10543,2026-04-28 12:30:33,organic,monthly,ios
10544,2026-08-16 04:05:45,paid_search,annual,web
10545,2026-06-28 00:12:17,influencer,monthly,ios
10546,2026-04-26 05:37:22,organic,monthly,ios
10547,2026-06-19 05:05:26,influencer,monthly,web
10548,2026-07-07 17:40:07,paid_search,monthly,android
10549,2026-04-05 08:57:30,paid_search,monthly,android
10550,2026-05-07 15:28:17,paid_search,monthly,ios
10551,2026-05-20 16:16:20,referral,monthly,ios
10552,2026-04-01 18:34:27,organic,annual,android
10553,2026-07-22 05:53:10,organic,annual,android
10554,2026-08-04 08:51:09,organic,annual,android
10555,2026-03-17 13:21:51,paid_search,monthly,web
10556,2026-05-14 02:36:12,paid_search,annual,android
10557,2026-05-06 09:52:06,paid_search,monthly,web
10558,2026-03-28 10:49:57,organic,annual,web
10559,2026-08-17 02:21:38,paid_search,annual,android
10560,2026-03-12 09:39:51,referral,monthly,web
10561,2026-07-16 16:49:01,referral,monthly,android
10562,2026-08-08 05:20:25,referral,monthly,ios
10563,2026-05-16 04:49:02,organic,monthly,ios
10564,2026-06-28 02:55:10,paid_search,monthly,android
10565,2026-07-08 03:35:36,paid_search,monthly,ios
10566,2026-04-26 08:04:29,paid_search,annual,ios
10567,2026-07-27 09:14:19,influencer,annual,ios
10568,2026-05-10 11:40:10,paid_search,monthly,android
10569,2026-08-30 21:45:00,paid_search,monthly,web
10570,2026-05-19 23:25:39,organic,monthly,ios
10571,2026-04-13 09:26:32,referral,monthly,android
10572,2026-08-06 05:56:27,influencer,monthly,web
10573,2026-08-24 20:14:31,paid_search,monthly,web
10574,2026-07-21 14:25:58,referral,monthly,ios
10575,2026-06-08 21:59:52,organic,monthly,ios
10576,2026-07-09 15:23:23,organic,annual,ios
10577,2026-03-21 21:42:10,referral,monthly,ios
10578,2026-07-16 07:39:51,organic,annual,android
10579,2026-04-05 08:54:28,influencer,annual,ios
10580,2026-05-03 15:35:20,referral,monthly,android
10581,2026-06-29 11:23:55,organic,monthly,web
10582,2026-06-07 03:51:00,influencer,monthly,ios
10583,2026-04-13 22:15:51,organic,monthly,android
10584,2026-03-04 08:57:06,influencer,annual,android
10585,2026-04-15 02:19:20,referral,monthly,ios
10586,2026-05-15 04:36:49,organic,annual,ios
10587,2026-05-18 21:46:13,paid_search,monthly,android
10588,2026-03-05 05:43:24,paid_search,monthly,android
10589,2026-06-21 03:57:36,organic,annual,ios
10590,2026-04-08 23:24:44,referral,monthly,android
10591,2026-08-02 21:43:31,referral,monthly,android
10592,2026-07-19 22:17:54,referral,monthly,android
10593,2026-08-18 04:35:42,organic,annual,ios
10594,2026-06-17 14:15:19,paid_search,monthly,web
10595,2026-07-23 09:40:19,referral,monthly,android
10596,2026-08-01 18:31:28,organic,monthly,android
10597,2026-07-18 09:44:24,organic,annual,android
10598,2026-05-07 08:11:33,referral,monthly,ios
10599,2026-04-13 23:20:11,paid_search,monthly,web
10600,2026-03-11 03:55:21,referral,annual,web
10601,2026-08-02 10:55:03,referral,monthly,ios
10602,2026-07-28 20:06:28,organic,monthly,ios
10603,2026-03-22 22:41:46,organic,monthly,android
10604,2026-07-10 09:24:15,paid_search,annual,android
10605,2026-06-02 18:35:20,paid_search,monthly,web
10606,2026-03-18 07:50:30,organic,monthly,android
10607,2026-07-23 09:24:12,organic,monthly,android
10608,2026-05-27 03:57:21,paid_search,annual,android
10609,2026-06-23 01:39:48,organic,monthly,android
10610,2026-07-28 12:36:08,referral,annual,android
10611,2026-04-05 05:17:29,paid_search,monthly,ios
10612,2026-03-29 21:42:48,paid_search,monthly,ios
10613,2026-04-22 06:56:23,influencer,annual,ios
10614,2026-08-09 03:48:43,paid_search,monthly,android
10615,2026-08-26 22:41:41,paid_search,monthly,ios
10616,2026-07-02 03:44:24,referral,monthly,android
10617,2026-06-28 19:47:36,influencer,monthly,android
10618,2026-03-18 18:06:21,organic,monthly,android
10619,2026-05-22 21:38:43,paid_search,annual,web
10620,2026-08-23 16:59:29,paid_search,annual,ios
10621,2026-04-18 14:16:03,referral,monthly,ios
10622,2026-05-09 10:35:30,referral,annual,ios
10623,2026-08-03 22:06:28,referral,monthly,ios
10624,2026-08-15 11:04:14,paid_search,annual,android
10625,2026-07-24 13:49:49,referral,monthly,ios
10626,2026-08-22 11:14:18,paid_search,annual,ios
10627,2026-03-25 03:22:31,organic,monthly,ios
10628,2026-07-13 18:40:53,paid_search,annual,android
10629,2026-05-31 11:38:19,referral,annual,ios
10630,2026-06-08 01:53:14,paid_search,annual,web
10631,2026-06-27 00:46:59,influencer,annual,ios
10632,2026-03-16 07:28:57,referral,monthly,ios
10633,2026-06-05 22:06:10,organic,monthly,ios
10634,2026-04-17 21:04:33,referral,monthly,ios
10635,2026-06-23 01:10:15,referral,monthly,ios
10636,2026-04-24 03:49:00,referral,monthly,android
10637,2026-08-08 04:08:59,organic,monthly,ios
10638,2026-06-04 00:28:08,paid_search,monthly,web
10639,2026-06-07 16:43:30,paid_search,monthly,android
10640,2026-06-21 12:03:41,paid_search,monthly,android
10641,2026-08-27 15:35:09,organic,monthly,ios
10642,2026-05-06 10:35:57,organic,monthly,ios
10643,2026-05-12 11:45:19,referral,monthly,android
10644,2026-04-13 20:15:01,paid_search,annual,web
10645,2026-06-25 04:32:32,referral,monthly,ios
10646,2026-03-29 12:59:03,paid_search,monthly,ios
10647,2026-03-25 22:05:37,paid_search,monthly,android
10648,2026-05-23 03:19:43,paid_search,monthly,ios
10649,2026-05-06 09:49:25,referral,monthly,android
10650,2026-08-12 22:46:59,referral,monthly,ios
10651,2026-08-12 16:38:53,paid_search,monthly,ios
10652,2026-05-21 11:56:23,paid_search,monthly,android
10653,2026-08-25 23:54:13,organic,monthly,ios
10654,2026-03-04 21:21:41,organic,monthly,web
10655,2026-06-11 03:02:45,paid_search,monthly,web
10656,2026-05-24 09:20:50,organic,monthly,web
10657,2026-07-18 15:52:14,paid_search,monthly,web
10658,2026-04-26 10:38:51,organic,annual,ios
10659,2026-03-01 13:33:35,organic,monthly,ios
10660,2026-08-10 10:31:25,paid_search,monthly,web
10661,2026-06-01 07:19:15,paid_search,annual,android
10662,2026-03-19 19:29:46,influencer,monthly,android
10663,2026-07-04 08:55:08,referral,monthly,android
10664,2026-06-24 14:56:13,paid_search,monthly,android
10665,2026-03-31 01:53:11,referral,annual,web
10666,2026-06-26 15:06:30,organic,annual,ios
10667,2026-07-31 11:08:58,paid_search,annual,android
10668,2026-03-29 06:05:28,paid_search,monthly,android
10669,2026-04-06 14:43:17,referral,monthly,ios
10670,2026-08-17 17:53:58,referral,monthly,ios
10671,2026-08-13 23:35:52,paid_search,monthly,android
10672,2026-03-25 14:09:30,paid_search,monthly,web
10673,2026-07-01 04:51:35,organic,monthly,ios
10674,2026-03-31 08:35:12,influencer,monthly,ios
10675,2026-07-19 11:10:03,organic,annual,android
10676,2026-06-01 02:21:50,influencer,monthly,android
10677,2026-03-27 19:58:25,paid_search,monthly,ios
10678,2026-05-12 02:09:00,organic,monthly,android
10679,2026-03-12 13:00:01,referral,annual,web
10680,2026-05-08 02:38:14,paid_search,monthly,web
10681,2026-04-15 10:36:33,paid_search,monthly,android
10682,2026-05-09 09:13:37,referral,monthly,web
10683,2026-06-24 17:14:22,influencer,monthly,ios
10684,2026-05-02 05:27:33,influencer,monthly,web
10685,2026-04-01 23:03:50,paid_search,monthly,ios
10686,2026-04-11 13:15:11,referral,monthly,android
10687,2026-04-30 16:09:20,organic,annual,web
10688,2026-03-20 09:01:52,paid_search,annual,android
10689,2026-06-14 19:17:37,paid_search,monthly,ios
10690,2026-03-05 13:45:09,organic,annual,android
10691,2026-06-21 06:10:38,influencer,monthly,ios
10692,2026-08-04 11:01:34,referral,monthly,web
10693,2026-03-17 13:43:02,referral,annual,android
10694,2026-06-15 21:43:37,organic,annual,ios
10695,2026-03-11 15:20:33,influencer,annual,android
10696,2026-05-25 16:21:36,influencer,annual,android
10697,2026-08-28 05:46:06,paid_search,monthly,ios
10698,2026-04-25 23:25:35,organic,monthly,web
10699,2026-07-14 00:28:56,referral,monthly,android
10700,2026-07-16 21:09:21,referral,monthly,android
10701,2026-06-11 21:45:06,influencer,monthly,web
10702,2026-04-23 07:27:31,influencer,monthly,web
10703,2026-07-14 12:21:31,organic,monthly,android
10704,2026-07-08 09:27:09,influencer,annual,android
10705,2026-03-31 07:20:37,paid_search,monthly,web
10706,2026-05-21 07:43:28,paid_search,annual,web
10707,2026-08-10 19:19:01,paid_search,monthly,android
10708,2026-03-10 12:34:32,organic,annual,ios
10709,2026-06-26 16:29:07,paid_search,monthly,web
10710,2026-06-26 02:07:57,organic,monthly,ios
10711,2026-08-03 23:01:43,organic,monthly,web
10712,2026-07-23 08:06:50,paid_search,monthly,ios
10713,2026-05-19 08:17:08,organic,monthly,ios
10714,2026-03-02 07:57:38,organic,monthly,web
10715,2026-06-20 01:37:13,referral,monthly,android
10716,2026-07-20 07:20:38,organic,monthly,web
10717,2026-03-10 18:45:04,paid_search,monthly,android
10718,2026-08-28 04:40:18,organic,annual,android
10719,2026-05-04 23:53:19,paid_search,annual,web
10720,2026-08-07 00:31:48,influencer,annual,ios
10721,2026-08-02 04:59:10,organic,monthly,ios
10722,2026-03-02 19:57:08,influencer,annual,android
10723,2026-04-05 06:47:32,paid_search,monthly,ios
10724,2026-03-05 07:09:16,paid_search,monthly,ios
10725,2026-08-15 01:32:53,organic,annual,android
10726,2026-03-07 13:29:03,influencer,monthly,ios
10727,2026-07-28 09:21:36,paid_search,monthly,ios
10728,2026-06-25 00:30:41,paid_search,monthly,android
10729,2026-03-20 18:32:29,paid_search,monthly,ios
10730,2026-08-03 05:40:13,referral,monthly,ios
10731,2026-07-22 19:17:20,organic,annual,android
10732,2026-08-14 22:46:10,referral,monthly,android
10733,2026-05-16 00:57:32,organic,annual,web
10734,2026-04-18 01:29:26,referral,monthly,ios
10735,2026-05-18 01:10:10,paid_search,monthly,ios
10736,2026-08-14 20:57:14,referral,monthly,web
10737,2026-05-07 23:26:10,paid_search,monthly,ios
10738,2026-04-05 15:21:41,organic,monthly,web
10739,2026-06-16 17:58:06,paid_search,annual,ios
10740,2026-05-08 08:08:16,referral,monthly,web
10741,2026-05-14 04:14:18,organic,annual,android
10742,2026-06-02 10:49:12,referral,monthly,ios
10743,2026-06-03 10:28:30,paid_search,monthly,android
10744,2026-04-28 04:42:48,organic,annual,web
10745,2026-07-23 20:01:25,organic,monthly,android
10746,2026-03-24 14:53:59,paid_search,monthly,web
10747,2026-04-11 16:30:16,referral,monthly,web
10748,2026-07-05 07:11:40,organic,monthly,android
10749,2026-03-07 22:24:14,referral,annual,android
10750,2026-06-13 07:28:39,paid_search,monthly,android
10751,2026-03-06 12:14:56,organic,monthly,android
10752,2026-08-24 21:21:12,referral,monthly,ios
10753,2026-08-07 10:33:40,organic,monthly,android
10754,2026-07-25 03:21:01,referral,monthly,web
10755,2026-04-29 06:27:03,paid_search,monthly,ios
10756,2026-05-27 13:26:32,paid_search,monthly,web
10757,2026-05-08 08:04:15,organic,monthly,android
10758,2026-03-08 02:22:26,organic,annual,android
10759,2026-05-08 22:31:52,paid_search,annual,ios
10760,2026-08-05 21:09:04,organic,monthly,android
10761,2026-07-16 10:59:20,organic,monthly,android
10762,2026-07-22 19:44:34,paid_search,monthly,ios
10763,2026-05-05 13:04:59,paid_search,monthly,web
10764,2026-03-25 02:32:49,organic,monthly,web
10765,2026-08-12 02:56:49,referral,monthly,android
10766,2026-07-18 05:02:51,organic,annual,ios
10767,2026-06-18 07:22:19,organic,annual,web
10768,2026-07-22 07:29:16,influencer,annual,android
10769,2026-05-15 15:12:04,paid_search,monthly,ios
10770,2026-03-29 06:27:53,influencer,annual,android
10771,2026-06-29 14:59:23,paid_search,annual,web
10772,2026-07-26 20:23:09,paid_search,monthly,ios
10773,2026-07-08 14:24:21,referral,monthly,ios
10774,2026-06-05 12:59:09,referral,monthly,ios
10775,2026-07-31 12:49:32,influencer,monthly,android
10776,2026-04-22 02:01:30,referral,monthly,web
10777,2026-08-30 22:11:24,organic,monthly,web
10778,2026-03-09 18:37:46,organic,monthly,web
10779,2026-08-15 12:11:52,paid_search,annual,android
10780,2026-04-03 22:41:57,paid_search,annual,web
10781,2026-05-03 11:20:17,paid_search,monthly,android
10782,2026-04-15 15:00:10,paid_search,annual,ios
10783,2026-07-16 17:05:36,referral,annual,android
10784,2026-03-01 20:30:50,organic,monthly,web
10785,2026-08-15 09:33:44,organic,monthly,ios
10786,2026-04-23 01:44:31,organic,annual,ios
10787,2026-05-19 13:05:19,organic,annual,android
10788,2026-03-03 04:54:48,referral,monthly,ios
10789,2026-07-13 22:11:17,organic,annual,android
10790,2026-08-19 12:02:12,influencer,monthly,web
10791,2026-07-17 09:56:40,organic,monthly,ios
10792,2026-08-17 19:05:31,influencer,monthly,ios
10793,2026-08-26 19:28:26,organic,monthly,ios
10794,2026-07-05 03:20:52,paid_search,monthly,ios
10795,2026-03-30 05:57:14,organic,annual,web
10796,2026-08-08 20:53:22,organic,monthly,android
10797,2026-05-11 21:53:47,influencer,annual,android
10798,2026-05-16 05:27:20,influencer,monthly,android
10799,2026-05-07 22:35:51,paid_search,annual,web
10800,2026-06-20 11:13:39,referral,monthly,ios
10801,2026-08-20 12:48:47,paid_search,monthly,android
10802,2026-05-26 02:33:30,paid_search,monthly,web
10803,2026-08-27 19:25:00,influencer,monthly,ios
10804,2026-08-26 16:33:39,organic,monthly,ios
10805,2026-08-29 16:16:20,organic,monthly,ios
10806,2026-05-06 02:56:01,organic,monthly,ios
10807,2026-08-21 13:46:06,organic,monthly,ios
10808,2026-05-31 07:37:52,influencer,monthly,web
10809,2026-07-30 08:40:38,paid_search,annual,android
10810,2026-05-20 13:47:44,referral,monthly,android
10811,2026-06-06 00:03:39,influencer,monthly,android
10812,2026-05-06 22:49:02,paid_search,monthly,android
10813,2026-04-18 10:39:19,organic,monthly,android
10814,2026-04-28 00:23:30,organic,monthly,android
10815,2026-07-01 08:32:46,referral,monthly,ios
10816,2026-03-10 12:35:01,influencer,annual,ios
10817,2026-03-16 21:48:03,organic,monthly,web
10818,2026-06-15 06:31:39,paid_search,monthly,android
10819,2026-04-03 16:33:24,paid_search,monthly,android
10820,2026-08-19 11:02:09,organic,annual,ios
10821,2026-06-20 06:42:06,paid_search,monthly,android
10822,2026-06-22 05:09:37,referral,annual,ios
10823,2026-07-24 01:07:53,referral,monthly,web
10824,2026-06-12 16:39:41,organic,monthly,android
10825,2026-08-20 16:52:59,organic,annual,android
10826,2026-07-21 04:16:16,organic,annual,web
10827,2026-05-20 14:52:58,paid_search,monthly,android
10828,2026-06-14 23:58:52,paid_search,monthly,ios
10829,2026-07-23 06:48:29,organic,monthly,web
10830,2026-05-23 22:52:52,influencer,annual,android
10831,2026-03-11 07:59:53,organic,monthly,ios
10832,2026-05-01 12:41:52,paid_search,monthly,android
10833,2026-06-24 21:12:26,influencer,monthly,web
10834,2026-05-30 22:43:47,paid_search,monthly,ios
10835,2026-07-24 18:59:06,paid_search,monthly,ios
10836,2026-07-29 16:20:07,paid_search,monthly,android
10837,2026-07-07 15:26:23,paid_search,monthly,android
10838,2026-07-26 12:10:08,referral,monthly,android
10839,2026-03-22 11:33:40,organic,monthly,android
10840,2026-06-24 04:01:20,paid_search,annual,android
10841,2026-07-16 03:11:15,referral,monthly,web
10842,2026-07-10 23:03:22,organic,monthly,ios
10843,2026-05-24 22:52:28,paid_search,monthly,android
10844,2026-06-12 00:09:34,organic,monthly,android
10845,2026-03-05 21:07:56,organic,monthly,android
10846,2026-07-22 19:47:27,referral,monthly,ios
10847,2026-07-24 08:20:57,referral,monthly,web
10848,2026-08-04 10:36:01,referral,annual,web
10849,2026-06-10 20:27:40,paid_search,monthly,ios
10850,2026-07-12 00:24:45,influencer,annual,android
10851,2026-06-22 05:38:32,organic,monthly,web
10852,2026-08-14 13:59:23,influencer,monthly,android
10853,2026-06-29 19:26:05,influencer,monthly,ios
10854,2026-05-08 20:43:45,paid_search,monthly,ios
10855,2026-05-25 22:32:10,referral,monthly,ios
10856,2026-03-21 04:13:43,organic,monthly,ios
10857,2026-05-10 05:10:52,organic,annual,web
10858,2026-03-12 05:23:36,influencer,monthly,android
10859,2026-08-05 01:00:13,referral,monthly,ios
10860,2026-03-21 20:17:33,organic,annual,ios
10861,2026-08-26 15:31:26,paid_search,monthly,web
10862,2026-04-19 13:58:32,paid_search,monthly,ios
10863,2026-07-17 02:42:40,referral,annual,ios
10864,2026-04-09 06:09:20,referral,monthly,ios
10865,2026-05-12 18:13:12,referral,monthly,ios
10866,2026-06-13 05:04:30,influencer,monthly,android
10867,2026-06-25 11:18:35,organic,annual,android
10868,2026-04-12 00:12:38,influencer,monthly,android
10869,2026-03-08 19:12:42,organic,monthly,ios
10870,2026-07-11 03:27:52,organic,monthly,android
10871,2026-08-24 17:05:24,influencer,annual,ios
10872,2026-05-30 02:27:20,organic,monthly,android
10873,2026-06-09 23:51:07,organic,monthly,android
10874,2026-08-11 17:03:36,referral,monthly,web
10875,2026-07-24 18:44:53,referral,annual,web
10876,2026-08-13 05:33:57,influencer,monthly,android
10877,2026-03-31 18:14:29,organic,monthly,android
10878,2026-07-11 17:16:14,referral,monthly,ios
10879,2026-07-21 23:56:22,organic,monthly,ios
10880,2026-08-23 15:36:54,referral,annual,android
10881,2026-04-11 04:07:42,paid_search,monthly,android
10882,2026-04-17 13:53:13,referral,monthly,ios
10883,2026-08-31 14:43:32,paid_search,annual,android
10884,2026-07-15 14:52:15,organic,monthly,web
10885,2026-06-16 05:32:49,referral,monthly,ios
10886,2026-07-18 03:54:11,organic,monthly,ios
10887,2026-08-19 15:03:33,referral,monthly,web
10888,2026-08-24 01:34:16,paid_search,monthly,web
10889,2026-06-23 08:17:38,organic,monthly,ios
10890,2026-08-20 10:50:17,influencer,monthly,android
10891,2026-05-02 05:09:31,organic,annual,android
10892,2026-06-26 15:56:44,paid_search,annual,android
10893,2026-08-30 21:02:07,organic,monthly,android
10894,2026-04-29 00:32:50,organic,annual,ios
10895,2026-08-13 02:37:42,referral,annual,ios
10896,2026-07-29 23:53:42,organic,monthly,ios
10897,2026-05-06 20:22:38,referral,monthly,ios
10898,2026-07-06 11:31:38,influencer,monthly,ios
10899,2026-06-17 20:51:04,referral,annual,android
10900,2026-08-31 17:26:04,referral,monthly,android
10901,2026-07-06 00:44:18,organic,monthly,android
10902,2026-03-08 22:26:54,organic,monthly,android
10903,2026-04-25 22:01:45,organic,monthly,ios
10904,2026-04-21 04:29:51,referral,monthly,ios
10905,2026-07-04 22:14:13,paid_search,monthly,web
10906,2026-05-30 20:40:28,referral,monthly,web
10907,2026-05-21 11:39:06,paid_search,monthly,android
10908,2026-05-26 02:53:41,paid_search,monthly,android
10909,2026-08-24 14:29:40,organic,monthly,android
10910,2026-05-03 21:37:24,paid_search,monthly,ios
10911,2026-06-07 13:44:38,organic,annual,android
10912,2026-04-29 21:22:33,paid_search,annual,android
10913,2026-04-23 18:10:50,organic,monthly,ios
10914,2026-06-25 18:52:22,organic,monthly,ios
10915,2026-07-14 06:41:31,influencer,monthly,android
10916,2026-03-24 17:15:06,organic,monthly,ios
10917,2026-06-29 09:19:25,referral,monthly,ios
10918,2026-05-19 10:54:16,paid_search,annual,android
10919,2026-05-03 19:28:13,paid_search,monthly,android
10920,2026-05-11 05:46:21,paid_search,monthly,android
10921,2026-08-08 15:41:24,paid_search,monthly,ios
10922,2026-08-28 01:06:25,organic,monthly,android
10923,2026-08-27 05:21:44,influencer,monthly,ios
10924,2026-05-04 23:31:57,organic,annual,web
10925,2026-06-09 08:20:59,paid_search,monthly,android
10926,2026-07-15 18:51:59,paid_search,annual,ios
10927,2026-04-11 08:07:22,paid_search,annual,ios
10928,2026-03-26 12:25:58,organic,monthly,web
10929,2026-07-28 11:15:22,organic,monthly,android
10930,2026-05-09 03:33:12,influencer,annual,web
10931,2026-07-29 13:24:05,referral,monthly,web
10932,2026-04-30 17:26:45,paid_search,monthly,ios
10933,2026-08-02 01:00:05,paid_search,annual,android
10934,2026-04-03 01:30:07,referral,monthly,ios
10935,2026-05-24 20:07:50,influencer,monthly,android
10936,2026-06-11 13:51:01,influencer,monthly,ios
10937,2026-03-10 04:37:53,organic,monthly,ios
10938,2026-06-27 19:48:24,organic,monthly,android
10939,2026-06-22 04:34:02,influencer,monthly,ios
10940,2026-08-22 10:46:31,organic,annual,android
10941,2026-04-23 03:10:21,paid_search,monthly,android
10942,2026-07-08 06:35:22,referral,monthly,android
10943,2026-05-24 21:19:59,organic,monthly,ios
10944,2026-04-05 07:28:35,paid_search,annual,android
10945,2026-05-29 00:32:49,paid_search,annual,ios
10946,2026-04-10 00:06:17,paid_search,monthly,android
10947,2026-05-30 03:46:03,influencer,monthly,android
10948,2026-08-02 17:18:51,organic,monthly,ios
10949,2026-04-12 14:26:43,organic,monthly,android
10950,2026-03-21 02:29:06,organic,monthly,ios
10951,2026-04-08 22:03:23,referral,monthly,android
10952,2026-08-15 20:43:27,paid_search,monthly,web
10953,2026-03-22 00:54:41,organic,monthly,web
10954,2026-03-25 21:47:12,referral,monthly,ios
10955,2026-06-14 17:23:03,organic,monthly,android
10956,2026-06-23 11:10:21,influencer,annual,ios
10957,2026-07-06 14:55:25,referral,monthly,ios
10958,2026-03-11 15:58:50,organic,annual,android
10959,2026-05-30 18:46:04,influencer,annual,ios
10960,2026-07-10 21:41:33,organic,monthly,android
10961,2026-03-09 23:02:06,organic,monthly,web
10962,2026-05-29 22:16:06,referral,monthly,ios
10963,2026-06-22 15:53:36,influencer,monthly,ios
10964,2026-08-05 02:41:41,referral,monthly,android
10965,2026-06-09 17:00:39,referral,monthly,android
10966,2026-03-02 03:10:09,referral,monthly,ios
10967,2026-07-08 10:27:03,paid_search,monthly,ios
10968,2026-03-08 04:11:50,referral,annual,android
10969,2026-03-17 20:49:52,influencer,annual,ios
10970,2026-04-03 04:40:58,paid_search,annual,android
10971,2026-03-27 00:29:40,paid_search,monthly,ios
10972,2026-05-09 07:47:21,paid_search,monthly,android
10973,2026-08-15 20:00:39,referral,monthly,android
10974,2026-08-27 13:26:52,referral,monthly,android
10975,2026-06-28 23:15:53,organic,monthly,ios
10976,2026-05-12 21:22:19,influencer,monthly,web
10977,2026-06-13 23:12:08,paid_search,monthly,android
10978,2026-07-21 18:46:39,paid_search,monthly,android
10979,2026-04-18 18:55:01,paid_search,monthly,ios
10980,2026-04-25 05:42:00,organic,monthly,ios
10981,2026-08-12 21:45:04,organic,annual,ios
10982,2026-04-05 08:05:53,referral,annual,web
10983,2026-08-30 11:24:59,organic,monthly,android
10984,2026-03-13 18:57:37,organic,monthly,web
10985,2026-05-31 10:49:12,referral,monthly,ios
10986,2026-03-20 19:17:35,referral,annual,android
10987,2026-06-15 04:13:09,influencer,monthly,ios
10988,2026-05-29 21:24:10,organic,monthly,ios
10989,2026-03-17 15:35:16,paid_search,monthly,ios
10990,2026-06-26 01:44:55,influencer,annual,ios
10991,2026-03-10 20:40:00,paid_search,annual,ios
10992,2026-05-29 23:30:01,organic,monthly,android
10993,2026-05-27 07:33:08,paid_search,monthly,ios
10994,2026-04-09 17:01:27,influencer,monthly,web
10995,2026-04-06 10:37:36,paid_search,monthly,android
10996,2026-04-04 08:58:28,paid_search,annual,web
10997,2026-08-29 06:45:50,organic,monthly,ios
10998,2026-04-29 08:21:48,paid_search,monthly,ios
10999,2026-08-24 21:32:07,referral,annual,ios
11000,2026-07-23 06:08:51,organic,monthly,ios
11001,2026-07-25 07:16:58,referral,monthly,ios
11002,2026-04-05 16:37:56,referral,monthly,web
11003,2026-03-17 11:38:54,referral,monthly,android
11004,2026-05-19 05:52:49,paid_search,annual,web
11005,2026-03-04 08:12:19,paid_search,monthly,ios
11006,2026-04-20 09:13:44,paid_search,monthly,web
11007,2026-03-24 00:51:47,referral,monthly,android
11008,2026-05-16 15:42:10,paid_search,monthly,android
11009,2026-06-26 15:53:05,organic,monthly,ios
11010,2026-05-10 00:56:52,paid_search,monthly,ios
11011,2026-04-01 11:11:41,paid_search,monthly,ios
11012,2026-06-09 12:32:26,referral,monthly,ios
11013,2026-05-19 20:46:56,organic,annual,ios
11014,2026-08-05 15:17:27,paid_search,monthly,ios
11015,2026-07-13 07:20:24,paid_search,monthly,android
11016,2026-04-19 13:49:24,influencer,monthly,android
11017,2026-07-26 13:34:41,referral,monthly,web
11018,2026-05-28 06:14:55,referral,monthly,web
11019,2026-05-05 05:16:50,paid_search,monthly,web
11020,2026-07-03 10:34:35,referral,monthly,android
11021,2026-08-07 07:48:14,organic,monthly,ios
11022,2026-07-14 11:45:12,paid_search,monthly,android
11023,2026-08-10 10:15:58,organic,annual,android
11024,2026-04-15 23:10:35,paid_search,monthly,android
11025,2026-08-25 06:25:54,paid_search,monthly,ios
11026,2026-05-20 07:55:04,referral,monthly,android
11027,2026-04-29 04:52:15,influencer,monthly,ios
11028,2026-04-22 23:55:14,paid_search,monthly,android
11029,2026-08-24 06:29:24,referral,annual,web
11030,2026-05-06 17:47:30,paid_search,monthly,android
11031,2026-03-11 20:04:05,referral,monthly,ios
11032,2026-06-12 05:56:20,influencer,monthly,android
11033,2026-07-20 19:48:13,organic,monthly,android
11034,2026-06-20 16:46:04,paid_search,monthly,ios
11035,2026-06-05 18:10:38,paid_search,annual,web
11036,2026-03-05 23:41:35,paid_search,monthly,android
11037,2026-05-25 08:29:00,organic,monthly,web
11038,2026-03-11 00:59:53,organic,annual,android
11039,2026-06-14 02:20:46,organic,monthly,web
11040,2026-04-18 04:18:14,influencer,monthly,android
11041,2026-08-27 19:51:19,referral,monthly,android
11042,2026-05-03 17:29:32,referral,monthly,web
11043,2026-08-26 01:00:32,paid_search,monthly,web
11044,2026-04-19 10:15:04,organic,annual,web
11045,2026-07-15 07:12:02,paid_search,monthly,ios
11046,2026-03-04 00:57:39,referral,monthly,android
11047,2026-06-08 12:35:36,organic,monthly,ios
11048,2026-07-18 22:35:41,organic,monthly,android
11049,2026-03-31 04:41:58,referral,monthly,android
11050,2026-05-17 03:55:38,paid_search,monthly,android
11051,2026-08-26 17:44:09,organic,monthly,android
11052,2026-05-24 15:38:05,paid_search,monthly,android
11053,2026-03-11 05:48:25,influencer,monthly,ios
11054,2026-08-27 18:45:45,referral,annual,ios
11055,2026-08-13 19:23:51,paid_search,monthly,ios
11056,2026-06-13 00:12:49,organic,monthly,web
11057,2026-03-05 23:32:41,influencer,monthly,ios
11058,2026-06-02 10:02:16,referral,annual,ios
11059,2026-06-09 13:49:37,paid_search,monthly,android
11060,2026-04-18 05:39:08,referral,monthly,android
11061,2026-06-09 08:42:45,organic,monthly,android
11062,2026-03-23 10:12:11,influencer,monthly,web
11063,2026-05-30 16:13:18,paid_search,annual,ios
11064,2026-05-15 09:41:28,influencer,monthly,web
11065,2026-06-12 11:11:35,organic,monthly,ios
11066,2026-05-31 15:21:17,organic,monthly,web
11067,2026-05-22 06:14:26,influencer,monthly,ios
11068,2026-05-04 05:38:46,influencer,monthly,web
11069,2026-03-15 05:25:12,influencer,monthly,ios
11070,2026-08-13 10:19:31,organic,monthly,ios
11071,2026-05-31 18:52:52,paid_search,monthly,android
11072,2026-04-16 04:09:44,paid_search,annual,web
11073,2026-05-17 20:07:21,paid_search,annual,android
11074,2026-03-01 13:46:34,referral,monthly,ios
11075,2026-03-22 09:17:51,referral,monthly,ios
11076,2026-07-04 09:37:29,paid_search,annual,ios
11077,2026-07-02 05:37:45,referral,monthly,ios
11078,2026-07-14 21:04:34,paid_search,monthly,ios
11079,2026-07-02 02:19:16,organic,monthly,ios
11080,2026-04-11 19:43:57,paid_search,monthly,android
11081,2026-05-11 10:56:09,paid_search,annual,android
11082,2026-06-28 17:43:26,paid_search,monthly,android
11083,2026-04-19 07:30:01,influencer,monthly,ios
11084,2026-08-06 01:00:58,influencer,monthly,web
11085,2026-08-15 18:59:20,organic,monthly,android
11086,2026-03-31 08:01:59,referral,monthly,web
11087,2026-06-17 14:40:49,organic,monthly,web
11088,2026-04-08 01:26:43,referral,monthly,android
11089,2026-04-10 10:10:05,referral,monthly,web
11090,2026-04-27 05:18:36,paid_search,monthly,android
11091,2026-08-04 00:50:40,referral,monthly,android
11092,2026-05-16 15:27:35,paid_search,monthly,android
11093,2026-03-24 04:14:31,paid_search,monthly,web
11094,2026-05-08 21:33:13,organic,monthly,web
11095,2026-05-28 08:34:14,influencer,annual,web
11096,2026-08-28 06:00:53,influencer,annual,ios
11097,2026-06-30 14:21:45,influencer,monthly,android
11098,2026-08-15 11:06:47,referral,monthly,ios
11099,2026-04-24 18:50:49,organic,monthly,ios
11100,2026-06-03 04:52:06,influencer,annual,ios
11101,2026-06-19 04:44:49,organic,annual,android
11102,2026-06-25 12:00:28,influencer,monthly,web
11103,2026-06-29 03:11:12,organic,monthly,android
11104,2026-06-15 05:11:02,paid_search,monthly,android
11105,2026-08-30 00:42:37,paid_search,monthly,web
11106,2026-06-25 07:35:49,paid_search,monthly,android
11107,2026-05-21 09:47:05,referral,monthly,ios
11108,2026-07-21 21:40:33,paid_search,monthly,ios
11109,2026-06-29 13:06:19,organic,annual,android
11110,2026-08-02 09:04:51,referral,monthly,web
11111,2026-07-25 04:34:30,referral,monthly,ios
11112,2026-08-12 22:34:40,referral,monthly,ios
11113,2026-03-09 20:03:49,paid_search,monthly,web
11114,2026-06-01 08:52:05,referral,monthly,web
11115,2026-05-08 22:47:19,influencer,monthly,android
11116,2026-08-09 11:05:42,referral,monthly,android
11117,2026-05-19 18:38:04,referral,monthly,web
11118,2026-04-26 06:38:04,paid_search,annual,android
11119,2026-03-26 17:20:49,paid_search,annual,ios
11120,2026-03-20 02:24:18,influencer,annual,android
11121,2026-06-11 05:32:00,influencer,monthly,android
11122,2026-07-14 22:16:06,influencer,monthly,web
11123,2026-05-02 15:53:12,organic,monthly,ios
11124,2026-08-04 00:17:49,paid_search,annual,ios
11125,2026-03-21 15:45:44,influencer,annual,web
11126,2026-08-09 05:36:24,influencer,annual,ios
11127,2026-05-15 02:19:15,organic,annual,web
11128,2026-06-29 07:38:36,referral,monthly,android
11129,2026-06-26 17:40:01,paid_search,monthly,ios
11130,2026-08-05 22:26:05,referral,monthly,ios
11131,2026-06-14 01:50:35,organic,monthly,android
11132,2026-03-29 13:41:36,paid_search,annual,android
11133,2026-03-19 12:07:11,referral,monthly,web
11134,2026-07-19 06:34:00,organic,monthly,web
11135,2026-07-12 11:57:01,influencer,monthly,android
11136,2026-07-24 04:45:17,referral,annual,ios
11137,2026-08-22 17:32:51,organic,monthly,android
11138,2026-08-02 15:30:41,paid_search,monthly,android
11139,2026-08-24 06:11:21,organic,monthly,android
11140,2026-03-01 23:33:14,paid_search,monthly,android
11141,2026-04-16 02:50:09,organic,monthly,web
11142,2026-04-08 00:34:07,organic,monthly,ios
11143,2026-06-11 04:59:36,paid_search,monthly,ios
11144,2026-08-19 11:28:27,paid_search,monthly,ios
11145,2026-05-23 20:31:24,referral,annual,ios
11146,2026-06-17 00:01:06,referral,monthly,web
11147,2026-04-26 13:54:36,paid_search,annual,android
11148,2026-03-15 02:43:05,referral,annual,ios
11149,2026-07-07 09:10:55,referral,annual,ios
11150,2026-05-03 04:30:04,organic,monthly,ios
11151,2026-05-16 13:21:35,influencer,annual,web
11152,2026-06-03 07:22:27,influencer,annual,android
11153,2026-04-02 13:16:31,organic,monthly,android
11154,2026-04-16 11:15:45,paid_search,monthly,ios
11155,2026-03-12 19:44:46,paid_search,annual,android
11156,2026-03-10 10:45:58,organic,monthly,ios
11157,2026-07-20 21:12:01,paid_search,annual,ios
11158,2026-08-03 01:50:54,referral,annual,android
11159,2026-03-05 15:15:33,referral,monthly,web
11160,2026-08-12 03:03:45,organic,annual,android
11161,2026-08-09 10:51:39,paid_search,monthly,ios
11162,2026-07-12 06:35:56,paid_search,monthly,ios
11163,2026-06-01 21:15:35,organic,monthly,android
11164,2026-08-02 03:46:18,paid_search,annual,ios
11165,2026-05-07 06:24:27,paid_search,annual,android
11166,2026-03-30 00:44:47,organic,monthly,android
11167,2026-08-29 21:29:27,referral,monthly,web
11168,2026-08-29 17:40:36,organic,annual,ios
11169,2026-03-31 07:23:00,referral,monthly,android
11170,2026-08-08 19:13:51,paid_search,monthly,android
11171,2026-03-21 17:47:01,organic,monthly,ios
11172,2026-07-09 05:21:38,influencer,monthly,ios
11173,2026-07-03 13:01:30,paid_search,monthly,android
11174,2026-03-28 08:59:26,organic,monthly,android
11175,2026-07-23 06:30:10,referral,annual,ios
11176,2026-04-19 02:25:31,influencer,annual,android
11177,2026-07-12 00:23:05,paid_search,annual,android
11178,2026-06-04 11:30:42,organic,annual,web
11179,2026-08-17 15:51:57,organic,monthly,ios
11180,2026-06-23 15:06:52,referral,monthly,web
11181,2026-07-25 17:52:15,organic,monthly,web
11182,2026-07-23 21:33:07,organic,annual,ios
11183,2026-08-10 05:58:05,organic,monthly,android
11184,2026-07-14 00:12:29,paid_search,monthly,web
11185,2026-07-08 21:21:19,organic,monthly,android
11186,2026-06-05 09:45:54,paid_search,monthly,ios
11187,2026-06-02 23:16:33,referral,annual,android
11188,2026-04-15 06:01:53,organic,monthly,ios
11189,2026-07-21 01:18:59,paid_search,monthly,android
11190,2026-03-14 15:38:07,referral,monthly,web
11191,2026-05-03 11:20:23,referral,monthly,web
11192,2026-08-16 05:34:04,influencer,monthly,web
11193,2026-07-01 13:16:34,paid_search,monthly,ios
11194,2026-06-06 05:27:18,referral,monthly,ios
11195,2026-06-24 04:32:31,paid_search,annual,ios
11196,2026-04-21 07:32:32,paid_search,annual,android
11197,2026-07-25 06:51:06,influencer,annual,android
11198,2026-03-27 23:14:57,influencer,monthly,web
11199,2026-05-17 04:12:27,organic,monthly,android
11200,2026-08-06 05:31:28,organic,monthly,ios
11201,2026-06-22 14:50:56,influencer,monthly,android
11202,2026-07-22 04:03:23,referral,monthly,android
11203,2026-04-25 23:51:25,organic,annual,android
11204,2026-05-09 07:57:24,referral,annual,ios
11205,2026-06-27 16:20:55,paid_search,monthly,android
11206,2026-05-15 20:16:18,organic,monthly,ios
11207,2026-05-11 01:32:17,organic,annual,android
11208,2026-06-26 08:32:30,referral,monthly,ios
11209,2026-06-19 11:22:43,influencer,annual,android
11210,2026-08-03 02:22:14,paid_search,monthly,ios
11211,2026-08-31 03:46:09,paid_search,monthly,ios
11212,2026-05-05 19:10:10,influencer,annual,ios
11213,2026-08-30 14:28:57,organic,monthly,ios
11214,2026-03-22 21:40:53,organic,monthly,web
11215,2026-05-27 18:38:52,referral,monthly,android
11216,2026-05-21 11:50:01,organic,monthly,web
11217,2026-05-30 13:07:18,organic,monthly,android
11218,2026-04-21 12:36:06,influencer,monthly,android
11219,2026-07-29 19:41:11,paid_search,monthly,android
11220,2026-08-20 07:44:26,referral,monthly,ios
11221,2026-04-30 11:02:19,referral,monthly,android
11222,2026-08-13 15:21:57,referral,annual,android
11223,2026-05-28 17:51:59,referral,monthly,android
11224,2026-04-10 00:51:30,paid_search,monthly,ios
11225,2026-08-29 23:28:07,organic,monthly,ios
11226,2026-03-14 05:42:36,influencer,monthly,android
11227,2026-07-15 23:22:04,paid_search,monthly,ios
11228,2026-06-05 23:30:07,organic,annual,android
11229,2026-03-29 09:21:18,influencer,annual,ios
11230,2026-08-13 21:18:36,paid_search,annual,web
11231,2026-07-04 07:48:46,organic,monthly,android
11232,2026-08-25 07:54:48,influencer,monthly,web
11233,2026-06-05 21:32:59,organic,monthly,web
11234,2026-07-16 11:19:33,referral,monthly,web
11235,2026-06-11 05:15:09,paid_search,annual,android
11236,2026-03-29 05:38:37,organic,monthly,android
11237,2026-08-17 09:49:11,organic,annual,ios
11238,2026-06-21 03:43:33,organic,monthly,android
11239,2026-08-07 17:43:44,organic,monthly,android
11240,2026-06-17 23:46:57,organic,monthly,ios
11241,2026-03-15 17:31:32,organic,monthly,ios
11242,2026-03-01 17:05:28,paid_search,monthly,web
11243,2026-08-19 10:43:43,organic,monthly,web
11244,2026-08-04 23:35:47,organic,annual,android
11245,2026-07-03 10:45:55,organic,annual,android
11246,2026-05-05 07:32:42,referral,monthly,android
11247,2026-03-14 04:42:43,organic,annual,android
11248,2026-05-05 09:10:41,organic,monthly,android
11249,2026-03-19 11:22:08,organic,monthly,android
11250,2026-05-23 04:00:05,organic,monthly,android
11251,2026-07-24 07:17:16,referral,annual,ios
11252,2026-05-19 10:46:23,paid_search,monthly,web
11253,2026-07-09 06:32:55,organic,annual,android
11254,2026-08-26 12:57:15,organic,monthly,android
11255,2026-06-20 06:22:00,organic,monthly,ios
11256,2026-04-15 14:34:27,organic,monthly,web
11257,2026-06-07 22:34:42,referral,monthly,android
11258,2026-08-31 18:19:41,paid_search,monthly,android
11259,2026-04-18 17:01:41,influencer,monthly,web
11260,2026-03-20 19:40:19,paid_search,monthly,android
11261,2026-08-07 10:28:59,paid_search,monthly,ios
11262,2026-06-15 09:48:25,referral,monthly,android
11263,2026-06-07 18:19:59,referral,monthly,web
11264,2026-07-06 02:25:57,referral,annual,web
11265,2026-04-23 07:05:00,organic,monthly,web
11266,2026-05-01 21:18:52,referral,annual,android
11267,2026-03-18 12:24:23,paid_search,annual,android
11268,2026-05-07 00:53:35,influencer,annual,web
11269,2026-07-01 06:58:06,referral,monthly,android
11270,2026-04-24 07:57:30,paid_search,monthly,android
11271,2026-05-26 10:58:33,paid_search,annual,web
11272,2026-04-17 19:16:40,paid_search,monthly,ios
11273,2026-05-18 18:59:51,influencer,monthly,android
11274,2026-08-30 07:20:55,organic,annual,android
11275,2026-08-29 22:29:17,paid_search,monthly,android
11276,2026-06-04 00:12:32,organic,monthly,android
11277,2026-05-25 18:48:33,paid_search,annual,android
11278,2026-03-17 13:47:07,referral,monthly,android
11279,2026-04-04 00:21:53,paid_search,monthly,ios
11280,2026-07-16 03:46:02,paid_search,monthly,ios
11281,2026-06-27 10:21:43,paid_search,annual,web
11282,2026-06-12 22:24:58,organic,annual,ios
11283,2026-05-08 13:13:09,paid_search,annual,web
11284,2026-07-30 06:18:02,referral,annual,android
11285,2026-08-12 15:48:56,paid_search,annual,ios
11286,2026-07-06 20:22:10,organic,monthly,web
11287,2026-04-19 07:08:44,organic,monthly,web
11288,2026-07-08 08:05:59,referral,annual,android
11289,2026-06-19 00:25:57,paid_search,annual,ios
11290,2026-03-25 18:33:16,referral,monthly,ios
11291,2026-08-21 21:23:44,referral,monthly,ios
11292,2026-04-09 12:31:55,influencer,monthly,android
11293,2026-08-07 06:49:26,paid_search,monthly,android
11294,2026-07-14 09:39:57,influencer,monthly,android
11295,2026-08-29 14:07:48,paid_search,monthly,web
11296,2026-03-27 06:48:58,organic,monthly,ios
11297,2026-08-03 13:23:47,paid_search,annual,web
11298,2026-07-14 12:41:09,paid_search,monthly,android
11299,2026-07-07 22:24:25,referral,monthly,android
11300,2026-07-29 14:20:31,referral,monthly,ios
11301,2026-07-08 08:17:30,organic,annual,ios
11302,2026-08-02 01:48:06,organic,monthly,web
11303,2026-03-14 03:50:36,organic,monthly,ios
11304,2026-07-21 16:09:41,organic,annual,ios
11305,2026-05-24 14:46:39,referral,annual,android
11306,2026-06-08 01:18:14,paid_search,monthly,android
11307,2026-03-03 20:28:57,referral,monthly,android
11308,2026-07-18 10:49:34,paid_search,monthly,web
11309,2026-04-07 09:02:07,referral,monthly,android
11310,2026-03-08 23:01:17,organic,annual,android
11311,2026-06-01 04:12:13,referral,monthly,ios
11312,2026-04-04 03:09:45,paid_search,monthly,android
11313,2026-08-04 17:20:09,paid_search,monthly,android
11314,2026-08-03 17:42:30,referral,monthly,ios
11315,2026-04-09 13:26:02,organic,monthly,android
11316,2026-07-05 16:03:46,referral,annual,web
11317,2026-06-13 19:45:58,organic,monthly,android
11318,2026-07-05 23:49:30,influencer,annual,android
11319,2026-07-03 15:03:31,referral,monthly,ios
11320,2026-03-31 00:53:41,influencer,monthly,web
11321,2026-08-29 21:58:55,paid_search,monthly,ios
11322,2026-07-19 22:32:31,referral,annual,android
11323,2026-08-02 02:54:12,paid_search,annual,web
11324,2026-03-13 14:35:32,influencer,annual,web
11325,2026-07-26 04:36:57,influencer,monthly,ios
11326,2026-08-06 07:13:25,influencer,annual,ios
11327,2026-04-06 08:52:25,paid_search,annual,android
11328,2026-08-10 18:35:14,organic,monthly,ios
11329,2026-04-09 14:48:20,paid_search,monthly,ios
11330,2026-05-15 18:39:52,referral,monthly,ios
11331,2026-06-14 09:27:32,paid_search,monthly,ios
11332,2026-06-18 17:14:10,paid_search,monthly,web
11333,2026-07-24 16:57:52,organic,monthly,ios
11334,2026-06-04 18:19:49,paid_search,annual,ios
11335,2026-06-27 17:26:31,organic,monthly,ios
11336,2026-08-14 19:32:52,organic,monthly,ios
11337,2026-05-16 21:35:30,organic,annual,ios
11338,2026-08-07 13:07:22,paid_search,monthly,web
11339,2026-06-27 18:16:30,influencer,monthly,ios
11340,2026-06-17 21:01:05,organic,annual,web
11341,2026-06-08 06:19:28,paid_search,monthly,android
11342,2026-06-12 13:36:02,organic,monthly,android
11343,2026-07-31 09:07:43,referral,annual,ios
11344,2026-04-21 13:24:29,paid_search,monthly,android
11345,2026-08-24 05:00:20,organic,annual,ios
11346,2026-05-26 11:14:33,organic,monthly,android
11347,2026-03-28 11:08:58,paid_search,annual,android
11348,2026-06-15 18:46:45,referral,monthly,android
11349,2026-07-27 13:40:31,paid_search,monthly,web
11350,2026-08-04 03:04:23,paid_search,monthly,android
11351,2026-04-27 15:35:01,influencer,monthly,android
11352,2026-05-28 00:02:13,influencer,monthly,ios
11353,2026-07-18 04:04:01,paid_search,monthly,web
11354,2026-03-11 02:34:18,influencer,monthly,ios
11355,2026-07-01 03:06:41,referral,annual,ios
11356,2026-04-02 09:41:05,organic,monthly,web
11357,2026-07-16 14:29:39,influencer,monthly,android
11358,2026-07-22 16:04:30,organic,monthly,ios
11359,2026-05-07 15:41:52,paid_search,annual,ios
11360,2026-06-26 18:22:58,organic,monthly,ios
11361,2026-03-31 01:59:52,paid_search,monthly,web
11362,2026-04-16 20:01:34,referral,monthly,ios
11363,2026-04-20 19:19:27,paid_search,monthly,web
11364,2026-03-10 19:52:04,referral,annual,android
11365,2026-07-10 09:07:11,organic,monthly,android
11366,2026-07-31 02:33:13,paid_search,monthly,android
11367,2026-03-13 10:40:00,paid_search,monthly,android
11368,2026-07-09 12:36:52,organic,monthly,android
11369,2026-08-12 07:05:52,organic,monthly,ios
11370,2026-08-26 14:36:10,paid_search,annual,android
11371,2026-08-30 19:55:43,organic,annual,android
11372,2026-06-19 01:14:35,referral,monthly,ios
11373,2026-08-14 13:46:33,paid_search,monthly,android
11374,2026-06-23 18:08:32,organic,monthly,android
11375,2026-07-18 04:12:24,referral,annual,web
11376,2026-08-09 04:47:17,paid_search,annual,android
11377,2026-05-17 06:48:47,influencer,monthly,android
11378,2026-07-17 09:34:34,paid_search,annual,ios
11379,2026-05-29 10:24:42,paid_search,monthly,ios
11380,2026-07-30 23:32:34,paid_search,monthly,android
11381,2026-08-03 11:16:15,referral,monthly,web
11382,2026-05-13 10:55:28,organic,monthly,ios
11383,2026-07-29 16:15:52,organic,annual,ios
11384,2026-06-11 14:35:33,paid_search,monthly,android
11385,2026-07-13 05:42:15,paid_search,monthly,ios
11386,2026-07-25 14:15:34,organic,monthly,android
11387,2026-03-20 14:06:52,paid_search,monthly,web
11388,2026-06-06 04:21:01,paid_search,monthly,android
11389,2026-03-07 18:22:14,organic,monthly,ios
11390,2026-08-13 01:01:27,referral,annual,web
11391,2026-07-17 09:08:43,influencer,monthly,android
11392,2026-08-05 03:19:48,referral,monthly,android
11393,2026-04-18 22:52:05,organic,monthly,ios
11394,2026-07-31 11:42:57,referral,monthly,android
11395,2026-05-25 20:15:31,influencer,annual,android
11396,2026-06-22 12:28:10,organic,monthly,ios
11397,2026-04-29 19:53:22,referral,monthly,android
11398,2026-04-09 14:22:14,organic,annual,web
11399,2026-07-20 19:51:08,paid_search,monthly,ios
11400,2026-03-08 04:54:59,referral,annual,web
11401,2026-07-29 14:16:20,paid_search,monthly,ios
11402,2026-06-06 16:07:45,organic,monthly,android
11403,2026-05-14 01:52:15,organic,monthly,android
11404,2026-06-18 19:34:44,paid_search,monthly,android
11405,2026-05-30 05:07:51,paid_search,monthly,android
11406,2026-07-21 09:44:55,paid_search,annual,web
11407,2026-08-26 00:10:34,organic,annual,android
11408,2026-03-06 19:52:02,paid_search,monthly,android
11409,2026-05-09 09:01:18,organic,monthly,ios
11410,2026-07-26 19:35:46,referral,annual,ios
11411,2026-04-26 16:25:54,paid_search,monthly,web
11412,2026-03-06 04:01:31,paid_search,monthly,ios
11413,2026-08-26 00:45:58,organic,monthly,android
11414,2026-07-25 14:00:32,paid_search,monthly,ios
11415,2026-03-14 00:59:14,organic,monthly,android
11416,2026-08-26 16:59:25,organic,annual,android
11417,2026-05-10 11:06:08,paid_search,annual,android
11418,2026-08-19 20:48:07,referral,monthly,ios
11419,2026-06-29 10:43:07,influencer,monthly,ios
11420,2026-07-04 21:03:10,influencer,monthly,web
11421,2026-07-24 15:42:40,organic,monthly,web
11422,2026-05-03 06:29:27,paid_search,annual,web
11423,2026-07-17 21:41:19,paid_search,monthly,android
11424,2026-08-05 03:53:38,referral,monthly,ios
11425,2026-06-17 10:36:06,organic,monthly,ios
11426,2026-07-10 19:46:24,paid_search,monthly,web
11427,2026-04-19 11:30:35,paid_search,monthly,android
11428,2026-05-29 14:45:37,organic,monthly,android
11429,2026-07-16 14:58:05,referral,annual,android
11430,2026-03-24 09:15:27,referral,monthly,android
11431,2026-08-27 12:00:36,organic,monthly,ios
11432,2026-04-28 02:21:01,organic,monthly,android
11433,2026-08-08 19:39:36,paid_search,monthly,web
11434,2026-04-14 19:52:32,referral,monthly,ios
11435,2026-08-15 08:27:45,paid_search,monthly,ios
11436,2026-06-23 14:21:24,referral,monthly,android
11437,2026-05-12 05:32:44,influencer,monthly,ios
11438,2026-08-29 06:47:31,influencer,monthly,android
11439,2026-07-31 05:40:59,organic,annual,web
11440,2026-08-14 23:22:29,organic,annual,ios
11441,2026-04-28 21:21:21,paid_search,monthly,android
11442,2026-08-11 04:15:43,referral,monthly,android
11443,2026-03-16 14:10:49,organic,annual,ios
11444,2026-04-06 15:48:32,referral,annual,ios
11445,2026-07-01 16:21:59,influencer,annual,android
11446,2026-04-24 04:20:24,referral,monthly,ios
11447,2026-03-15 03:23:03,referral,annual,android
11448,2026-08-17 13:49:53,paid_search,annual,android
11449,2026-06-06 10:39:33,organic,monthly,android
11450,2026-06-23 09:42:27,paid_search,monthly,web
11451,2026-05-01 06:09:06,organic,monthly,web
11452,2026-08-29 17:03:49,organic,monthly,android
11453,2026-08-03 15:02:00,referral,monthly,ios
11454,2026-07-02 18:59:47,organic,monthly,android
11455,2026-08-03 13:07:24,organic,monthly,ios
11456,2026-04-06 19:38:34,organic,monthly,android
11457,2026-03-26 06:11:16,paid_search,monthly,android
11458,2026-05-08 13:12:56,referral,annual,android
11459,2026-03-12 04:39:36,influencer,monthly,android
11460,2026-07-23 16:18:55,paid_search,annual,android
11461,2026-05-03 20:25:05,referral,annual,android
11462,2026-07-05 19:17:00,referral,monthly,web
11463,2026-03-31 22:18:16,referral,annual,android
11464,2026-05-26 22:16:30,referral,monthly,android
11465,2026-03-27 18:13:24,paid_search,monthly,ios
11466,2026-05-08 04:32:39,paid_search,monthly,web
11467,2026-07-18 12:57:58,organic,monthly,android
11468,2026-05-19 14:15:33,referral,monthly,web
11469,2026-08-20 20:04:59,paid_search,annual,web
11470,2026-03-12 16:52:22,referral,annual,ios
11471,2026-06-08 18:05:35,referral,monthly,ios
11472,2026-08-05 10:35:47,influencer,annual,android
11473,2026-07-10 07:32:46,influencer,monthly,ios
11474,2026-08-19 06:36:07,organic,monthly,ios
11475,2026-05-05 05:49:02,influencer,annual,android
11476,2026-04-27 09:03:27,referral,annual,android
11477,2026-08-20 02:17:53,organic,monthly,android
11478,2026-08-20 11:19:40,paid_search,monthly,ios
11479,2026-03-25 23:20:03,paid_search,monthly,android
11480,2026-07-01 09:36:09,influencer,monthly,android
11481,2026-07-11 19:03:52,referral,monthly,web
11482,2026-04-12 05:46:02,organic,annual,android
11483,2026-04-30 01:20:20,organic,annual,web
11484,2026-07-29 15:03:34,referral,monthly,ios
11485,2026-04-09 15:09:18,organic,annual,web
11486,2026-08-22 14:32:05,referral,monthly,android
11487,2026-06-25 16:57:17,referral,monthly,ios
11488,2026-08-31 08:32:17,referral,monthly,ios
11489,2026-07-12 03:16:00,influencer,monthly,web
11490,2026-04-26 03:28:32,paid_search,monthly,web
11491,2026-03-12 03:14:42,influencer,monthly,ios
11492,2026-06-05 05:11:11,organic,monthly,android
11493,2026-04-19 08:19:44,referral,annual,android
11494,2026-08-03 04:25:35,paid_search,monthly,web
11495,2026-08-25 06:58:02,paid_search,monthly,ios
11496,2026-05-07 19:12:29,paid_search,annual,android
11497,2026-08-06 05:45:29,paid_search,monthly,android
11498,2026-06-03 02:13:22,organic,monthly,ios
11499,2026-05-26 11:55:07,paid_search,monthly,web
11500,2026-07-29 22:14:26,influencer,monthly,android
11501,2026-05-15 07:45:35,paid_search,monthly,android
11502,2026-05-25 14:13:56,paid_search,annual,web
11503,2026-08-17 07:41:57,referral,monthly,android
11504,2026-07-18 20:40:30,referral,monthly,web
11505,2026-03-01 20:21:11,paid_search,monthly,ios
11506,2026-07-10 01:42:35,influencer,monthly,ios
11507,2026-05-01 03:15:47,influencer,monthly,ios
11508,2026-04-26 10:46:37,influencer,annual,ios
11509,2026-08-22 11:42:15,paid_search,monthly,android
11510,2026-05-25 06:52:14,referral,annual,android
11511,2026-03-30 00:26:47,paid_search,monthly,ios
11512,2026-03-03 18:29:42,referral,monthly,android
11513,2026-04-01 00:59:41,referral,monthly,web
11514,2026-08-18 13:22:33,paid_search,monthly,ios
11515,2026-03-16 02:26:21,paid_search,monthly,web
11516,2026-04-05 16:22:11,influencer,monthly,android
11517,2026-07-05 18:26:54,organic,annual,ios
11518,2026-04-24 04:29:57,influencer,monthly,android
11519,2026-05-31 05:21:22,referral,monthly,web
11520,2026-07-28 20:52:05,paid_search,annual,android
11521,2026-03-13 20:34:35,referral,monthly,android
11522,2026-06-13 01:57:09,influencer,monthly,ios
11523,2026-03-18 07:05:52,paid_search,monthly,ios
11524,2026-08-14 09:11:12,organic,annual,android
11525,2026-07-10 00:46:34,organic,monthly,android
11526,2026-07-31 16:25:36,referral,monthly,ios
11527,2026-07-24 15:44:19,influencer,monthly,android
11528,2026-04-08 11:07:32,paid_search,annual,android
11529,2026-04-02 06:19:31,paid_search,monthly,android
11530,2026-05-05 14:58:58,organic,annual,ios
11531,2026-08-16 17:54:04,referral,monthly,ios
11532,2026-04-13 01:29:26,organic,monthly,ios
11533,2026-04-21 08:34:11,paid_search,monthly,android
11534,2026-07-17 00:21:41,organic,annual,android
11535,2026-08-08 09:46:34,organic,annual,ios
11536,2026-06-27 15:29:44,referral,monthly,web
11537,2026-04-10 18:51:49,organic,monthly,ios
11538,2026-04-05 06:24:29,paid_search,annual,android
11539,2026-05-22 13:11:52,paid_search,annual,android
11540,2026-03-04 17:49:58,organic,annual,web
11541,2026-07-06 11:07:24,referral,monthly,ios
11542,2026-04-21 00:20:49,paid_search,monthly,web
11543,2026-06-03 23:59:51,organic,annual,ios
11544,2026-06-26 04:36:38,influencer,monthly,web
11545,2026-08-03 13:59:24,referral,annual,ios
11546,2026-05-23 21:24:38,organic,monthly,ios
11547,2026-08-12 12:52:57,referral,monthly,android
11548,2026-04-29 15:09:10,referral,monthly,android
11549,2026-08-15 06:19:45,organic,annual,web
11550,2026-07-18 11:10:01,referral,annual,web
11551,2026-07-15 23:51:40,paid_search,annual,android
11552,2026-08-05 14:15:06,paid_search,monthly,ios
11553,2026-05-29 06:35:03,organic,monthly,ios
11554,2026-05-28 14:13:04,referral,monthly,android
11555,2026-04-25 02:30:22,referral,monthly,web
11556,2026-03-04 13:38:35,paid_search,monthly,ios
11557,2026-07-29 17:29:28,paid_search,monthly,web
11558,2026-07-14 18:08:51,organic,annual,web
11559,2026-06-28 13:28:12,influencer,monthly,web
11560,2026-05-21 07:49:50,referral,monthly,android
11561,2026-06-16 10:35:51,influencer,monthly,ios
11562,2026-05-23 23:23:19,paid_search,annual,ios
11563,2026-06-05 20:04:02,organic,annual,ios
11564,2026-08-14 03:39:08,referral,monthly,ios
11565,2026-06-08 16:51:53,referral,annual,android
11566,2026-06-12 17:00:21,paid_search,monthly,web
11567,2026-04-23 20:48:28,paid_search,monthly,android
11568,2026-07-03 19:50:53,influencer,monthly,android
11569,2026-03-19 01:12:48,organic,monthly,ios
11570,2026-06-07 01:53:53,influencer,monthly,web
11571,2026-06-03 17:05:53,paid_search,monthly,ios
11572,2026-06-30 03:04:39,organic,monthly,ios
11573,2026-06-06 15:49:47,organic,annual,ios
11574,2026-05-23 15:45:30,organic,monthly,android
11575,2026-06-05 09:05:30,influencer,monthly,android
11576,2026-06-22 02:26:56,paid_search,monthly,android
11577,2026-03-08 18:55:29,organic,annual,ios
11578,2026-07-17 17:33:30,referral,monthly,android
11579,2026-06-24 05:56:41,organic,monthly,android
11580,2026-06-23 04:09:40,paid_search,monthly,android
11581,2026-07-04 02:02:03,organic,monthly,web
11582,2026-06-14 04:59:50,paid_search,annual,android
11583,2026-06-24 11:32:11,paid_search,monthly,web
11584,2026-03-11 03:33:57,influencer,annual,ios
11585,2026-03-19 13:34:55,organic,monthly,android
11586,2026-07-10 06:32:02,influencer,monthly,ios
11587,2026-04-07 05:07:15,paid_search,monthly,android
11588,2026-05-20 20:09:31,influencer,annual,android
11589,2026-06-27 03:47:40,paid_search,annual,android
11590,2026-04-18 10:49:45,referral,monthly,ios
11591,2026-05-10 19:21:31,paid_search,monthly,ios
11592,2026-03-25 18:19:32,paid_search,monthly,ios
11593,2026-04-24 23:46:21,paid_search,monthly,android
11594,2026-03-21 00:52:29,referral,monthly,android
11595,2026-03-09 15:43:01,paid_search,monthly,web
11596,2026-06-20 18:33:23,referral,annual,android
11597,2026-06-12 11:51:53,paid_search,monthly,android
11598,2026-06-30 15:10:17,paid_search,annual,ios
11599,2026-08-04 01:42:24,referral,monthly,web
11600,2026-03-09 13:19:50,referral,annual,ios
11601,2026-03-26 16:15:43,organic,monthly,web
11602,2026-04-06 19:43:16,paid_search,monthly,ios
11603,2026-08-31 20:38:14,paid_search,annual,android
11604,2026-03-04 22:53:14,referral,annual,web
11605,2026-08-21 11:19:15,organic,monthly,ios
11606,2026-05-07 01:23:01,organic,monthly,android
11607,2026-04-12 21:33:20,organic,monthly,android
11608,2026-03-25 08:35:50,paid_search,monthly,android
11609,2026-07-26 00:21:06,paid_search,annual,ios
11610,2026-03-02 06:32:01,organic,monthly,ios
11611,2026-06-07 11:03:25,paid_search,monthly,android
11612,2026-03-03 11:46:21,influencer,monthly,ios
11613,2026-03-15 15:15:52,paid_search,monthly,ios
11614,2026-07-26 19:28:13,organic,annual,android
11615,2026-03-05 22:18:52,influencer,monthly,ios
11616,2026-06-17 07:54:13,organic,annual,ios
11617,2026-07-06 12:14:33,paid_search,annual,android
11618,2026-03-14 00:27:47,paid_search,monthly,ios
11619,2026-03-12 09:25:28,influencer,monthly,android
11620,2026-07-26 08:44:49,organic,monthly,ios
11621,2026-05-28 14:12:24,paid_search,monthly,ios
11622,2026-08-11 06:54:06,organic,annual,android
11623,2026-05-21 04:26:49,organic,monthly,ios
11624,2026-04-20 23:50:14,organic,monthly,ios
11625,2026-08-16 21:39:51,organic,annual,ios
11626,2026-06-09 06:27:28,referral,monthly,android
11627,2026-03-13 17:45:29,paid_search,monthly,ios
11628,2026-08-31 15:49:46,organic,monthly,ios
11629,2026-03-05 01:08:45,referral,monthly,android
11630,2026-06-05 05:39:21,organic,annual,ios
11631,2026-06-12 03:02:44,organic,monthly,web
11632,2026-05-27 06:25:22,paid_search,annual,ios
11633,2026-04-09 05:40:36,organic,monthly,web
11634,2026-06-14 17:52:06,paid_search,annual,ios
11635,2026-05-12 19:47:25,organic,monthly,ios
11636,2026-05-31 17:26:12,organic,annual,ios
11637,2026-03-20 10:18:05,paid_search,monthly,android
11638,2026-08-16 22:49:05,paid_search,monthly,android
11639,2026-05-05 01:59:20,referral,monthly,ios
11640,2026-05-30 20:30:01,organic,monthly,android
11641,2026-06-08 06:51:16,organic,monthly,web
11642,2026-05-13 03:50:06,referral,monthly,android
11643,2026-04-08 07:57:03,organic,monthly,ios
11644,2026-08-11 00:22:05,referral,monthly,ios
11645,2026-07-27 12:36:58,referral,monthly,ios
11646,2026-04-23 18:02:13,paid_search,annual,ios
11647,2026-03-14 23:11:27,influencer,annual,android
11648,2026-05-11 10:11:13,paid_search,annual,android
11649,2026-04-24 20:35:19,organic,monthly,web
11650,2026-03-24 23:22:50,paid_search,monthly,android
11651,2026-06-17 12:41:09,referral,monthly,web
11652,2026-07-09 19:30:59,organic,annual,ios
11653,2026-08-14 22:04:19,referral,annual,ios
11654,2026-06-13 11:23:11,organic,monthly,ios
11655,2026-04-08 12:40:50,influencer,monthly,ios
11656,2026-03-14 03:25:27,referral,monthly,android
11657,2026-05-25 13:14:37,influencer,annual,web
11658,2026-03-06 18:39:18,organic,annual,web
11659,2026-07-27 12:31:37,influencer,annual,ios
11660,2026-05-29 13:27:34,paid_search,annual,ios
11661,2026-04-13 22:15:16,paid_search,monthly,android
11662,2026-08-09 18:06:26,paid_search,annual,ios
11663,2026-07-28 10:52:56,influencer,annual,ios
11664,2026-08-01 18:43:17,paid_search,monthly,web
11665,2026-03-06 06:47:35,referral,monthly,web
11666,2026-08-23 22:06:41,paid_search,monthly,android
11667,2026-03-06 14:46:12,paid_search,monthly,ios
11668,2026-08-06 00:45:48,organic,monthly,ios
11669,2026-03-19 08:22:57,organic,monthly,android
11670,2026-04-15 05:15:31,referral,annual,ios
11671,2026-05-12 00:49:01,paid_search,annual,web
11672,2026-05-02 05:19:39,paid_search,monthly,ios
11673,2026-06-08 00:48:31,paid_search,monthly,ios
11674,2026-08-24 05:04:46,paid_search,annual,ios
11675,2026-08-12 03:27:56,organic,monthly,ios
11676,2026-03-31 04:35:44,paid_search,monthly,android
11677,2026-08-18 00:39:54,referral,monthly,android
11678,2026-04-13 00:01:20,paid_search,monthly,web
11679,2026-07-16 03:13:14,organic,monthly,web
11680,2026-08-12 19:28:45,referral,monthly,web
11681,2026-04-24 13:56:32,influencer,monthly,android
11682,2026-04-08 16:01:47,organic,monthly,android
11683,2026-05-04 10:41:17,referral,monthly,web
11684,2026-03-03 21:40:24,organic,monthly,ios
11685,2026-06-05 18:11:45,organic,monthly,web
11686,2026-07-14 13:51:14,paid_search,monthly,ios
11687,2026-04-12 22:12:02,referral,monthly,android
11688,2026-05-06 07:23:24,paid_search,monthly,ios
11689,2026-05-25 21:15:28,organic,monthly,ios
11690,2026-08-12 21:36:45,referral,monthly,ios
11691,2026-03-29 14:40:30,paid_search,monthly,ios
11692,2026-03-01 14:59:48,influencer,annual,web
11693,2026-08-31 00:50:45,influencer,monthly,android
11694,2026-04-23 10:30:58,paid_search,annual,web
11695,2026-07-23 05:17:31,paid_search,monthly,ios
11696,2026-03-10 08:20:50,organic,monthly,android
11697,2026-06-02 05:30:41,influencer,monthly,android
11698,2026-03-12 17:45:03,organic,monthly,web
11699,2026-07-09 03:15:18,organic,annual,android
11700,2026-07-14 21:12:52,organic,annual,android
11701,2026-06-18 11:55:30,paid_search,monthly,android
11702,2026-07-02 14:05:45,paid_search,monthly,web
11703,2026-07-31 18:39:54,organic,monthly,ios
11704,2026-06-10 18:45:30,paid_search,annual,android
11705,2026-08-03 17:05:50,referral,annual,android
11706,2026-03-20 12:15:08,referral,annual,android
11707,2026-07-19 04:52:08,paid_search,monthly,android
11708,2026-08-17 08:03:03,paid_search,monthly,ios
11709,2026-07-08 17:02:45,organic,monthly,android
11710,2026-03-13 23:12:20,influencer,annual,ios
11711,2026-06-29 16:11:12,influencer,monthly,ios
11712,2026-08-16 06:05:08,paid_search,monthly,android
11713,2026-08-20 23:32:25,influencer,annual,android
11714,2026-05-31 12:57:38,referral,annual,ios
11715,2026-05-23 11:40:26,referral,monthly,ios
11716,2026-06-27 18:16:56,paid_search,monthly,ios
11717,2026-07-03 03:40:02,influencer,monthly,web
11718,2026-03-10 13:58:17,influencer,monthly,ios
11719,2026-06-09 01:45:17,paid_search,monthly,web
11720,2026-03-08 11:38:47,organic,monthly,ios
11721,2026-03-13 15:21:41,organic,monthly,ios
11722,2026-05-24 01:57:43,organic,annual,ios
11723,2026-06-06 04:55:05,influencer,monthly,android
11724,2026-05-24 21:37:54,organic,annual,android
11725,2026-05-13 01:21:29,paid_search,monthly,ios
11726,2026-03-23 18:04:47,influencer,annual,ios
11727,2026-07-17 23:13:06,paid_search,monthly,android
11728,2026-04-28 11:43:39,influencer,monthly,android
11729,2026-06-18 07:15:19,referral,monthly,android
11730,2026-07-04 04:30:33,paid_search,annual,android
11731,2026-04-02 22:42:00,organic,monthly,ios
11732,2026-03-21 15:34:40,influencer,monthly,ios
11733,2026-03-05 08:28:11,organic,monthly,ios
11734,2026-07-26 10:19:46,influencer,monthly,android
11735,2026-05-15 18:00:43,organic,monthly,ios
11736,2026-03-15 20:45:57,paid_search,monthly,ios
11737,2026-07-02 05:06:52,paid_search,monthly,web
11738,2026-05-18 10:02:42,referral,annual,ios
11739,2026-03-02 11:57:44,paid_search,monthly,ios
11740,2026-05-17 16:50:28,influencer,annual,web
11741,2026-06-29 11:40:20,influencer,monthly,ios
11742,2026-06-26 11:55:38,paid_search,monthly,android
11743,2026-08-31 08:00:07,organic,annual,android
11744,2026-07-23 03:19:11,referral,monthly,android
11745,2026-07-11 03:22:50,referral,monthly,ios
11746,2026-05-23 07:30:22,influencer,annual,ios
11747,2026-06-09 19:28:41,organic,monthly,ios
11748,2026-06-17 14:27:54,organic,monthly,android
11749,2026-08-29 09:17:40,organic,monthly,android
11750,2026-03-06 04:20:05,paid_search,monthly,android
11751,2026-07-24 10:12:05,paid_search,monthly,ios
11752,2026-06-25 05:20:58,paid_search,monthly,android
11753,2026-08-05 09:08:32,organic,monthly,android
11754,2026-08-15 23:44:18,organic,annual,android
11755,2026-06-08 06:55:06,referral,annual,ios
11756,2026-08-28 03:19:54,organic,monthly,web
11757,2026-05-10 06:37:05,referral,monthly,ios
11758,2026-08-20 16:05:46,referral,monthly,android
11759,2026-06-02 04:59:42,paid_search,annual,web
11760,2026-04-15 15:58:06,paid_search,annual,web
11761,2026-04-30 11:18:16,organic,monthly,ios
11762,2026-05-22 19:29:10,paid_search,monthly,android
11763,2026-06-28 18:59:00,paid_search,monthly,android
11764,2026-08-02 22:45:36,referral,annual,ios
11765,2026-07-05 19:00:08,organic,annual,ios
11766,2026-07-27 13:37:29,organic,monthly,ios
11767,2026-05-21 08:38:04,organic,monthly,ios
11768,2026-04-13 17:40:03,organic,monthly,ios
11769,2026-03-12 14:20:45,organic,monthly,web
11770,2026-04-09 19:30:02,influencer,monthly,ios
11771,2026-03-31 22:39:33,referral,monthly,android
11772,2026-08-13 05:25:25,organic,monthly,ios
11773,2026-04-21 04:00:14,paid_search,monthly,android
11774,2026-07-18 17:12:58,influencer,monthly,android
11775,2026-08-04 08:01:44,referral,annual,android
11776,2026-08-06 20:58:24,organic,monthly,android
11777,2026-03-18 12:37:50,paid_search,annual,ios
11778,2026-05-24 17:01:08,paid_search,monthly,android
11779,2026-08-21 06:55:54,referral,monthly,web
11780,2026-03-22 11:33:28,referral,monthly,android
11781,2026-06-24 15:35:03,paid_search,monthly,web
11782,2026-07-16 10:08:35,paid_search,monthly,android
11783,2026-08-26 05:02:20,paid_search,monthly,android
11784,2026-04-22 20:21:35,paid_search,annual,ios
11785,2026-05-18 16:40:00,referral,monthly,android
11786,2026-08-09 19:31:09,referral,monthly,web
11787,2026-05-28 08:43:26,organic,monthly,web
11788,2026-07-19 00:38:59,influencer,monthly,ios
11789,2026-05-14 02:35:47,organic,monthly,android
11790,2026-08-09 05:23:18,paid_search,monthly,web
11791,2026-04-28 11:38:51,influencer,monthly,android
11792,2026-06-24 19:02:20,organic,annual,ios
11793,2026-05-04 10:52:04,paid_search,monthly,android
11794,2026-05-02 06:42:33,organic,monthly,web
11795,2026-05-23 11:18:55,paid_search,monthly,ios
11796,2026-07-26 17:44:40,paid_search,monthly,web
11797,2026-03-03 14:56:20,organic,monthly,web
11798,2026-07-06 15:06:06,organic,monthly,ios
11799,2026-03-07 07:53:27,organic,monthly,ios
11800,2026-08-30 21:21:01,organic,monthly,web
11801,2026-05-18 08:56:24,influencer,monthly,ios
11802,2026-05-28 19:38:23,organic,monthly,ios
11803,2026-08-08 17:06:40,referral,annual,web
11804,2026-04-03 16:41:26,organic,monthly,ios
11805,2026-06-02 06:08:47,paid_search,monthly,android
11806,2026-07-24 15:38:51,organic,monthly,web
11807,2026-08-07 20:50:45,organic,monthly,web
11808,2026-07-18 20:20:16,influencer,annual,ios
11809,2026-03-18 22:47:49,paid_search,monthly,ios
11810,2026-04-27 07:31:28,organic,monthly,android
11811,2026-03-01 14:56:54,organic,annual,ios
11812,2026-05-08 15:32:54,paid_search,monthly,web
11813,2026-07-30 10:13:49,influencer,monthly,web
11814,2026-08-08 05:09:38,paid_search,annual,ios
11815,2026-08-06 18:06:54,influencer,annual,android
11816,2026-03-10 22:33:26,paid_search,monthly,android
11817,2026-06-16 02:23:55,organic,monthly,android
11818,2026-04-12 14:33:47,organic,monthly,ios
11819,2026-06-19 14:34:45,referral,monthly,ios
11820,2026-08-24 04:54:55,influencer,annual,ios
11821,2026-06-15 15:28:44,organic,annual,ios
11822,2026-03-15 03:45:08,paid_search,monthly,android
11823,2026-07-25 08:10:02,paid_search,monthly,ios
11824,2026-07-10 12:18:33,paid_search,monthly,android
11825,2026-07-02 23:19:47,referral,monthly,android
11826,2026-07-05 23:45:55,paid_search,monthly,android
11827,2026-08-06 13:48:54,paid_search,monthly,ios
11828,2026-07-25 10:08:50,organic,annual,ios
11829,2026-06-17 02:34:05,organic,monthly,web
11830,2026-07-17 18:57:20,organic,monthly,ios
11831,2026-06-03 02:08:28,organic,monthly,android
11832,2026-07-05 20:10:15,influencer,annual,android
11833,2026-07-02 03:22:04,influencer,monthly,ios
11834,2026-03-29 22:44:44,referral,monthly,android
11835,2026-03-11 19:16:01,influencer,monthly,android
11836,2026-08-01 16:13:51,paid_search,monthly,ios
11837,2026-05-14 11:57:42,paid_search,monthly,android
11838,2026-04-27 22:28:15,influencer,annual,web
11839,2026-06-14 21:08:48,influencer,monthly,ios
11840,2026-08-06 16:33:58,organic,annual,android
11841,2026-06-26 20:51:38,influencer,monthly,android
11842,2026-05-03 22:47:31,paid_search,annual,web
11843,2026-06-03 10:57:35,influencer,monthly,android
11844,2026-06-23 09:57:07,paid_search,monthly,android
11845,2026-05-16 19:03:13,organic,monthly,web
11846,2026-05-03 04:36:09,paid_search,monthly,ios
11847,2026-04-29 18:36:12,organic,monthly,ios
11848,2026-05-05 02:34:18,paid_search,monthly,web
11849,2026-07-21 03:59:50,paid_search,monthly,web
11850,2026-06-05 18:35:08,paid_search,annual,ios
11851,2026-08-20 09:12:35,referral,annual,android
11852,2026-03-12 11:18:13,paid_search,monthly,ios
11853,2026-03-24 00:55:22,referral,monthly,android
11854,2026-06-26 22:04:43,organic,annual,ios
11855,2026-05-13 08:33:59,referral,monthly,ios
11856,2026-08-31 20:35:28,organic,monthly,web
11857,2026-07-08 21:20:15,paid_search,monthly,web
11858,2026-05-18 10:04:31,influencer,monthly,android
11859,2026-07-05 23:13:30,referral,monthly,android
11860,2026-06-08 23:49:39,organic,monthly,web
11861,2026-07-05 22:24:59,referral,annual,ios
11862,2026-07-29 15:45:03,paid_search,annual,android
11863,2026-04-06 13:38:16,organic,annual,ios
11864,2026-05-04 18:30:49,referral,monthly,android
11865,2026-05-13 02:36:21,referral,monthly,ios
11866,2026-04-11 17:51:03,organic,monthly,ios
11867,2026-07-01 20:35:42,referral,annual,ios
11868,2026-06-03 18:11:38,organic,monthly,ios
11869,2026-07-10 09:04:38,organic,monthly,android
11870,2026-07-08 20:58:46,organic,monthly,ios
11871,2026-03-06 01:32:28,organic,annual,android
11872,2026-05-25 02:30:39,referral,annual,android
11873,2026-07-04 17:52:47,paid_search,monthly,android
11874,2026-03-21 12:56:41,referral,monthly,android
11875,2026-07-10 07:10:51,organic,monthly,ios
11876,2026-08-20 06:02:51,organic,monthly,android
11877,2026-07-13 19:43:42,organic,annual,ios
11878,2026-06-23 23:29:47,paid_search,monthly,ios
11879,2026-05-31 11:04:58,paid_search,annual,ios
11880,2026-06-05 19:00:25,organic,monthly,ios
11881,2026-03-15 06:57:18,organic,monthly,android
11882,2026-06-15 09:24:09,organic,annual,web
11883,2026-07-07 17:19:16,referral,monthly,android
11884,2026-05-20 13:34:40,paid_search,annual,web
11885,2026-07-13 04:46:25,referral,monthly,web
11886,2026-06-30 10:57:29,paid_search,monthly,ios
11887,2026-07-07 16:29:37,organic,annual,ios
11888,2026-05-08 18:43:40,referral,monthly,android
11889,2026-07-27 06:45:02,paid_search,monthly,ios
11890,2026-07-20 09:50:53,organic,annual,android
11891,2026-06-23 18:44:45,referral,annual,ios
11892,2026-03-25 23:42:19,referral,annual,android
11893,2026-03-22 18:03:03,paid_search,annual,android
11894,2026-05-03 20:05:54,influencer,annual,web
11895,2026-05-18 17:11:35,influencer,monthly,ios
11896,2026-05-04 03:40:00,paid_search,monthly,web
11897,2026-08-14 16:52:39,paid_search,monthly,ios
11898,2026-06-05 06:08:55,paid_search,annual,ios
11899,2026-07-06 02:17:36,paid_search,monthly,ios
11900,2026-06-21 05:16:56,influencer,annual,android
11901,2026-05-12 08:56:28,influencer,monthly,ios
11902,2026-06-15 01:38:12,referral,monthly,ios
11903,2026-06-13 04:50:17,referral,monthly,ios
11904,2026-03-15 03:36:28,organic,monthly,android
11905,2026-05-08 10:24:41,organic,annual,ios
11906,2026-03-22 04:57:05,paid_search,monthly,ios
11907,2026-08-02 13:43:10,referral,monthly,ios
11908,2026-04-10 00:20:01,referral,monthly,android
11909,2026-04-25 00:41:52,organic,monthly,ios
11910,2026-07-01 23:08:34,influencer,monthly,ios
11911,2026-06-13 21:18:46,referral,monthly,ios
11912,2026-03-15 15:43:51,paid_search,monthly,ios
11913,2026-06-25 15:08:33,organic,annual,ios
11914,2026-08-05 01:28:54,paid_search,monthly,web
11915,2026-03-26 08:00:54,paid_search,annual,web
11916,2026-04-19 12:17:50,referral,monthly,web
11917,2026-04-26 11:44:08,organic,monthly,ios
11918,2026-06-20 19:37:33,paid_search,annual,ios
11919,2026-06-17 06:51:07,paid_search,annual,android
11920,2026-08-27 08:55:04,referral,monthly,web
11921,2026-07-17 18:46:46,referral,monthly,web
11922,2026-05-20 16:10:59,referral,annual,android
11923,2026-04-06 01:05:18,organic,monthly,web
11924,2026-07-23 03:15:05,referral,monthly,android
11925,2026-07-14 11:25:07,paid_search,monthly,android
11926,2026-06-17 14:28:39,referral,monthly,ios
11927,2026-07-22 13:02:22,referral,monthly,android
11928,2026-06-09 18:14:37,influencer,annual,android
11929,2026-06-01 22:13:33,referral,monthly,web
11930,2026-07-11 01:44:12,referral,monthly,ios
11931,2026-06-16 17:16:45,organic,annual,ios
11932,2026-05-03 03:28:31,influencer,monthly,android
11933,2026-08-02 14:27:48,referral,monthly,android
11934,2026-08-13 15:06:20,organic,monthly,android
11935,2026-08-19 05:53:02,paid_search,annual,web
11936,2026-04-02 21:21:01,organic,annual,android
11937,2026-06-24 17:29:15,organic,monthly,android
11938,2026-03-18 17:49:59,organic,monthly,ios
11939,2026-08-05 21:01:50,paid_search,monthly,android
11940,2026-04-18 04:56:15,paid_search,monthly,ios
11941,2026-08-13 16:11:49,organic,monthly,android
11942,2026-05-03 15:10:23,referral,monthly,ios
11943,2026-03-03 10:04:42,organic,monthly,ios
11944,2026-03-22 10:18:12,organic,monthly,ios
11945,2026-06-30 10:50:34,influencer,annual,android
11946,2026-05-26 23:09:11,influencer,annual,android
11947,2026-06-24 17:38:41,organic,monthly,android
11948,2026-06-09 05:53:40,paid_search,monthly,android
11949,2026-07-01 03:16:12,influencer,annual,ios
11950,2026-07-16 04:56:59,influencer,monthly,android
11951,2026-04-28 14:35:10,paid_search,annual,android
11952,2026-05-07 09:00:05,organic,monthly,ios
11953,2026-05-14 18:09:58,paid_search,monthly,ios
11954,2026-08-02 20:37:11,paid_search,annual,web
11955,2026-05-08 17:48:40,organic,monthly,ios
11956,2026-05-12 06:05:18,paid_search,monthly,ios
11957,2026-05-17 03:47:00,paid_search,monthly,ios
11958,2026-03-20 19:12:49,influencer,monthly,ios
11959,2026-06-05 17:47:44,paid_search,monthly,web
11960,2026-07-08 04:18:22,organic,monthly,android
11961,2026-08-10 13:53:28,organic,annual,ios
11962,2026-03-12 15:48:55,referral,annual,ios
11963,2026-03-24 09:32:16,paid_search,annual,web
11964,2026-08-19 19:58:53,paid_search,monthly,android
11965,2026-05-08 16:34:51,organic,annual,ios
11966,2026-06-11 13:20:13,paid_search,monthly,web
11967,2026-07-28 16:24:51,paid_search,monthly,android
11968,2026-08-03 11:07:30,paid_search,monthly,ios
11969,2026-06-24 20:00:28,paid_search,monthly,android
11970,2026-06-22 16:07:27,referral,annual,web
11971,2026-05-27 14:28:41,organic,monthly,ios
11972,2026-07-24 15:27:46,paid_search,monthly,web
11973,2026-08-20 22:51:04,organic,monthly,android
11974,2026-03-07 11:00:56,paid_search,annual,android
11975,2026-06-03 04:32:53,paid_search,monthly,android
11976,2026-08-10 17:23:06,paid_search,monthly,ios
11977,2026-07-30 13:07:43,organic,annual,ios
11978,2026-05-15 08:27:46,organic,monthly,ios
11979,2026-04-16 06:34:29,influencer,annual,android
11980,2026-03-17 09:35:24,influencer,annual,ios
11981,2026-07-24 21:36:17,organic,monthly,web
11982,2026-08-16 10:24:21,organic,annual,android
11983,2026-07-17 18:09:27,influencer,monthly,ios
11984,2026-08-04 04:27:42,paid_search,annual,web
11985,2026-04-04 00:20:48,paid_search,annual,ios
11986,2026-07-10 18:18:07,organic,annual,android
11987,2026-05-04 08:45:16,referral,annual,web
11988,2026-07-27 07:33:41,influencer,monthly,web
11989,2026-08-23 22:43:55,referral,annual,android
11990,2026-08-07 07:14:23,paid_search,monthly,ios
11991,2026-04-29 13:55:43,paid_search,monthly,web
11992,2026-08-29 15:37:47,referral,monthly,ios
11993,2026-07-27 15:48:56,referral,annual,android
11994,2026-04-07 12:56:09,influencer,monthly,ios
11995,2026-05-14 04:24:52,organic,monthly,android
11996,2026-08-18 19:22:11,influencer,annual,android
11997,2026-05-09 17:22:40,influencer,annual,ios
11998,2026-06-24 17:04:12,influencer,monthly,android
11999,2026-04-09 02:27:10,paid_search,monthly,ios
12000,2026-08-22 23:12:48,organic,monthly,android
12001,2026-06-26 12:20:43,paid_search,monthly,android
12002,2026-07-06 07:38:47,organic,annual,web
12003,2026-04-19 09:26:41,referral,monthly,android
12004,2026-06-10 17:55:54,paid_search,monthly,ios
12005,2026-08-02 16:21:54,organic,monthly,android
12006,2026-04-30 06:36:28,organic,monthly,ios
12007,2026-03-27 13:44:10,organic,annual,ios
12008,2026-04-19 04:33:39,referral,monthly,android
12009,2026-05-15 20:47:01,influencer,annual,web
12010,2026-06-02 11:32:34,referral,monthly,android
12011,2026-06-20 05:25:43,referral,monthly,ios
12012,2026-07-14 23:13:51,referral,monthly,android
12013,2026-08-21 13:21:23,influencer,annual,ios
12014,2026-06-01 12:18:54,paid_search,monthly,android
12015,2026-08-02 12:31:31,organic,monthly,android
12016,2026-07-17 06:47:22,organic,monthly,web
12017,2026-03-21 20:58:40,referral,annual,ios
12018,2026-06-30 16:24:06,paid_search,annual,ios
12019,2026-04-06 20:34:05,referral,annual,android
12020,2026-04-10 07:57:16,referral,monthly,ios
12021,2026-08-26 16:22:35,influencer,annual,web
12022,2026-08-11 14:07:33,paid_search,monthly,android
12023,2026-07-22 05:34:22,referral,annual,ios
12024,2026-08-04 21:48:24,paid_search,monthly,ios
12025,2026-08-07 00:49:18,referral,monthly,android
12026,2026-07-21 16:59:23,referral,annual,web
12027,2026-06-12 01:52:32,paid_search,monthly,android
12028,2026-04-12 21:27:29,influencer,monthly,ios
12029,2026-06-02 03:04:39,paid_search,monthly,android
12030,2026-08-22 08:11:35,organic,annual,ios
12031,2026-03-29 14:58:13,organic,monthly,ios
12032,2026-07-16 03:48:12,influencer,annual,android
12033,2026-08-22 22:14:41,organic,monthly,android
12034,2026-06-22 20:10:50,paid_search,monthly,ios
12035,2026-07-03 23:26:12,paid_search,monthly,android
12036,2026-04-19 01:05:51,influencer,monthly,ios
12037,2026-08-20 03:27:39,paid_search,monthly,android
12038,2026-05-01 07:16:34,influencer,monthly,android
12039,2026-05-19 23:14:48,organic,monthly,android
12040,2026-07-18 12:49:50,referral,monthly,android
12041,2026-04-06 01:45:39,paid_search,monthly,web
12042,2026-08-05 18:58:55,influencer,monthly,android
12043,2026-04-19 20:10:45,organic,annual,web
12044,2026-03-14 22:38:35,organic,monthly,web
12045,2026-04-10 16:56:00,paid_search,annual,web
12046,2026-08-19 20:36:51,influencer,annual,android
12047,2026-03-16 07:35:56,paid_search,monthly,web
12048,2026-07-07 19:41:25,influencer,monthly,web
12049,2026-05-19 20:17:05,organic,monthly,android
12050,2026-03-20 18:56:40,organic,monthly,android
12051,2026-08-21 14:02:17,referral,monthly,ios
12052,2026-07-01 02:10:19,paid_search,annual,web
12053,2026-07-16 02:52:40,paid_search,monthly,web
12054,2026-06-22 08:42:50,paid_search,monthly,web
12055,2026-07-10 18:02:12,paid_search,annual,android
12056,2026-07-10 01:27:20,paid_search,annual,web
12057,2026-08-30 04:41:50,paid_search,monthly,web
12058,2026-03-21 23:12:06,organic,annual,android
12059,2026-07-10 21:34:53,organic,monthly,web
12060,2026-07-04 19:19:28,organic,monthly,android
12061,2026-05-03 02:39:10,organic,annual,android
12062,2026-06-05 22:18:34,paid_search,monthly,android
12063,2026-08-14 10:50:43,paid_search,monthly,web
12064,2026-05-23 21:23:39,organic,monthly,web
12065,2026-05-22 03:59:55,paid_search,annual,ios
12066,2026-06-22 13:33:15,paid_search,monthly,ios
12067,2026-05-22 23:07:26,referral,monthly,ios
12068,2026-04-30 09:23:34,paid_search,monthly,ios
12069,2026-06-20 18:08:15,organic,monthly,android
12070,2026-03-23 14:28:27,influencer,monthly,web
12071,2026-08-24 02:43:00,paid_search,monthly,web
12072,2026-06-09 01:43:14,paid_search,monthly,ios
12073,2026-06-03 16:00:56,organic,annual,android
12074,2026-06-10 23:44:37,paid_search,monthly,web
12075,2026-05-02 12:07:56,organic,monthly,android
12076,2026-07-27 06:58:57,referral,monthly,android
12077,2026-05-02 18:32:47,organic,annual,ios
12078,2026-06-06 01:14:44,organic,annual,android
12079,2026-06-29 05:58:29,paid_search,monthly,web
12080,2026-07-17 08:34:14,organic,monthly,android
12081,2026-05-31 10:00:28,referral,monthly,android
12082,2026-07-22 16:42:11,paid_search,annual,android
12083,2026-08-17 10:23:22,paid_search,monthly,ios
12084,2026-07-06 09:51:00,organic,monthly,ios
12085,2026-07-23 12:47:55,influencer,monthly,ios
12086,2026-08-03 01:05:54,organic,monthly,ios
12087,2026-08-24 06:53:12,organic,monthly,web
12088,2026-04-28 12:15:36,organic,annual,android
12089,2026-08-07 21:05:24,organic,monthly,web
12090,2026-06-25 22:59:31,organic,annual,ios
12091,2026-07-24 17:07:07,organic,monthly,ios
12092,2026-03-08 12:29:10,referral,annual,ios
12093,2026-08-15 10:03:07,paid_search,annual,ios
12094,2026-05-19 15:16:17,referral,annual,ios
12095,2026-05-05 23:02:26,paid_search,annual,web
12096,2026-04-03 13:35:55,paid_search,annual,web
12097,2026-03-24 19:36:40,paid_search,monthly,android
12098,2026-03-18 22:15:39,organic,monthly,android
12099,2026-03-17 05:10:50,organic,monthly,ios
12100,2026-04-17 18:52:29,paid_search,monthly,ios
12101,2026-04-22 17:28:51,paid_search,monthly,ios
12102,2026-04-24 03:54:26,paid_search,monthly,android
12103,2026-08-24 09:32:45,referral,monthly,ios
12104,2026-07-07 21:28:11,paid_search,monthly,ios
12105,2026-07-08 11:09:20,organic,monthly,ios
12106,2026-07-16 14:33:33,paid_search,monthly,web
12107,2026-08-30 21:57:16,organic,monthly,web
12108,2026-04-08 12:46:18,referral,monthly,web
12109,2026-04-04 04:45:25,paid_search,annual,android
12110,2026-05-11 10:07:35,organic,annual,web
12111,2026-08-11 03:39:43,referral,monthly,ios
12112,2026-03-15 20:43:28,organic,monthly,ios
12113,2026-07-26 07:50:36,paid_search,monthly,android
12114,2026-06-21 12:42:23,organic,monthly,ios
12115,2026-03-31 04:21:35,organic,monthly,ios
12116,2026-04-13 07:23:39,paid_search,monthly,android
12117,2026-04-23 23:32:16,paid_search,annual,android
12118,2026-05-12 19:10:11,influencer,monthly,android
12119,2026-08-05 15:17:19,influencer,annual,web
12120,2026-08-12 01:10:39,paid_search,monthly,android
12121,2026-08-09 18:49:04,paid_search,annual,android
12122,2026-05-31 13:06:47,referral,monthly,web
12123,2026-07-22 14:33:03,organic,annual,ios
12124,2026-03-10 20:42:00,paid_search,monthly,android
12125,2026-05-26 14:50:36,paid_search,monthly,ios
12126,2026-04-06 19:56:14,referral,monthly,web
12127,2026-06-14 09:14:27,organic,monthly,android
12128,2026-05-29 05:48:24,organic,monthly,web
12129,2026-05-17 12:38:59,organic,monthly,ios
12130,2026-08-15 12:57:56,referral,annual,android
12131,2026-07-04 16:21:39,organic,monthly,android
12132,2026-07-27 15:20:18,paid_search,monthly,ios
12133,2026-06-19 21:11:04,organic,monthly,web
12134,2026-07-06 05:39:26,paid_search,monthly,ios
12135,2026-07-01 16:08:26,referral,monthly,ios
12136,2026-03-05 21:52:55,paid_search,monthly,web
12137,2026-06-16 12:21:29,paid_search,monthly,web
12138,2026-07-14 01:57:54,organic,monthly,ios
12139,2026-04-13 04:09:57,organic,annual,ios
12140,2026-03-21 04:08:30,referral,annual,ios
12141,2026-03-07 11:21:14,influencer,monthly,web
12142,2026-04-01 14:47:32,paid_search,annual,web
12143,2026-04-12 17:08:36,paid_search,monthly,android
12144,2026-07-02 23:42:58,organic,monthly,android
12145,2026-07-22 23:39:20,organic,annual,ios
12146,2026-04-08 08:41:00,organic,annual,ios
12147,2026-05-24 21:08:41,paid_search,monthly,ios
12148,2026-04-26 07:05:02,influencer,monthly,ios
12149,2026-07-11 18:05:54,organic,annual,ios
12150,2026-04-22 11:15:04,paid_search,monthly,web
12151,2026-04-16 06:26:34,referral,annual,android
12152,2026-08-11 03:54:17,referral,monthly,ios
12153,2026-04-09 11:49:17,referral,monthly,web
12154,2026-07-12 08:45:10,paid_search,monthly,android
12155,2026-06-01 02:07:00,organic,annual,android
12156,2026-06-25 15:24:43,organic,monthly,android
12157,2026-06-26 08:54:26,referral,monthly,web
12158,2026-06-16 14:17:43,organic,monthly,android
12159,2026-03-02 11:57:31,influencer,annual,android
12160,2026-06-18 13:04:33,organic,monthly,ios
12161,2026-08-23 13:26:40,paid_search,monthly,android
12162,2026-07-30 07:28:18,referral,monthly,android
12163,2026-08-07 22:10:19,paid_search,monthly,web
12164,2026-07-18 06:55:59,paid_search,monthly,web
12165,2026-06-13 12:19:20,referral,monthly,android
12166,2026-04-18 00:00:20,influencer,monthly,ios
12167,2026-05-19 07:45:06,paid_search,monthly,ios
12168,2026-04-28 15:03:19,referral,monthly,ios
12169,2026-06-16 16:55:30,organic,monthly,android
12170,2026-03-11 03:54:58,influencer,monthly,android
12171,2026-08-23 05:59:55,influencer,monthly,ios
12172,2026-03-12 11:08:31,referral,monthly,android
12173,2026-05-24 10:09:32,organic,monthly,ios
12174,2026-04-11 18:35:32,referral,monthly,ios
12175,2026-06-07 04:32:57,referral,annual,ios
12176,2026-06-27 11:54:10,paid_search,annual,ios
12177,2026-03-29 13:00:46,organic,monthly,web
12178,2026-05-17 21:56:56,referral,annual,android
12179,2026-06-07 15:27:15,organic,monthly,web
12180,2026-08-21 01:01:46,paid_search,annual,android
12181,2026-07-03 18:01:05,referral,monthly,android
12182,2026-05-19 02:52:04,paid_search,monthly,web
12183,2026-03-09 05:07:06,organic,monthly,ios
12184,2026-03-11 19:51:54,paid_search,annual,ios
12185,2026-08-08 00:49:59,paid_search,monthly,web
12186,2026-04-30 05:45:24,referral,monthly,ios
12187,2026-03-30 14:01:11,paid_search,monthly,ios
12188,2026-04-12 22:14:59,paid_search,monthly,web
12189,2026-03-19 21:22:58,organic,monthly,android
12190,2026-07-12 05:33:19,paid_search,monthly,android
12191,2026-07-13 10:17:40,paid_search,monthly,android
12192,2026-08-07 06:39:53,organic,annual,android
12193,2026-07-26 10:41:26,organic,monthly,web
12194,2026-06-09 01:55:50,paid_search,monthly,web
12195,2026-03-31 23:43:16,organic,monthly,android
12196,2026-03-31 13:21:44,influencer,annual,android
12197,2026-05-13 10:23:13,influencer,monthly,web
12198,2026-06-24 02:36:18,organic,monthly,ios
12199,2026-03-17 17:04:40,paid_search,monthly,android
12200,2026-07-09 10:49:39,influencer,monthly,android
12201,2026-07-24 03:57:29,organic,monthly,android
12202,2026-07-12 01:01:50,influencer,monthly,android
12203,2026-08-13 16:58:10,paid_search,monthly,ios
12204,2026-04-30 23:49:25,referral,annual,ios
12205,2026-03-05 10:41:42,organic,monthly,android
12206,2026-05-27 16:22:32,influencer,monthly,android
12207,2026-04-08 23:51:22,paid_search,monthly,ios
12208,2026-03-09 09:38:42,referral,monthly,android
12209,2026-07-09 03:45:54,paid_search,monthly,ios
12210,2026-08-19 09:57:06,paid_search,monthly,ios
12211,2026-08-20 18:42:52,referral,annual,ios
12212,2026-04-18 21:48:06,referral,monthly,ios
12213,2026-06-11 19:55:33,referral,monthly,ios
12214,2026-06-18 08:12:20,organic,monthly,ios
12215,2026-06-26 16:33:05,referral,monthly,web
12216,2026-07-20 20:10:17,paid_search,annual,android
12217,2026-06-12 18:39:07,organic,monthly,web
12218,2026-04-16 21:37:54,referral,monthly,android
12219,2026-08-02 04:27:30,influencer,annual,web
12220,2026-06-27 23:54:29,referral,monthly,android
12221,2026-07-14 14:31:34,paid_search,monthly,ios
12222,2026-04-23 07:52:26,organic,monthly,ios
12223,2026-07-20 14:44:31,organic,monthly,android
12224,2026-07-10 07:51:36,paid_search,monthly,ios
12225,2026-04-07 00:08:43,referral,monthly,ios
12226,2026-03-01 22:36:21,paid_search,monthly,android
12227,2026-08-31 00:45:03,organic,annual,ios
12228,2026-06-03 19:15:30,paid_search,annual,android
12229,2026-04-20 10:29:52,paid_search,monthly,android
12230,2026-05-03 20:55:32,referral,monthly,ios
12231,2026-08-10 12:29:52,referral,monthly,android
12232,2026-03-30 08:37:05,influencer,monthly,web
12233,2026-07-10 21:55:04,referral,monthly,android
12234,2026-03-27 15:16:17,referral,monthly,ios
12235,2026-06-20 22:12:40,referral,monthly,android
12236,2026-06-04 11:13:44,paid_search,monthly,android
12237,2026-04-18 07:44:41,organic,monthly,android
12238,2026-04-02 06:35:44,organic,monthly,android
12239,2026-08-12 14:47:37,organic,monthly,ios
12240,2026-07-11 01:29:21,paid_search,monthly,ios
12241,2026-05-28 23:29:43,organic,monthly,android
12242,2026-05-07 16:15:44,paid_search,monthly,web
12243,2026-04-09 09:31:43,organic,monthly,ios
12244,2026-07-02 01:38:18,influencer,monthly,ios
12245,2026-03-04 14:03:03,paid_search,annual,android
12246,2026-06-11 04:20:52,influencer,monthly,ios
12247,2026-08-07 16:05:16,paid_search,annual,web
12248,2026-08-15 19:19:41,referral,monthly,android
12249,2026-04-10 10:54:00,paid_search,monthly,android
12250,2026-05-13 07:21:58,paid_search,annual,ios
12251,2026-05-11 15:14:10,influencer,monthly,android
12252,2026-07-16 11:35:09,referral,monthly,android
12253,2026-08-08 23:08:51,paid_search,monthly,ios
12254,2026-08-23 13:31:48,referral,monthly,android
12255,2026-07-30 02:08:13,paid_search,monthly,web
12256,2026-04-11 02:33:09,referral,monthly,android
12257,2026-06-24 10:56:50,influencer,monthly,ios
12258,2026-06-26 04:44:54,referral,monthly,ios
12259,2026-07-30 20:18:09,referral,annual,ios
12260,2026-04-20 22:37:25,organic,monthly,web
12261,2026-08-05 06:16:41,influencer,monthly,ios
12262,2026-03-28 00:25:47,referral,monthly,ios
12263,2026-04-16 04:51:56,organic,annual,web
12264,2026-06-26 09:20:13,referral,annual,ios
12265,2026-06-21 23:31:28,paid_search,monthly,web
12266,2026-07-26 22:13:07,organic,monthly,ios
12267,2026-06-10 14:23:42,paid_search,monthly,web
12268,2026-06-13 22:58:32,referral,monthly,android
12269,2026-06-11 19:31:07,referral,monthly,android
12270,2026-04-11 01:36:00,referral,monthly,ios
12271,2026-07-27 20:16:44,referral,monthly,ios
12272,2026-07-07 09:24:20,paid_search,monthly,web
12273,2026-03-04 05:24:44,paid_search,annual,android
12274,2026-07-20 10:36:26,influencer,monthly,ios
12275,2026-05-06 07:51:50,paid_search,monthly,android
12276,2026-08-17 02:58:41,influencer,monthly,web
12277,2026-04-22 11:25:33,organic,monthly,ios
12278,2026-07-28 15:12:11,paid_search,annual,ios
12279,2026-08-04 04:25:38,paid_search,monthly,ios
12280,2026-05-12 20:15:09,organic,monthly,ios
12281,2026-04-24 07:45:27,paid_search,annual,web
12282,2026-08-23 22:22:45,referral,monthly,web
12283,2026-08-23 08:07:15,referral,monthly,android
12284,2026-06-18 18:07:55,paid_search,monthly,android
12285,2026-07-12 10:54:45,influencer,monthly,ios
12286,2026-05-23 00:48:18,influencer,monthly,ios
12287,2026-07-21 18:27:06,organic,annual,web
12288,2026-06-01 07:08:53,organic,monthly,android
12289,2026-05-13 18:07:39,referral,annual,ios
12290,2026-08-06 15:06:21,paid_search,monthly,android
12291,2026-07-05 18:58:26,organic,monthly,web
12292,2026-04-28 10:32:35,paid_search,monthly,android
12293,2026-06-30 14:08:21,organic,monthly,ios
12294,2026-08-27 05:07:08,paid_search,annual,android
12295,2026-03-18 09:35:41,referral,annual,android
12296,2026-07-10 05:04:37,paid_search,monthly,web
12297,2026-05-23 08:38:29,organic,monthly,web
12298,2026-07-21 07:18:38,paid_search,annual,web
12299,2026-05-05 04:26:17,organic,monthly,ios
12300,2026-06-27 23:44:03,organic,monthly,web
12301,2026-06-10 11:24:39,organic,monthly,ios
12302,2026-07-19 17:59:39,influencer,monthly,android
12303,2026-06-06 10:47:38,paid_search,annual,ios
12304,2026-08-06 05:02:12,paid_search,annual,ios
12305,2026-08-18 10:47:23,referral,monthly,android
12306,2026-08-08 02:52:56,paid_search,monthly,android
12307,2026-07-28 15:21:30,paid_search,monthly,ios
12308,2026-07-11 16:34:04,organic,annual,ios
12309,2026-05-20 15:34:26,paid_search,monthly,android
12310,2026-04-03 12:49:56,organic,annual,ios
12311,2026-07-05 15:14:20,organic,monthly,android
12312,2026-04-10 09:06:41,paid_search,monthly,android
12313,2026-03-19 11:20:37,paid_search,monthly,ios
12314,2026-05-22 17:23:18,organic,monthly,web
12315,2026-05-27 17:38:53,paid_search,monthly,ios
12316,2026-06-17 21:53:38,organic,monthly,ios
12317,2026-06-05 01:15:21,organic,annual,ios
12318,2026-04-16 06:11:21,organic,monthly,ios
12319,2026-08-23 06:07:55,paid_search,monthly,web
12320,2026-04-02 04:38:18,paid_search,annual,ios
12321,2026-06-19 05:02:11,referral,annual,android
12322,2026-04-22 02:08:02,referral,annual,ios
12323,2026-05-08 13:59:47,organic,annual,web
12324,2026-08-18 06:01:08,referral,monthly,web
12325,2026-03-23 10:34:38,influencer,annual,android
12326,2026-07-14 10:07:58,paid_search,monthly,web
12327,2026-07-21 13:19:39,paid_search,monthly,web
12328,2026-03-18 02:02:36,organic,annual,ios
12329,2026-08-02 17:22:57,organic,monthly,ios
12330,2026-07-09 15:19:31,referral,monthly,android
12331,2026-03-16 08:59:26,referral,monthly,web
12332,2026-05-27 18:36:01,influencer,monthly,android
12333,2026-03-06 14:07:23,influencer,monthly,ios
12334,2026-04-15 19:18:45,influencer,annual,android
12335,2026-07-01 07:14:23,organic,annual,ios
12336,2026-03-15 13:01:06,paid_search,monthly,ios
12337,2026-08-29 03:01:14,organic,annual,ios
12338,2026-03-22 17:36:15,organic,monthly,ios
12339,2026-05-21 17:43:11,referral,annual,web
12340,2026-04-25 13:32:53,organic,monthly,web
12341,2026-03-12 21:42:59,referral,monthly,android
12342,2026-04-14 18:20:52,organic,monthly,web
12343,2026-07-06 04:59:54,paid_search,monthly,web
12344,2026-03-09 20:09:40,organic,monthly,web
12345,2026-08-22 16:32:30,paid_search,annual,ios
12346,2026-06-23 23:40:27,referral,monthly,web
12347,2026-03-09 13:22:43,organic,monthly,ios
12348,2026-08-21 20:12:25,paid_search,monthly,android
12349,2026-04-01 19:09:58,referral,monthly,web
12350,2026-08-01 15:06:00,paid_search,monthly,ios
12351,2026-03-15 10:00:00,organic,annual,web
12352,2026-06-20 02:48:51,influencer,monthly,ios
12353,2026-03-14 15:38:17,paid_search,monthly,web
12354,2026-06-23 14:16:58,influencer,monthly,android
12355,2026-05-18 20:48:04,organic,monthly,android
12356,2026-08-07 13:59:37,organic,monthly,web
12357,2026-08-23 11:33:25,organic,monthly,ios
12358,2026-03-18 13:08:18,referral,monthly,ios
12359,2026-04-09 09:25:13,referral,monthly,web
12360,2026-08-26 14:33:56,influencer,monthly,ios
12361,2026-07-03 01:08:13,referral,monthly,ios
12362,2026-04-18 21:22:25,organic,monthly,android
12363,2026-05-31 13:20:23,paid_search,monthly,android
12364,2026-05-13 05:36:49,referral,monthly,android
12365,2026-07-12 01:30:39,referral,annual,android
12366,2026-08-17 01:19:55,referral,monthly,android
12367,2026-08-03 18:52:29,influencer,monthly,web
12368,2026-07-31 23:48:41,paid_search,monthly,ios
12369,2026-04-07 15:13:31,referral,monthly,android
12370,2026-07-18 11:36:33,organic,monthly,web
12371,2026-07-06 07:31:13,paid_search,monthly,ios
12372,2026-05-27 09:38:06,influencer,monthly,android
12373,2026-03-12 17:04:09,influencer,annual,ios
12374,2026-08-16 07:59:34,organic,monthly,ios
12375,2026-06-01 21:17:05,referral,annual,ios
12376,2026-07-25 04:02:39,influencer,annual,android
12377,2026-07-22 11:15:48,paid_search,monthly,android
12378,2026-05-17 13:21:07,referral,monthly,ios
12379,2026-04-02 23:54:34,organic,annual,ios
12380,2026-05-27 17:02:48,paid_search,monthly,android
12381,2026-06-30 02:48:33,referral,annual,android
12382,2026-04-10 15:59:28,referral,monthly,ios
12383,2026-03-21 12:03:54,paid_search,monthly,ios
12384,2026-06-14 04:01:28,organic,monthly,web
12385,2026-03-21 08:30:50,influencer,monthly,android
12386,2026-03-06 13:37:18,influencer,monthly,ios
12387,2026-04-16 14:31:11,influencer,monthly,android
12388,2026-05-01 23:33:58,influencer,annual,web
12389,2026-07-04 15:48:15,organic,monthly,ios
12390,2026-08-29 05:18:16,referral,monthly,web
12391,2026-04-29 21:26:15,referral,annual,ios
12392,2026-06-06 16:09:04,paid_search,monthly,ios
12393,2026-04-30 07:49:41,influencer,monthly,ios
12394,2026-04-18 05:56:39,referral,monthly,android
12395,2026-04-15 15:29:45,organic,annual,web
12396,2026-04-06 19:10:26,influencer,monthly,ios
12397,2026-05-09 12:26:07,referral,annual,web
12398,2026-06-02 00:56:27,paid_search,monthly,android
12399,2026-08-31 23:07:51,influencer,annual,web
12400,2026-03-20 06:56:45,referral,monthly,android
12401,2026-04-28 23:41:54,organic,annual,android
12402,2026-06-16 14:12:49,paid_search,monthly,web
12403,2026-05-10 21:33:12,referral,annual,ios
12404,2026-07-21 17:53:01,paid_search,monthly,android
12405,2026-03-10 08:33:02,referral,monthly,ios
12406,2026-04-14 04:06:10,influencer,monthly,ios
12407,2026-03-12 00:13:21,paid_search,monthly,ios
12408,2026-08-06 12:24:44,referral,monthly,android
12409,2026-07-12 15:23:37,organic,monthly,android
12410,2026-07-28 21:41:00,organic,monthly,android
12411,2026-04-21 22:13:02,influencer,monthly,web
12412,2026-05-24 17:14:13,paid_search,annual,android
12413,2026-04-16 08:35:09,organic,monthly,ios
12414,2026-07-14 08:24:18,referral,monthly,ios
12415,2026-05-21 09:11:12,organic,monthly,android
12416,2026-08-29 07:42:58,referral,monthly,ios
12417,2026-06-06 15:51:29,paid_search,monthly,android
12418,2026-06-08 16:45:46,paid_search,monthly,web
12419,2026-07-07 03:29:09,paid_search,annual,ios
12420,2026-04-17 06:31:50,organic,monthly,ios
12421,2026-07-10 05:34:54,organic,annual,web
12422,2026-04-27 10:01:49,influencer,annual,web
12423,2026-06-08 06:26:59,influencer,monthly,android
12424,2026-08-21 08:51:30,referral,annual,ios
12425,2026-03-29 19:02:26,organic,monthly,web
12426,2026-05-27 02:58:04,referral,monthly,android
12427,2026-06-15 13:41:48,paid_search,annual,web
12428,2026-04-12 06:17:23,organic,annual,android
12429,2026-08-22 21:48:58,referral,annual,android
12430,2026-07-22 23:07:55,paid_search,monthly,ios
12431,2026-06-10 17:50:56,influencer,monthly,ios
12432,2026-06-09 04:29:56,influencer,monthly,ios
12433,2026-05-31 16:10:50,organic,monthly,android
12434,2026-03-28 22:24:47,referral,monthly,ios
12435,2026-07-11 19:12:13,paid_search,monthly,android
12436,2026-04-11 03:59:06,organic,monthly,ios
12437,2026-07-12 02:00:46,referral,monthly,ios
12438,2026-07-09 15:02:39,paid_search,annual,android
12439,2026-07-31 04:51:10,organic,monthly,ios
12440,2026-06-21 00:52:04,referral,monthly,web
12441,2026-06-27 17:28:06,paid_search,monthly,ios
12442,2026-07-22 00:18:16,paid_search,annual,ios
12443,2026-07-07 18:54:22,organic,monthly,android
12444,2026-08-05 19:48:58,paid_search,annual,web
12445,2026-04-02 04:14:43,organic,monthly,ios
12446,2026-07-09 01:22:57,influencer,monthly,android
12447,2026-04-30 14:10:00,organic,annual,android
12448,2026-07-16 15:29:52,paid_search,monthly,ios
12449,2026-08-31 16:59:42,paid_search,monthly,ios
12450,2026-04-02 02:41:20,paid_search,monthly,ios
12451,2026-08-24 18:27:01,organic,monthly,ios
12452,2026-06-07 01:56:44,organic,monthly,web
12453,2026-08-18 14:48:12,paid_search,monthly,web
12454,2026-04-04 08:08:56,organic,monthly,web
12455,2026-03-26 19:20:36,paid_search,monthly,android
12456,2026-03-18 08:36:37,organic,monthly,web
12457,2026-05-12 07:15:29,paid_search,monthly,ios
12458,2026-03-01 12:31:28,influencer,monthly,android
12459,2026-08-25 23:06:55,organic,annual,ios
12460,2026-06-23 17:27:48,influencer,annual,web
12461,2026-05-06 10:19:16,organic,monthly,ios
12462,2026-06-08 20:30:14,influencer,annual,android
12463,2026-08-02 12:14:56,paid_search,monthly,web
12464,2026-06-29 15:35:48,paid_search,monthly,ios
12465,2026-05-04 01:37:10,referral,monthly,ios
12466,2026-06-01 09:55:32,referral,monthly,android
12467,2026-08-17 17:46:25,paid_search,monthly,ios
12468,2026-06-05 23:48:55,referral,monthly,web
12469,2026-04-29 03:05:04,organic,annual,web
12470,2026-06-20 04:11:46,organic,monthly,android
12471,2026-04-21 10:06:23,organic,annual,android
12472,2026-05-02 15:38:43,organic,monthly,android
12473,2026-03-04 11:16:33,paid_search,monthly,android
12474,2026-08-20 11:59:49,influencer,monthly,ios
12475,2026-05-15 15:27:55,paid_search,monthly,web
12476,2026-08-28 19:25:58,paid_search,annual,ios
12477,2026-07-01 09:08:55,organic,monthly,ios
12478,2026-06-28 06:24:38,referral,monthly,android
12479,2026-07-03 18:01:39,organic,annual,ios
12480,2026-03-27 01:25:19,organic,monthly,android
12481,2026-05-30 06:29:59,referral,annual,ios
12482,2026-06-28 08:18:45,influencer,monthly,ios
12483,2026-04-03 14:55:07,referral,monthly,ios
12484,2026-03-20 16:51:42,paid_search,monthly,ios
12485,2026-07-25 15:46:29,paid_search,monthly,web
12486,2026-06-07 09:14:40,paid_search,monthly,web
12487,2026-06-13 03:08:22,organic,monthly,android
12488,2026-06-23 09:25:35,organic,annual,android
12489,2026-06-17 07:38:33,organic,monthly,web
12490,2026-06-18 18:35:22,organic,monthly,android
12491,2026-08-04 08:59:10,paid_search,annual,web
12492,2026-05-15 16:18:55,referral,monthly,android
12493,2026-05-07 11:29:59,influencer,monthly,ios
12494,2026-06-19 09:50:46,organic,monthly,ios
12495,2026-06-09 16:29:01,paid_search,monthly,ios
12496,2026-07-01 06:14:57,referral,annual,ios
12497,2026-04-11 06:44:18,organic,annual,web
12498,2026-06-09 22:23:54,referral,annual,web
12499,2026-04-07 05:31:34,organic,monthly,android
12500,2026-06-12 08:36:55,paid_search,monthly,web
12501,2026-05-31 19:58:30,referral,monthly,android
12502,2026-06-03 19:28:02,organic,monthly,android
12503,2026-04-03 19:52:02,paid_search,monthly,ios
12504,2026-04-17 18:51:12,referral,monthly,web
12505,2026-03-18 17:58:00,organic,annual,ios
12506,2026-06-05 01:18:56,organic,monthly,android
12507,2026-08-15 15:40:46,referral,monthly,ios
12508,2026-04-10 03:59:01,referral,monthly,android
12509,2026-05-30 00:41:32,paid_search,monthly,android
12510,2026-06-26 06:43:32,paid_search,annual,android
12511,2026-06-24 01:00:57,influencer,annual,ios
12512,2026-05-14 06:42:55,organic,monthly,ios
12513,2026-07-10 12:37:45,influencer,monthly,web
12514,2026-06-07 21:47:32,influencer,annual,ios
12515,2026-07-19 22:05:00,organic,annual,android
12516,2026-05-14 14:20:37,paid_search,monthly,web
12517,2026-05-01 01:34:07,paid_search,monthly,ios
12518,2026-07-23 14:10:21,referral,annual,android
12519,2026-06-11 23:40:09,organic,monthly,web
12520,2026-07-15 23:02:26,paid_search,monthly,android
12521,2026-06-21 07:42:51,influencer,monthly,ios
12522,2026-04-09 13:46:51,paid_search,monthly,android
12523,2026-05-12 17:57:15,organic,annual,android
12524,2026-04-07 04:02:03,referral,monthly,web
12525,2026-03-30 06:58:20,paid_search,monthly,android
12526,2026-03-19 09:20:16,paid_search,monthly,android
12527,2026-08-13 21:24:04,organic,monthly,ios
12528,2026-03-28 01:37:18,paid_search,annual,ios
12529,2026-03-19 01:49:55,organic,annual,android
12530,2026-07-25 22:56:48,influencer,monthly,ios
12531,2026-07-31 10:44:07,paid_search,monthly,android
12532,2026-04-18 14:22:24,organic,monthly,ios
12533,2026-05-19 19:26:54,organic,monthly,ios
12534,2026-05-21 14:37:58,organic,monthly,android
12535,2026-05-08 10:14:25,paid_search,monthly,web
12536,2026-07-08 21:57:02,paid_search,annual,android
12537,2026-03-26 06:14:10,organic,monthly,ios
12538,2026-08-09 09:56:38,referral,annual,ios
12539,2026-08-07 01:46:22,paid_search,monthly,ios
12540,2026-05-26 11:46:06,influencer,monthly,web
12541,2026-03-03 14:16:40,referral,annual,ios
12542,2026-03-12 14:28:26,paid_search,monthly,android
12543,2026-08-25 00:51:21,organic,monthly,android
12544,2026-04-16 01:21:25,paid_search,annual,web
12545,2026-04-03 14:58:58,organic,monthly,android
12546,2026-08-04 00:48:41,organic,annual,android
12547,2026-08-03 14:12:57,referral,annual,ios
12548,2026-08-19 07:11:32,referral,monthly,android
12549,2026-05-18 10:27:11,organic,annual,ios
12550,2026-08-01 23:46:24,paid_search,monthly,web
12551,2026-04-13 06:55:47,organic,monthly,android
12552,2026-07-22 13:09:16,paid_search,monthly,ios
12553,2026-07-31 10:36:05,organic,monthly,web
12554,2026-06-08 12:19:05,organic,monthly,web
12555,2026-06-16 00:05:32,influencer,monthly,web
12556,2026-03-23 09:30:21,paid_search,monthly,ios
12557,2026-05-05 12:39:47,organic,annual,android
12558,2026-04-24 03:00:02,organic,annual,ios
12559,2026-08-13 11:52:40,paid_search,monthly,android
12560,2026-08-12 18:50:12,influencer,monthly,ios
12561,2026-03-25 14:39:05,organic,monthly,android
12562,2026-05-19 12:27:47,organic,monthly,web
12563,2026-08-09 23:09:43,referral,annual,android
12564,2026-05-31 14:52:22,organic,monthly,android
12565,2026-06-17 21:29:29,paid_search,monthly,web
12566,2026-07-21 13:28:32,organic,monthly,android
12567,2026-07-24 16:19:39,referral,monthly,android
12568,2026-06-14 20:34:03,organic,monthly,web
12569,2026-07-31 13:47:41,paid_search,annual,android
12570,2026-04-28 18:40:25,organic,annual,ios
12571,2026-08-29 14:40:20,organic,annual,android
12572,2026-04-06 23:59:28,organic,annual,ios
12573,2026-05-31 14:51:46,organic,monthly,web
12574,2026-03-13 14:30:33,paid_search,monthly,ios
12575,2026-07-30 05:34:34,paid_search,monthly,android
12576,2026-05-31 10:19:39,organic,monthly,web
12577,2026-04-01 15:07:18,referral,annual,android
12578,2026-08-02 01:51:14,organic,monthly,android
12579,2026-07-12 00:50:46,paid_search,monthly,ios
12580,2026-06-02 13:58:04,organic,monthly,ios
12581,2026-08-06 15:37:56,organic,annual,web
12582,2026-04-21 08:00:20,influencer,monthly,ios
12583,2026-03-17 19:27:46,influencer,monthly,ios
12584,2026-03-19 18:28:41,referral,monthly,ios
12585,2026-06-18 20:15:08,referral,monthly,ios
12586,2026-04-12 20:19:46,influencer,annual,android
12587,2026-04-04 19:04:41,organic,monthly,ios
12588,2026-06-11 05:08:03,organic,monthly,ios
12589,2026-03-02 09:11:26,influencer,monthly,web
12590,2026-04-30 21:37:58,referral,monthly,android
12591,2026-04-19 15:09:49,referral,monthly,web
12592,2026-04-08 04:25:31,referral,monthly,android
12593,2026-08-08 03:47:08,influencer,monthly,android
12594,2026-05-04 02:18:46,paid_search,monthly,ios
12595,2026-03-02 02:16:48,paid_search,monthly,ios
12596,2026-07-29 11:50:27,paid_search,monthly,ios
12597,2026-03-23 08:27:01,influencer,monthly,android
12598,2026-03-11 16:55:53,referral,monthly,android
12599,2026-06-04 21:08:17,paid_search,monthly,ios
12600,2026-07-13 07:35:10,referral,annual,web
12601,2026-06-06 18:57:31,paid_search,monthly,ios
12602,2026-07-25 04:27:00,referral,annual,ios
12603,2026-04-22 06:44:33,referral,monthly,android
12604,2026-05-13 08:27:06,referral,monthly,ios
12605,2026-04-16 10:41:04,paid_search,monthly,android
12606,2026-08-19 20:01:52,paid_search,monthly,android
12607,2026-05-27 01:47:41,organic,monthly,android
12608,2026-05-21 09:21:15,referral,annual,android
12609,2026-04-29 19:40:35,organic,monthly,android
12610,2026-06-08 05:37:08,organic,annual,android
12611,2026-04-14 06:50:46,referral,monthly,web
12612,2026-07-30 09:53:17,influencer,monthly,web
12613,2026-05-06 11:07:44,organic,monthly,ios
12614,2026-08-14 04:31:18,paid_search,monthly,ios
12615,2026-08-19 19:49:15,organic,monthly,android
12616,2026-06-14 15:04:22,organic,monthly,ios
12617,2026-08-22 22:15:14,organic,monthly,android
12618,2026-08-17 05:40:41,organic,monthly,android
12619,2026-05-27 00:33:19,influencer,annual,ios
12620,2026-04-19 07:54:44,organic,monthly,web
12621,2026-07-25 07:59:36,organic,monthly,android
12622,2026-08-25 11:24:27,organic,monthly,android
12623,2026-08-16 22:12:00,influencer,monthly,android
12624,2026-06-14 06:51:30,organic,annual,android
12625,2026-05-08 14:49:01,referral,monthly,ios
12626,2026-08-22 13:08:50,paid_search,monthly,android
12627,2026-08-12 18:59:37,referral,monthly,android
12628,2026-03-30 06:23:55,referral,monthly,web
12629,2026-03-16 23:39:09,influencer,monthly,android
12630,2026-05-23 22:23:06,paid_search,monthly,android
12631,2026-04-19 04:26:11,organic,monthly,ios
12632,2026-06-11 16:23:41,paid_search,monthly,android
12633,2026-06-28 15:05:21,paid_search,monthly,ios
12634,2026-08-05 17:08:39,influencer,annual,ios
12635,2026-08-15 12:52:48,paid_search,monthly,android
12636,2026-06-14 10:06:09,organic,annual,android
12637,2026-04-19 15:56:26,paid_search,annual,web
12638,2026-06-27 18:17:17,paid_search,annual,ios
12639,2026-04-09 14:56:56,referral,annual,android
12640,2026-06-09 10:19:50,paid_search,monthly,web
12641,2026-06-22 16:27:47,organic,monthly,web
12642,2026-04-04 22:44:11,paid_search,monthly,web
12643,2026-05-17 09:36:27,organic,monthly,android
12644,2026-06-06 05:16:28,influencer,monthly,web
12645,2026-07-03 06:19:48,influencer,annual,ios
12646,2026-07-29 16:23:56,paid_search,monthly,ios
12647,2026-07-21 19:49:55,paid_search,monthly,ios
12648,2026-07-15 14:26:07,paid_search,monthly,android
12649,2026-06-20 15:33:04,referral,monthly,android
12650,2026-03-21 22:51:11,organic,monthly,web
12651,2026-04-28 07:52:48,organic,annual,web
12652,2026-04-12 00:30:18,paid_search,annual,web
12653,2026-07-19 15:56:47,influencer,monthly,android
12654,2026-08-30 16:53:21,referral,monthly,android
12655,2026-05-16 09:14:25,paid_search,monthly,web
12656,2026-08-16 19:42:10,influencer,monthly,web
12657,2026-08-19 01:01:10,referral,annual,android
12658,2026-03-30 19:01:44,referral,monthly,ios
12659,2026-05-22 03:20:37,organic,monthly,android
12660,2026-05-07 06:11:50,organic,monthly,ios
12661,2026-05-12 06:48:51,paid_search,monthly,android
12662,2026-04-25 10:58:07,paid_search,annual,android
12663,2026-06-22 14:54:54,paid_search,monthly,ios
12664,2026-08-24 05:48:42,influencer,monthly,android
12665,2026-08-28 16:41:58,paid_search,annual,android
12666,2026-04-24 03:39:40,referral,monthly,ios
12667,2026-05-14 21:18:06,paid_search,monthly,ios
12668,2026-07-13 08:43:09,paid_search,monthly,android
12669,2026-03-30 03:05:48,organic,monthly,ios
12670,2026-07-23 18:34:44,paid_search,monthly,ios
12671,2026-08-20 03:53:45,paid_search,monthly,android
12672,2026-04-10 06:19:39,paid_search,monthly,android
12673,2026-03-12 10:38:52,influencer,annual,android
12674,2026-08-07 23:01:36,influencer,monthly,ios
12675,2026-08-03 04:05:56,referral,monthly,android
12676,2026-05-24 17:03:15,paid_search,monthly,web
12677,2026-05-07 18:21:49,referral,monthly,android
12678,2026-08-08 00:20:30,organic,monthly,android
12679,2026-07-17 05:10:22,organic,monthly,ios
12680,2026-06-23 23:28:26,paid_search,monthly,android
12681,2026-04-24 06:09:16,referral,monthly,ios
12682,2026-03-23 00:36:40,paid_search,monthly,web
12683,2026-03-22 04:12:51,paid_search,monthly,web
12684,2026-06-20 20:08:45,influencer,monthly,ios
12685,2026-08-07 06:44:42,paid_search,monthly,ios
12686,2026-04-08 17:19:13,organic,monthly,ios
12687,2026-05-23 05:26:08,paid_search,monthly,web
12688,2026-08-11 15:30:49,organic,annual,android
12689,2026-08-23 06:36:20,paid_search,monthly,android
12690,2026-07-22 11:21:44,influencer,monthly,android
12691,2026-08-03 08:27:26,organic,monthly,android
12692,2026-04-22 19:16:36,paid_search,monthly,android
12693,2026-08-30 02:33:00,organic,monthly,android
12694,2026-07-18 15:34:32,referral,monthly,android
12695,2026-06-25 21:11:00,paid_search,monthly,ios
12696,2026-03-10 18:30:45,organic,annual,ios
12697,2026-08-16 23:28:21,organic,monthly,ios
12698,2026-04-23 00:48:27,organic,annual,web
12699,2026-04-15 06:13:07,influencer,annual,web
12700,2026-05-03 21:49:12,organic,monthly,ios
12701,2026-07-26 20:55:43,organic,annual,ios
12702,2026-03-20 07:58:03,referral,monthly,ios
12703,2026-04-20 16:38:21,paid_search,monthly,android
12704,2026-08-12 20:53:11,organic,annual,android
12705,2026-08-03 04:51:36,organic,annual,android
12706,2026-06-02 09:35:39,referral,monthly,ios
12707,2026-07-11 13:46:34,influencer,annual,android
12708,2026-06-07 00:28:41,influencer,annual,android
12709,2026-04-05 21:10:19,referral,annual,android
12710,2026-04-25 01:44:02,paid_search,monthly,ios
12711,2026-06-17 04:49:50,paid_search,monthly,ios
12712,2026-08-07 07:53:33,organic,monthly,android
12713,2026-03-24 13:47:44,organic,monthly,ios
12714,2026-04-05 16:41:50,organic,annual,ios
12715,2026-06-12 18:46:09,referral,monthly,android
12716,2026-07-30 00:58:43,paid_search,monthly,android
12717,2026-04-02 21:05:34,influencer,monthly,ios
12718,2026-04-23 22:32:15,paid_search,monthly,ios
12719,2026-06-29 17:05:16,paid_search,monthly,web
12720,2026-07-24 04:17:11,influencer,monthly,android
12721,2026-03-26 20:53:46,paid_search,monthly,android
12722,2026-07-22 18:49:24,referral,annual,ios
12723,2026-06-10 23:15:33,organic,monthly,ios
12724,2026-07-30 22:10:59,influencer,annual,android
12725,2026-08-10 00:19:18,organic,monthly,ios
12726,2026-04-08 21:56:16,influencer,monthly,web
12727,2026-03-17 15:54:23,influencer,monthly,ios
12728,2026-07-29 08:14:51,organic,monthly,ios
12729,2026-08-29 07:50:32,organic,annual,web
12730,2026-06-04 16:00:38,paid_search,monthly,android
12731,2026-07-14 16:14:51,referral,monthly,android
12732,2026-04-28 03:13:28,organic,monthly,ios
12733,2026-07-20 16:12:59,referral,monthly,android
12734,2026-07-06 05:20:04,referral,annual,ios
12735,2026-06-12 12:17:05,organic,annual,web
12736,2026-06-13 18:49:58,referral,monthly,android
12737,2026-04-16 12:12:45,paid_search,monthly,android
12738,2026-07-26 01:59:53,influencer,monthly,ios
12739,2026-08-09 07:59:03,referral,monthly,ios
12740,2026-04-11 16:34:53,organic,annual,android
12741,2026-06-17 11:45:36,organic,annual,ios
12742,2026-04-16 08:44:05,influencer,monthly,web
12743,2026-04-26 18:15:13,referral,monthly,web
12744,2026-08-14 22:04:14,organic,monthly,web
12745,2026-03-12 21:51:55,paid_search,monthly,android
12746,2026-06-16 13:36:10,referral,annual,android
12747,2026-03-27 20:57:46,paid_search,monthly,android
12748,2026-07-10 04:43:48,referral,monthly,ios
12749,2026-06-15 16:54:20,paid_search,annual,android
12750,2026-06-06 15:31:33,paid_search,monthly,android
12751,2026-05-21 18:52:55,influencer,monthly,ios
12752,2026-03-19 20:40:27,paid_search,monthly,web
12753,2026-04-17 13:40:26,referral,monthly,android
12754,2026-05-12 18:11:42,referral,monthly,android
12755,2026-05-27 15:37:41,paid_search,monthly,android
12756,2026-08-03 06:32:06,paid_search,monthly,android
12757,2026-05-26 09:43:34,organic,monthly,android
12758,2026-03-14 13:49:43,referral,monthly,ios
12759,2026-06-04 16:51:50,influencer,monthly,web
12760,2026-08-13 07:13:15,referral,monthly,ios
12761,2026-08-02 11:44:34,organic,annual,ios
12762,2026-08-22 19:16:18,influencer,monthly,ios
12763,2026-08-11 08:53:52,organic,monthly,web
12764,2026-05-23 21:09:19,organic,annual,ios
12765,2026-06-09 10:25:31,referral,monthly,ios
12766,2026-06-07 21:26:37,influencer,monthly,ios
12767,2026-04-29 09:26:36,organic,monthly,ios
12768,2026-06-09 00:33:13,paid_search,annual,web
12769,2026-03-20 22:26:16,paid_search,annual,web
12770,2026-07-20 15:24:26,organic,monthly,ios
12771,2026-05-19 20:59:09,paid_search,monthly,android
12772,2026-04-18 13:40:27,influencer,monthly,android
12773,2026-07-12 09:23:08,paid_search,annual,web
12774,2026-06-03 02:47:27,referral,monthly,android
12775,2026-07-04 20:48:42,paid_search,monthly,android
12776,2026-03-22 18:29:16,influencer,monthly,ios
12777,2026-05-19 10:56:26,paid_search,monthly,web
12778,2026-04-20 12:27:24,organic,annual,web
12779,2026-05-05 13:21:18,organic,monthly,android
12780,2026-06-30 04:18:53,paid_search,monthly,android
12781,2026-04-08 11:43:23,organic,monthly,ios
12782,2026-07-01 18:18:58,organic,annual,android
12783,2026-06-07 14:27:42,paid_search,monthly,android
12784,2026-08-31 10:02:08,organic,monthly,android
12785,2026-03-29 12:29:58,referral,annual,ios
12786,2026-08-02 14:18:59,influencer,monthly,ios
12787,2026-05-15 01:38:05,organic,monthly,ios
12788,2026-05-30 16:55:48,organic,monthly,ios
12789,2026-04-12 14:43:23,referral,monthly,ios
12790,2026-07-01 00:46:49,paid_search,monthly,ios
12791,2026-04-03 01:48:32,paid_search,monthly,ios
12792,2026-04-14 07:59:24,referral,annual,web
12793,2026-04-09 23:08:24,referral,monthly,android
12794,2026-07-16 16:36:25,organic,monthly,ios
12795,2026-07-22 03:19:49,paid_search,monthly,android
12796,2026-05-26 12:26:50,influencer,monthly,web
12797,2026-06-18 07:56:02,referral,monthly,web
12798,2026-04-06 17:24:12,referral,monthly,ios
12799,2026-03-21 08:01:01,organic,monthly,ios
12800,2026-04-25 10:45:59,paid_search,monthly,web
12801,2026-08-08 23:13:24,referral,monthly,ios
12802,2026-03-06 19:10:25,referral,monthly,ios
12803,2026-07-03 10:13:47,paid_search,monthly,ios
12804,2026-06-04 20:41:22,organic,annual,android
12805,2026-06-25 01:49:48,organic,annual,ios
12806,2026-03-09 04:27:53,paid_search,monthly,ios
12807,2026-06-16 22:39:58,paid_search,annual,android
12808,2026-08-09 07:31:41,organic,monthly,web
12809,2026-06-09 03:43:49,paid_search,annual,android
12810,2026-04-13 12:06:53,organic,monthly,android
12811,2026-06-19 02:48:22,paid_search,annual,ios
12812,2026-05-31 01:48:43,paid_search,monthly,android
12813,2026-05-01 16:02:48,paid_search,monthly,ios
12814,2026-03-15 22:55:09,influencer,monthly,web
12815,2026-06-27 06:31:22,paid_search,monthly,ios
12816,2026-05-09 02:23:56,influencer,monthly,android
12817,2026-08-20 01:40:45,paid_search,monthly,android
12818,2026-05-07 16:33:03,paid_search,monthly,android
12819,2026-07-10 05:28:02,organic,monthly,ios
12820,2026-07-24 00:14:31,paid_search,annual,ios
12821,2026-08-03 22:32:18,referral,monthly,ios
12822,2026-08-19 20:15:59,paid_search,monthly,android
12823,2026-06-21 16:35:12,organic,annual,web
12824,2026-03-28 10:45:48,organic,monthly,android
12825,2026-05-23 00:39:26,organic,monthly,ios
12826,2026-03-08 18:59:06,referral,monthly,web
12827,2026-06-18 18:31:46,organic,monthly,web
12828,2026-07-02 12:36:28,referral,monthly,android
12829,2026-08-20 05:28:06,influencer,monthly,ios
12830,2026-04-14 14:29:14,paid_search,annual,web
12831,2026-03-18 10:22:11,organic,monthly,android
12832,2026-06-30 06:07:02,organic,monthly,ios
12833,2026-04-15 02:29:41,referral,monthly,android
12834,2026-05-17 22:43:59,referral,annual,ios
12835,2026-08-21 07:02:46,paid_search,annual,web
12836,2026-06-09 06:15:39,influencer,annual,android
12837,2026-04-10 19:54:40,paid_search,monthly,ios
12838,2026-07-26 08:17:52,influencer,monthly,android
12839,2026-05-19 02:34:26,paid_search,annual,android
12840,2026-06-02 01:51:26,referral,monthly,ios
12841,2026-04-16 23:16:17,paid_search,monthly,ios
12842,2026-04-01 08:27:01,referral,monthly,ios
12843,2026-08-31 23:00:44,paid_search,annual,android
12844,2026-05-13 15:36:39,organic,monthly,android
12845,2026-06-05 06:25:23,referral,monthly,ios
12846,2026-03-25 07:40:30,paid_search,annual,web
12847,2026-03-31 23:12:14,organic,monthly,web
12848,2026-06-18 21:40:52,influencer,monthly,android
12849,2026-07-15 02:35:45,organic,monthly,ios
12850,2026-07-10 13:01:10,paid_search,monthly,android
12851,2026-07-16 03:06:26,organic,monthly,web
12852,2026-07-13 16:31:01,paid_search,monthly,android
12853,2026-07-22 15:00:41,paid_search,monthly,android
12854,2026-06-14 19:40:22,referral,monthly,android
12855,2026-08-15 08:27:36,referral,monthly,web
12856,2026-05-20 21:32:03,paid_search,monthly,android
12857,2026-07-15 08:37:36,referral,monthly,ios
12858,2026-03-04 11:31:50,organic,monthly,web
12859,2026-07-05 18:23:56,paid_search,monthly,web
12860,2026-04-14 04:05:14,organic,monthly,web
12861,2026-05-18 12:34:51,paid_search,monthly,ios
12862,2026-05-23 12:36:12,referral,monthly,android
12863,2026-07-14 05:41:13,paid_search,monthly,ios
12864,2026-03-07 05:45:31,influencer,monthly,ios
12865,2026-08-30 00:03:56,influencer,monthly,android
12866,2026-08-06 21:09:19,paid_search,monthly,web
12867,2026-03-14 19:25:50,influencer,annual,web
12868,2026-08-03 10:31:15,paid_search,annual,ios
12869,2026-06-13 19:36:55,influencer,monthly,ios
12870,2026-06-24 10:42:09,organic,monthly,ios
12871,2026-03-21 12:56:44,referral,monthly,android
12872,2026-06-19 03:26:50,paid_search,annual,android
12873,2026-08-22 21:27:58,referral,annual,android
12874,2026-07-20 06:34:00,referral,monthly,web
12875,2026-06-16 21:05:29,paid_search,annual,ios
12876,2026-03-10 19:54:45,paid_search,monthly,android
12877,2026-03-19 13:19:27,referral,annual,web
12878,2026-03-24 20:04:31,paid_search,annual,android
12879,2026-07-28 18:55:30,paid_search,monthly,web
12880,2026-03-09 01:42:14,paid_search,monthly,ios
12881,2026-07-23 19:13:18,referral,monthly,android
12882,2026-03-07 20:16:30,paid_search,monthly,android
12883,2026-06-23 13:05:23,influencer,monthly,web
12884,2026-07-22 00:29:06,organic,annual,ios
12885,2026-06-07 20:09:40,referral,annual,android
12886,2026-07-14 12:33:14,organic,annual,android
12887,2026-07-21 22:43:22,paid_search,monthly,web
12888,2026-06-01 22:27:21,referral,monthly,web
12889,2026-04-06 16:06:26,organic,monthly,android
12890,2026-04-23 15:56:54,referral,annual,web
12891,2026-06-18 08:20:58,influencer,monthly,ios
12892,2026-07-12 10:44:57,organic,annual,web
12893,2026-03-29 05:55:36,paid_search,monthly,android
12894,2026-05-23 18:51:30,referral,monthly,web
12895,2026-06-20 14:23:39,referral,monthly,android
12896,2026-06-07 02:31:03,organic,monthly,ios
12897,2026-05-04 01:00:02,influencer,monthly,ios
12898,2026-06-09 05:51:27,paid_search,monthly,android
12899,2026-05-07 17:54:36,paid_search,monthly,ios
12900,2026-04-13 00:38:25,organic,monthly,web
12901,2026-05-29 20:29:53,paid_search,monthly,ios
12902,2026-04-23 04:32:25,paid_search,monthly,web
12903,2026-03-05 15:23:58,organic,monthly,ios
12904,2026-04-04 18:19:55,paid_search,monthly,android
12905,2026-05-04 05:04:20,organic,monthly,ios
12906,2026-05-02 07:26:50,organic,monthly,android
12907,2026-08-24 13:09:29,referral,annual,ios
12908,2026-07-12 01:19:33,influencer,annual,android
12909,2026-06-02 04:04:04,influencer,monthly,android
12910,2026-04-09 03:34:01,organic,monthly,ios
12911,2026-04-09 20:47:31,organic,monthly,ios
12912,2026-03-05 07:46:19,influencer,monthly,ios
12913,2026-04-19 15:17:26,paid_search,monthly,web
12914,2026-05-21 12:52:40,organic,annual,android
12915,2026-04-27 05:03:01,organic,monthly,ios
12916,2026-04-13 01:23:18,organic,annual,android
12917,2026-07-10 21:11:16,paid_search,monthly,web
12918,2026-03-06 10:05:38,paid_search,annual,android
12919,2026-03-25 04:08:51,paid_search,monthly,web
12920,2026-04-20 08:14:22,organic,annual,android
12921,2026-08-03 09:52:02,paid_search,annual,web
12922,2026-05-15 17:59:38,paid_search,monthly,android
12923,2026-06-25 19:31:51,paid_search,monthly,ios
12924,2026-06-18 03:16:33,paid_search,monthly,web
12925,2026-06-09 15:14:27,organic,monthly,ios
12926,2026-03-02 04:16:22,referral,monthly,android
12927,2026-05-30 05:58:19,referral,monthly,ios
12928,2026-06-22 12:27:23,referral,monthly,ios
12929,2026-04-03 20:49:37,organic,annual,android
12930,2026-08-03 21:20:04,organic,monthly,web
12931,2026-04-29 22:04:51,paid_search,monthly,android
12932,2026-04-08 09:35:53,paid_search,monthly,android
12933,2026-03-09 17:50:34,organic,monthly,web
12934,2026-06-22 18:40:15,organic,monthly,android
12935,2026-08-12 16:22:15,referral,monthly,ios
12936,2026-06-12 21:34:48,paid_search,monthly,ios
12937,2026-07-04 12:31:34,organic,annual,ios
12938,2026-06-05 21:52:06,referral,monthly,web
12939,2026-06-14 00:51:57,influencer,monthly,ios
12940,2026-05-04 15:00:47,paid_search,monthly,android
12941,2026-05-09 09:26:34,organic,monthly,web
12942,2026-08-15 08:24:51,referral,annual,ios
12943,2026-04-13 02:43:44,organic,monthly,ios
12944,2026-08-01 21:52:18,referral,monthly,android
12945,2026-04-04 15:08:19,paid_search,monthly,web
12946,2026-04-23 07:09:15,referral,monthly,web
12947,2026-03-13 16:50:25,organic,annual,android
12948,2026-07-12 01:19:20,organic,monthly,ios
12949,2026-06-04 00:51:41,paid_search,annual,web
12950,2026-08-16 21:45:55,referral,monthly,android
12951,2026-04-26 17:39:31,referral,annual,ios
12952,2026-06-01 20:00:09,organic,monthly,ios
12953,2026-07-30 02:51:43,paid_search,monthly,ios
12954,2026-07-01 05:16:27,paid_search,monthly,android
12955,2026-06-14 11:35:07,influencer,annual,ios
12956,2026-03-05 03:26:21,organic,monthly,ios
12957,2026-07-02 11:16:15,organic,annual,ios
12958,2026-03-05 05:32:18,organic,monthly,android
12959,2026-08-03 10:11:27,referral,monthly,android
12960,2026-05-19 03:58:55,paid_search,annual,ios
12961,2026-04-23 08:19:51,paid_search,monthly,web
12962,2026-08-26 20:32:28,referral,annual,android
12963,2026-03-01 05:03:46,organic,monthly,web
12964,2026-05-08 18:59:59,paid_search,annual,web
12965,2026-05-09 05:11:37,influencer,annual,web
12966,2026-06-01 01:11:26,paid_search,annual,ios
12967,2026-04-11 06:45:50,paid_search,monthly,ios
12968,2026-04-28 21:07:54,organic,annual,web
12969,2026-06-30 16:25:40,paid_search,annual,web
12970,2026-04-01 20:41:10,paid_search,monthly,android
12971,2026-04-26 20:18:23,organic,monthly,android
12972,2026-08-11 18:31:59,influencer,monthly,ios
12973,2026-06-07 14:24:45,organic,monthly,ios
12974,2026-08-04 13:03:52,organic,monthly,web
12975,2026-07-18 06:09:08,paid_search,monthly,android
12976,2026-06-07 11:34:51,paid_search,monthly,android
12977,2026-03-25 12:09:54,paid_search,monthly,web
12978,2026-04-26 08:25:27,influencer,monthly,web
12979,2026-05-28 06:20:01,organic,annual,android
12980,2026-06-22 17:47:13,paid_search,monthly,android
12981,2026-05-24 04:30:10,paid_search,annual,android
12982,2026-05-10 19:59:07,referral,annual,ios
12983,2026-07-16 07:30:29,organic,monthly,ios
12984,2026-06-12 18:10:09,referral,monthly,web
12985,2026-03-09 16:04:47,organic,monthly,ios
12986,2026-08-21 17:31:45,referral,monthly,android
12987,2026-04-29 17:26:00,referral,monthly,ios
12988,2026-07-03 01:20:27,influencer,monthly,ios
12989,2026-05-02 10:19:01,paid_search,monthly,ios
12990,2026-05-09 06:26:39,referral,monthly,android
12991,2026-08-24 00:27:11,referral,monthly,web
12992,2026-08-01 18:41:23,paid_search,annual,ios
12993,2026-03-25 09:09:40,organic,monthly,ios
12994,2026-05-31 01:28:38,influencer,monthly,android
12995,2026-05-31 11:33:28,paid_search,monthly,ios
12996,2026-06-20 04:42:09,referral,monthly,ios
12997,2026-06-09 07:42:06,organic,annual,web
12998,2026-06-11 19:54:05,referral,monthly,android
12999,2026-07-25 02:15:37,influencer,annual,ios
13000,2026-04-09 01:37:55,paid_search,monthly,ios
13001,2026-03-21 10:56:20,organic,monthly,ios
13002,2026-06-29 03:26:33,organic,monthly,ios
13003,2026-08-15 06:57:35,paid_search,monthly,web
13004,2026-03-08 03:59:42,referral,monthly,ios
13005,2026-06-19 04:37:15,referral,monthly,android
13006,2026-08-14 17:10:28,influencer,monthly,ios
13007,2026-07-19 04:57:33,paid_search,annual,android
13008,2026-05-01 14:32:45,paid_search,monthly,android
13009,2026-03-30 21:19:18,organic,annual,ios
13010,2026-08-11 21:11:16,influencer,monthly,web
13011,2026-08-12 21:29:28,referral,monthly,ios
13012,2026-08-16 21:15:23,organic,monthly,ios
13013,2026-05-16 11:47:27,organic,monthly,ios
13014,2026-06-25 01:45:25,paid_search,monthly,ios
13015,2026-03-30 02:59:14,referral,annual,ios
13016,2026-07-08 00:21:47,referral,annual,ios
13017,2026-07-12 16:43:26,influencer,monthly,android
13018,2026-08-15 11:43:26,paid_search,annual,ios
13019,2026-07-07 02:33:35,influencer,monthly,ios
13020,2026-07-04 07:06:19,organic,monthly,web
13021,2026-06-29 01:30:24,influencer,monthly,android
13022,2026-08-02 17:02:18,referral,monthly,ios
13023,2026-08-13 10:15:21,referral,monthly,ios
13024,2026-05-03 10:38:43,paid_search,monthly,ios
13025,2026-05-09 13:03:31,referral,monthly,ios
13026,2026-05-05 09:50:34,organic,annual,android
13027,2026-03-01 08:09:42,paid_search,monthly,ios
13028,2026-04-14 05:32:02,organic,annual,web
13029,2026-08-25 14:48:15,organic,monthly,ios
13030,2026-08-04 23:12:41,paid_search,monthly,ios
13031,2026-06-26 15:56:47,paid_search,monthly,ios
13032,2026-04-22 09:18:26,paid_search,monthly,android
13033,2026-06-05 12:08:28,organic,annual,android
13034,2026-04-20 20:55:54,organic,annual,ios
13035,2026-06-19 12:38:12,influencer,monthly,android
13036,2026-08-21 04:09:39,organic,monthly,ios
13037,2026-04-20 17:35:04,referral,monthly,web
13038,2026-03-26 18:42:46,paid_search,monthly,web
13039,2026-06-30 07:29:30,paid_search,annual,android
13040,2026-08-11 23:40:33,paid_search,annual,android
13041,2026-04-29 01:03:19,referral,monthly,ios
13042,2026-07-21 05:24:14,organic,monthly,ios
13043,2026-05-05 20:46:33,paid_search,monthly,ios
13044,2026-06-17 12:43:26,paid_search,monthly,android
13045,2026-08-15 04:37:10,organic,monthly,ios
13046,2026-05-04 17:38:43,paid_search,annual,android
13047,2026-05-20 17:25:46,organic,monthly,android
13048,2026-05-10 21:52:09,organic,monthly,ios
13049,2026-06-30 14:48:52,organic,monthly,web
13050,2026-06-14 20:09:26,influencer,monthly,android
13051,2026-04-23 20:08:09,organic,monthly,web
13052,2026-05-27 21:24:03,paid_search,monthly,ios
13053,2026-06-27 10:31:41,paid_search,monthly,android
13054,2026-03-01 02:36:34,organic,monthly,ios
13055,2026-08-15 10:59:26,referral,monthly,web
13056,2026-04-09 05:16:01,influencer,monthly,ios
13057,2026-03-14 00:56:16,referral,monthly,android
13058,2026-07-28 11:31:05,paid_search,annual,android
13059,2026-08-08 18:36:51,organic,monthly,android
13060,2026-06-07 19:19:02,referral,monthly,android
13061,2026-06-15 01:15:25,influencer,monthly,android
13062,2026-04-15 09:39:17,influencer,annual,ios
13063,2026-05-15 16:52:38,referral,monthly,ios
13064,2026-08-14 03:57:32,referral,monthly,android
13065,2026-07-07 11:50:20,organic,monthly,ios
13066,2026-03-20 14:17:15,influencer,monthly,android
13067,2026-05-11 03:49:55,influencer,annual,android
13068,2026-08-18 07:27:59,paid_search,annual,android
13069,2026-03-02 04:24:02,influencer,monthly,android
13070,2026-03-12 01:01:52,organic,monthly,android
13071,2026-06-10 07:29:51,paid_search,monthly,ios
13072,2026-03-28 04:51:12,referral,monthly,web
13073,2026-04-10 11:47:26,paid_search,monthly,web
13074,2026-08-26 15:22:11,organic,annual,ios
13075,2026-03-18 03:07:15,organic,annual,web
13076,2026-08-11 10:38:26,influencer,monthly,ios
13077,2026-03-11 12:22:00,paid_search,monthly,ios
13078,2026-07-21 18:52:42,referral,monthly,android
13079,2026-06-05 18:27:37,organic,monthly,web
13080,2026-08-11 12:56:51,organic,monthly,ios
13081,2026-08-31 18:21:35,organic,annual,web
13082,2026-05-18 03:08:49,influencer,monthly,android
13083,2026-06-12 23:54:46,referral,monthly,android
13084,2026-05-03 11:36:56,organic,monthly,ios
13085,2026-04-08 07:19:48,organic,annual,web
13086,2026-08-10 20:36:29,paid_search,monthly,web
13087,2026-03-26 02:00:39,paid_search,annual,web
13088,2026-05-01 09:20:39,influencer,annual,web
13089,2026-03-31 05:59:58,referral,annual,ios
13090,2026-06-17 18:56:10,referral,monthly,ios
13091,2026-04-26 20:31:36,influencer,annual,android
13092,2026-03-16 08:00:03,paid_search,monthly,android
13093,2026-05-09 04:36:47,paid_search,monthly,android
13094,2026-05-23 04:25:16,organic,monthly,web
13095,2026-08-12 21:30:16,influencer,monthly,web
13096,2026-07-20 08:41:14,organic,monthly,android
13097,2026-06-12 17:12:35,paid_search,annual,ios
13098,2026-08-13 15:43:58,referral,monthly,android
13099,2026-04-13 11:54:57,referral,monthly,ios
13100,2026-06-21 17:52:07,referral,annual,web
13101,2026-08-30 03:55:24,organic,annual,ios
13102,2026-04-04 12:45:04,referral,annual,android
13103,2026-04-08 13:07:51,paid_search,annual,ios
13104,2026-08-03 06:41:17,paid_search,monthly,android
13105,2026-08-15 05:16:51,paid_search,monthly,android
13106,2026-04-09 14:04:38,paid_search,monthly,ios
13107,2026-05-22 08:28:28,organic,monthly,ios
13108,2026-03-08 13:42:49,influencer,monthly,web
13109,2026-06-05 21:20:56,influencer,monthly,web
13110,2026-05-14 02:35:20,referral,monthly,ios
13111,2026-04-04 01:12:04,paid_search,monthly,web
13112,2026-03-29 01:30:35,referral,monthly,ios
13113,2026-06-21 03:25:54,paid_search,annual,web
13114,2026-03-01 05:23:23,influencer,monthly,web
13115,2026-08-10 23:03:45,influencer,annual,android
13116,2026-03-27 12:28:48,paid_search,annual,web
13117,2026-06-05 17:34:23,referral,monthly,android
13118,2026-03-26 13:50:16,referral,monthly,web
13119,2026-03-11 22:17:46,paid_search,monthly,web
13120,2026-05-12 05:05:10,paid_search,monthly,ios
13121,2026-08-16 06:53:26,paid_search,monthly,android
13122,2026-05-17 07:54:48,influencer,annual,android
13123,2026-04-22 06:51:22,paid_search,monthly,android
13124,2026-03-24 18:03:13,referral,monthly,ios
13125,2026-03-26 13:28:38,organic,monthly,ios
13126,2026-06-04 00:25:14,organic,monthly,ios
13127,2026-05-13 07:39:30,organic,monthly,web
13128,2026-07-18 03:14:10,organic,annual,ios
13129,2026-05-30 03:27:53,referral,monthly,android
13130,2026-03-27 21:42:37,paid_search,monthly,ios
13131,2026-04-10 18:33:00,organic,monthly,ios
13132,2026-07-31 21:46:51,organic,monthly,web
13133,2026-08-18 03:12:39,referral,monthly,ios
13134,2026-03-24 06:27:51,paid_search,annual,web
13135,2026-03-30 03:58:40,organic,monthly,web
13136,2026-05-26 15:33:49,referral,monthly,ios
13137,2026-07-15 22:46:48,organic,annual,android
13138,2026-04-28 04:34:20,organic,monthly,ios
13139,2026-08-12 14:04:32,referral,monthly,android
13140,2026-07-11 03:47:07,influencer,annual,android
13141,2026-07-01 02:42:46,referral,annual,ios
13142,2026-03-14 17:53:00,paid_search,monthly,android
13143,2026-04-17 09:08:18,paid_search,annual,android
13144,2026-08-04 02:48:03,referral,monthly,android
13145,2026-06-19 09:25:35,paid_search,monthly,web
13146,2026-04-20 05:52:45,influencer,annual,ios
13147,2026-06-08 18:28:06,referral,monthly,web
13148,2026-07-17 13:43:46,paid_search,monthly,web
13149,2026-07-17 08:56:11,organic,monthly,android
13150,2026-04-22 20:55:14,influencer,annual,android
13151,2026-03-30 18:10:51,organic,monthly,android
13152,2026-07-17 08:15:01,influencer,monthly,web
13153,2026-06-14 23:32:54,organic,monthly,web
13154,2026-04-06 04:50:14,influencer,monthly,android
13155,2026-04-17 04:21:28,organic,annual,ios
13156,2026-04-01 03:23:38,organic,monthly,android
13157,2026-08-27 05:16:38,paid_search,monthly,android
13158,2026-03-11 15:58:54,influencer,annual,ios
13159,2026-03-20 15:23:33,organic,monthly,ios
13160,2026-03-12 14:27:47,referral,monthly,android
13161,2026-03-27 20:29:08,paid_search,monthly,android
13162,2026-03-08 15:31:51,referral,monthly,ios
13163,2026-07-19 01:12:24,influencer,annual,ios
13164,2026-07-30 14:20:26,referral,monthly,android
13165,2026-03-01 07:57:40,referral,monthly,android
13166,2026-06-21 01:57:46,influencer,monthly,android
13167,2026-08-11 09:19:36,influencer,annual,android
13168,2026-08-17 21:27:17,organic,monthly,android
13169,2026-05-30 18:23:15,organic,annual,android
13170,2026-08-13 12:58:06,referral,monthly,web
13171,2026-08-02 16:23:21,paid_search,monthly,ios
13172,2026-08-02 09:39:15,organic,monthly,ios
13173,2026-07-29 11:09:28,paid_search,monthly,android
13174,2026-05-13 03:46:10,influencer,monthly,ios
13175,2026-06-16 12:23:31,referral,monthly,ios
13176,2026-04-11 12:11:32,organic,monthly,android
13177,2026-07-04 13:54:27,influencer,monthly,web
13178,2026-05-03 12:55:33,referral,monthly,web
13179,2026-06-12 23:43:54,organic,annual,android
13180,2026-06-26 17:05:35,organic,monthly,android
13181,2026-07-09 21:01:33,influencer,monthly,android
13182,2026-08-24 22:17:44,influencer,monthly,android
13183,2026-07-20 19:43:55,paid_search,annual,android
13184,2026-06-08 12:26:39,organic,monthly,android
13185,2026-04-03 04:39:52,paid_search,annual,android
13186,2026-08-03 16:05:57,paid_search,monthly,ios
13187,2026-07-31 07:26:18,paid_search,monthly,android
13188,2026-05-05 04:17:23,organic,monthly,web
13189,2026-05-26 00:03:13,organic,monthly,android
13190,2026-07-30 15:34:24,referral,monthly,android
13191,2026-03-28 08:49:37,paid_search,monthly,android
13192,2026-06-03 00:36:20,organic,monthly,ios
13193,2026-07-21 09:39:53,paid_search,monthly,ios
13194,2026-05-26 04:14:37,organic,monthly,ios
13195,2026-08-26 04:38:40,referral,monthly,android
13196,2026-05-28 05:14:00,referral,monthly,ios
13197,2026-08-18 16:46:02,referral,monthly,ios
13198,2026-06-26 19:40:41,organic,monthly,ios
13199,2026-06-04 10:39:24,organic,annual,web
13200,2026-07-31 21:39:40,referral,annual,web
13201,2026-03-19 20:10:39,organic,monthly,ios
13202,2026-05-06 15:36:41,organic,monthly,ios
13203,2026-05-02 07:00:06,paid_search,annual,android
13204,2026-03-15 05:38:29,organic,monthly,ios
13205,2026-07-16 06:27:21,influencer,monthly,web
13206,2026-05-17 03:21:58,influencer,monthly,web
13207,2026-07-04 10:43:27,organic,monthly,android
13208,2026-04-18 20:47:17,organic,monthly,ios
13209,2026-04-10 16:34:47,referral,monthly,web
13210,2026-03-12 18:45:15,paid_search,monthly,ios
13211,2026-07-12 06:12:00,organic,monthly,ios
13212,2026-04-05 08:35:45,paid_search,monthly,android
13213,2026-04-03 17:53:07,organic,monthly,android
13214,2026-07-06 17:07:08,paid_search,annual,web
13215,2026-04-19 05:25:42,referral,annual,web
13216,2026-06-29 15:31:53,referral,annual,ios
13217,2026-07-16 18:35:38,organic,monthly,ios
13218,2026-04-20 05:46:55,organic,monthly,android
13219,2026-08-05 19:35:39,organic,monthly,ios
13220,2026-07-03 09:05:21,organic,monthly,ios
13221,2026-07-18 04:13:12,referral,annual,android
13222,2026-04-23 11:40:56,organic,monthly,android
13223,2026-04-02 23:32:37,paid_search,monthly,android
13224,2026-07-11 07:19:27,referral,monthly,web
13225,2026-07-20 07:01:04,organic,monthly,web
13226,2026-04-18 09:43:10,referral,monthly,android
13227,2026-07-24 07:27:00,referral,annual,ios
13228,2026-08-22 23:53:25,organic,annual,ios
13229,2026-08-12 08:33:42,paid_search,annual,ios
13230,2026-08-05 12:05:34,influencer,monthly,ios
13231,2026-06-20 14:14:11,paid_search,monthly,ios
13232,2026-06-18 10:44:20,paid_search,monthly,android
13233,2026-05-16 23:28:14,organic,monthly,android
13234,2026-07-31 05:45:56,paid_search,monthly,ios
13235,2026-03-04 03:52:13,paid_search,monthly,android
13236,2026-08-01 13:58:20,organic,annual,ios
13237,2026-05-05 23:02:03,paid_search,annual,web
13238,2026-04-01 05:50:49,referral,monthly,android
13239,2026-08-13 07:13:57,referral,monthly,ios
13240,2026-05-01 21:24:39,referral,monthly,android
13241,2026-08-08 22:09:13,referral,monthly,android
13242,2026-04-23 18:06:25,referral,monthly,web
13243,2026-07-20 14:59:03,organic,annual,ios
13244,2026-05-06 17:02:20,influencer,monthly,ios
13245,2026-05-10 06:36:53,organic,annual,ios
13246,2026-03-16 03:03:13,organic,annual,ios
13247,2026-06-28 14:58:54,paid_search,monthly,android
13248,2026-06-28 08:24:06,organic,monthly,android
13249,2026-08-25 15:57:35,paid_search,monthly,web
13250,2026-06-24 16:01:09,influencer,monthly,ios
13251,2026-08-17 17:55:56,organic,monthly,ios
13252,2026-05-30 09:47:59,paid_search,monthly,android
13253,2026-05-11 20:52:09,paid_search,monthly,android
13254,2026-04-26 03:10:27,organic,monthly,ios
13255,2026-06-30 19:51:39,referral,monthly,android
13256,2026-06-15 20:14:24,paid_search,monthly,ios
13257,2026-07-14 12:48:34,paid_search,monthly,android
13258,2026-04-15 10:08:40,influencer,annual,ios
13259,2026-05-07 00:56:17,organic,monthly,android
13260,2026-07-21 18:44:31,paid_search,monthly,ios
13261,2026-05-02 01:14:51,referral,monthly,ios
13262,2026-05-16 01:16:22,paid_search,annual,web
13263,2026-05-13 17:08:32,referral,monthly,ios
13264,2026-05-15 10:29:49,paid_search,monthly,ios
13265,2026-04-15 12:06:40,organic,monthly,android
13266,2026-04-28 19:49:36,paid_search,monthly,android
13267,2026-07-11 20:06:26,referral,monthly,ios
13268,2026-03-07 08:35:19,referral,monthly,android
13269,2026-08-14 15:35:08,referral,monthly,android
13270,2026-05-26 07:39:32,organic,monthly,android
13271,2026-06-25 02:42:03,organic,monthly,android
13272,2026-05-25 11:49:25,paid_search,annual,web
13273,2026-06-12 20:37:22,paid_search,monthly,web
13274,2026-03-04 05:03:18,referral,annual,ios
13275,2026-03-10 08:40:57,organic,monthly,ios
13276,2026-05-04 02:00:16,paid_search,annual,android
13277,2026-04-16 21:40:22,paid_search,monthly,android
13278,2026-06-04 21:45:04,referral,monthly,web
13279,2026-07-17 04:28:27,organic,monthly,web
13280,2026-04-22 08:07:30,paid_search,monthly,android
13281,2026-03-04 11:21:45,influencer,monthly,android
13282,2026-07-20 18:41:07,organic,monthly,ios
13283,2026-03-25 00:00:21,influencer,monthly,ios
13284,2026-08-08 11:37:48,paid_search,annual,ios
13285,2026-06-12 09:40:31,organic,monthly,ios
13286,2026-06-24 20:09:43,referral,monthly,ios
13287,2026-04-14 21:23:45,paid_search,monthly,ios
13288,2026-08-27 16:45:45,organic,monthly,ios
13289,2026-05-06 04:41:55,referral,monthly,ios
13290,2026-06-13 15:17:58,referral,monthly,ios
13291,2026-05-28 03:57:28,paid_search,annual,android
13292,2026-03-14 19:56:18,organic,monthly,ios
13293,2026-08-07 11:53:23,referral,monthly,web
13294,2026-07-31 21:13:46,organic,monthly,android
13295,2026-08-27 04:09:10,influencer,monthly,ios
13296,2026-05-29 13:17:46,paid_search,monthly,android
13297,2026-04-13 02:39:14,paid_search,monthly,android
13298,2026-07-01 00:14:18,influencer,monthly,android
13299,2026-05-06 16:04:12,referral,annual,web
13300,2026-07-28 12:12:14,referral,monthly,web
13301,2026-08-18 22:02:10,paid_search,monthly,ios
13302,2026-07-25 04:06:28,organic,monthly,android
13303,2026-06-26 19:40:40,referral,monthly,android
13304,2026-07-09 07:18:52,paid_search,monthly,ios
13305,2026-04-12 10:21:23,organic,annual,android
13306,2026-06-08 20:05:03,influencer,monthly,web
13307,2026-08-06 00:27:07,paid_search,monthly,ios
13308,2026-07-02 11:57:26,influencer,monthly,web
13309,2026-04-10 20:27:28,influencer,annual,ios
13310,2026-08-25 18:41:44,organic,annual,ios
13311,2026-07-17 20:30:08,paid_search,monthly,android
13312,2026-03-31 19:54:44,referral,annual,android
13313,2026-05-17 00:12:29,paid_search,monthly,android
13314,2026-07-29 22:28:42,organic,annual,ios
13315,2026-08-11 12:02:08,organic,annual,android
13316,2026-08-16 14:05:35,referral,annual,web
13317,2026-06-04 12:11:27,referral,monthly,android
13318,2026-03-16 11:04:24,influencer,annual,android
13319,2026-08-23 17:33:06,organic,monthly,web
13320,2026-06-10 16:18:50,paid_search,annual,ios
13321,2026-07-01 15:47:59,referral,monthly,android
13322,2026-07-29 17:21:16,organic,monthly,ios
13323,2026-04-12 13:49:47,organic,monthly,android
13324,2026-03-26 08:09:07,paid_search,monthly,android
13325,2026-05-06 21:51:39,organic,monthly,android
13326,2026-06-13 00:41:15,organic,monthly,web
13327,2026-08-21 17:38:19,organic,monthly,web
13328,2026-03-18 08:23:22,organic,annual,web
13329,2026-03-07 03:18:30,referral,monthly,android
13330,2026-03-03 13:59:30,organic,monthly,android
13331,2026-03-25 20:25:05,organic,monthly,ios
13332,2026-05-25 15:02:13,organic,monthly,ios
13333,2026-03-11 09:11:44,referral,monthly,ios
13334,2026-08-09 13:46:47,referral,monthly,ios
13335,2026-03-17 08:26:21,referral,monthly,android
13336,2026-06-25 22:59:06,paid_search,monthly,ios
13337,2026-04-05 05:15:07,organic,annual,android
13338,2026-07-12 09:49:12,referral,annual,android
13339,2026-07-27 08:11:30,organic,monthly,android
13340,2026-03-09 12:08:10,paid_search,annual,ios
13341,2026-08-17 22:26:53,referral,annual,ios
13342,2026-04-21 02:03:39,paid_search,annual,android
13343,2026-07-23 08:58:19,paid_search,monthly,ios
13344,2026-06-06 04:10:38,influencer,monthly,web
13345,2026-05-01 22:43:17,organic,monthly,ios
13346,2026-06-23 17:50:32,influencer,monthly,android
13347,2026-06-21 21:24:51,referral,monthly,android
13348,2026-06-09 20:27:11,organic,monthly,android
13349,2026-06-08 16:40:38,influencer,monthly,android
13350,2026-03-20 03:12:56,paid_search,monthly,ios
13351,2026-04-28 09:26:00,referral,monthly,web
13352,2026-03-08 04:53:43,referral,annual,ios
13353,2026-03-18 01:37:08,influencer,monthly,web
13354,2026-05-19 02:59:06,influencer,monthly,ios
13355,2026-06-06 23:26:20,paid_search,annual,ios
13356,2026-06-27 10:19:41,referral,annual,android
13357,2026-03-04 13:47:07,organic,monthly,android
13358,2026-08-22 20:08:13,referral,monthly,ios
13359,2026-03-23 15:53:47,paid_search,annual,android
13360,2026-07-14 02:10:42,paid_search,monthly,ios
13361,2026-08-31 13:19:12,referral,monthly,ios
13362,2026-06-03 01:28:46,influencer,annual,android
13363,2026-03-29 11:18:42,referral,monthly,ios
13364,2026-06-02 00:26:42,referral,annual,ios
13365,2026-07-22 23:22:00,referral,monthly,web
13366,2026-03-07 23:22:03,paid_search,annual,web
13367,2026-08-21 16:09:08,referral,monthly,ios
13368,2026-05-12 07:25:57,paid_search,monthly,ios
13369,2026-07-11 23:30:03,influencer,monthly,ios
13370,2026-06-22 10:30:31,influencer,monthly,ios
13371,2026-06-26 15:33:38,paid_search,monthly,ios
13372,2026-06-07 17:49:06,organic,monthly,android
13373,2026-08-11 06:45:04,paid_search,monthly,web
13374,2026-04-11 06:11:12,organic,monthly,web
13375,2026-07-21 15:00:08,referral,annual,android
13376,2026-08-24 04:52:07,referral,monthly,web
13377,2026-06-11 08:14:01,organic,monthly,android
13378,2026-04-22 20:26:45,organic,monthly,ios
13379,2026-08-20 07:17:26,paid_search,monthly,ios
13380,2026-03-12 06:37:42,organic,monthly,web
13381,2026-04-26 14:16:47,organic,annual,web
13382,2026-05-15 14:13:43,organic,monthly,web
13383,2026-07-29 05:08:44,influencer,monthly,android
13384,2026-06-10 15:56:54,organic,annual,ios
13385,2026-08-07 08:35:11,organic,monthly,ios
13386,2026-04-30 08:45:10,paid_search,monthly,android
13387,2026-04-30 10:10:58,referral,annual,ios
13388,2026-05-13 10:57:38,organic,monthly,android
13389,2026-03-31 10:36:16,paid_search,monthly,ios
13390,2026-05-22 07:54:28,influencer,annual,ios
13391,2026-06-27 17:46:01,organic,monthly,ios
13392,2026-08-13 13:44:15,organic,monthly,android
13393,2026-07-04 23:45:04,organic,annual,ios
13394,2026-07-18 22:54:54,organic,annual,ios
13395,2026-03-23 12:12:33,influencer,monthly,android
13396,2026-08-30 10:01:40,influencer,annual,ios
13397,2026-05-15 17:05:08,influencer,monthly,android
13398,2026-03-28 22:50:59,organic,monthly,ios
13399,2026-08-27 00:17:58,paid_search,monthly,ios
13400,2026-07-19 15:17:18,organic,monthly,ios
13401,2026-06-01 22:39:10,organic,monthly,ios
13402,2026-05-15 10:13:36,organic,monthly,android
13403,2026-08-27 11:27:39,paid_search,annual,android
13404,2026-03-08 12:26:02,influencer,monthly,android
13405,2026-03-17 20:07:07,organic,annual,ios
13406,2026-04-11 09:24:38,referral,monthly,web
13407,2026-06-23 08:34:51,referral,monthly,android
13408,2026-06-07 04:58:09,paid_search,monthly,ios
13409,2026-03-14 01:03:41,organic,annual,web
13410,2026-03-07 23:01:19,organic,monthly,android
13411,2026-05-29 19:14:23,paid_search,monthly,android
13412,2026-05-05 19:01:22,organic,monthly,ios
13413,2026-07-08 02:15:30,paid_search,monthly,ios
13414,2026-04-04 01:04:08,organic,monthly,ios
13415,2026-03-24 00:49:59,paid_search,monthly,ios
13416,2026-03-03 14:06:44,referral,annual,ios
13417,2026-05-13 07:19:13,paid_search,monthly,web
13418,2026-08-23 08:33:14,organic,monthly,ios
13419,2026-03-17 15:33:17,referral,monthly,web
13420,2026-05-27 14:36:35,organic,annual,android
13421,2026-03-10 05:33:50,paid_search,monthly,ios
13422,2026-03-16 06:40:44,referral,monthly,android
13423,2026-07-29 17:53:22,organic,monthly,ios
13424,2026-07-21 07:31:03,organic,annual,ios
13425,2026-03-24 08:11:09,paid_search,monthly,ios
13426,2026-05-15 17:21:13,organic,monthly,android
13427,2026-03-15 19:12:27,referral,monthly,android
13428,2026-05-09 22:10:00,organic,monthly,web
13429,2026-08-31 03:08:14,referral,monthly,ios
13430,2026-07-31 22:08:25,organic,monthly,android
13431,2026-04-20 16:20:09,paid_search,monthly,android
13432,2026-06-08 16:58:27,referral,monthly,android
13433,2026-05-20 18:06:38,referral,monthly,ios
13434,2026-06-06 02:57:48,paid_search,annual,android
13435,2026-05-13 00:12:06,organic,annual,ios
13436,2026-07-06 09:47:21,influencer,monthly,ios
13437,2026-08-15 23:12:06,organic,monthly,web
13438,2026-06-13 01:44:37,paid_search,monthly,ios
13439,2026-08-26 06:14:29,organic,monthly,web
13440,2026-08-08 11:13:59,organic,monthly,android
13441,2026-05-23 14:03:11,influencer,monthly,ios
13442,2026-08-05 08:25:14,influencer,monthly,ios
13443,2026-08-10 22:45:46,organic,monthly,ios
13444,2026-04-03 09:42:15,paid_search,monthly,web
13445,2026-06-25 04:50:03,influencer,annual,android
13446,2026-05-12 00:37:00,influencer,monthly,web
13447,2026-07-26 21:20:40,influencer,annual,ios
13448,2026-07-15 08:51:52,influencer,annual,ios
13449,2026-07-08 17:17:35,referral,annual,web
13450,2026-08-26 09:30:59,organic,monthly,ios
13451,2026-07-20 02:36:26,paid_search,monthly,ios
13452,2026-05-01 09:54:49,influencer,monthly,android
13453,2026-04-27 18:39:46,organic,annual,ios
13454,2026-08-31 08:10:07,paid_search,monthly,ios
13455,2026-07-13 02:55:40,paid_search,monthly,android
13456,2026-08-08 02:46:54,referral,monthly,android
13457,2026-08-26 06:55:22,paid_search,annual,ios
13458,2026-06-01 04:48:07,referral,monthly,ios
13459,2026-03-30 07:07:08,paid_search,monthly,ios
13460,2026-07-02 10:49:41,referral,annual,ios
13461,2026-03-01 20:20:56,referral,monthly,android
13462,2026-06-27 16:28:59,paid_search,annual,ios
13463,2026-04-13 16:49:41,referral,monthly,ios
13464,2026-05-06 07:25:53,referral,monthly,ios
13465,2026-07-05 07:24:57,organic,monthly,ios
13466,2026-04-30 00:14:48,influencer,annual,ios
13467,2026-03-10 22:21:35,organic,monthly,web
13468,2026-06-24 21:38:31,organic,monthly,ios
13469,2026-04-21 05:03:12,paid_search,monthly,web
13470,2026-07-16 21:52:18,paid_search,monthly,web
13471,2026-07-10 03:27:07,organic,annual,web
13472,2026-04-19 15:34:11,paid_search,monthly,web
13473,2026-06-03 08:08:43,paid_search,monthly,web
13474,2026-08-12 08:24:46,influencer,annual,android
13475,2026-08-10 14:49:39,paid_search,monthly,ios
13476,2026-04-02 16:23:04,referral,monthly,web
13477,2026-08-19 19:20:40,referral,annual,web
13478,2026-04-28 07:41:36,organic,monthly,android
13479,2026-05-06 08:23:10,paid_search,annual,android
13480,2026-08-30 00:59:42,referral,annual,ios
13481,2026-06-03 13:28:09,influencer,monthly,android
13482,2026-05-28 11:16:44,organic,monthly,web
13483,2026-07-13 13:16:55,paid_search,annual,android
13484,2026-07-07 07:35:03,organic,annual,ios
13485,2026-06-02 23:37:22,paid_search,monthly,web
13486,2026-03-14 22:16:42,influencer,monthly,web
13487,2026-05-12 00:30:54,paid_search,monthly,ios
13488,2026-03-10 16:19:30,paid_search,monthly,ios
13489,2026-07-30 10:07:02,referral,annual,ios
13490,2026-03-03 07:14:12,referral,monthly,web
13491,2026-05-26 17:42:36,influencer,annual,ios
13492,2026-05-28 06:51:01,organic,monthly,web
13493,2026-06-06 21:16:41,paid_search,monthly,ios
13494,2026-08-18 16:34:47,paid_search,monthly,ios
13495,2026-05-03 23:12:23,organic,monthly,ios
13496,2026-08-27 22:14:47,organic,monthly,ios
13497,2026-06-03 10:32:02,paid_search,annual,android
13498,2026-05-12 05:08:04,paid_search,monthly,web
13499,2026-04-26 02:04:33,influencer,monthly,ios
13500,2026-06-01 22:51:13,paid_search,monthly,ios
13501,2026-07-23 17:01:26,paid_search,monthly,android
13502,2026-07-06 05:55:06,organic,annual,ios
13503,2026-06-03 07:40:50,paid_search,annual,ios
13504,2026-03-21 03:09:56,paid_search,monthly,android
13505,2026-03-02 20:14:00,influencer,monthly,ios
13506,2026-07-16 18:41:02,influencer,monthly,ios
13507,2026-05-28 15:13:01,organic,monthly,ios
13508,2026-07-14 19:53:11,organic,monthly,android
13509,2026-08-23 12:20:28,organic,monthly,ios
13510,2026-05-15 16:36:46,organic,monthly,android
13511,2026-05-05 07:36:37,paid_search,annual,ios
13512,2026-06-22 15:17:48,organic,annual,web
13513,2026-04-18 03:30:40,paid_search,monthly,android
13514,2026-04-29 20:50:07,referral,monthly,android
13515,2026-06-22 13:37:10,paid_search,annual,ios
13516,2026-04-30 14:34:54,referral,monthly,android
13517,2026-08-23 04:51:41,paid_search,monthly,android
13518,2026-04-14 18:06:57,organic,monthly,android
13519,2026-04-11 07:00:36,referral,monthly,ios
13520,2026-04-18 16:03:09,referral,monthly,web
13521,2026-05-06 10:22:30,organic,annual,android
13522,2026-05-24 16:54:06,organic,monthly,web
13523,2026-06-28 17:14:33,organic,monthly,android
13524,2026-04-30 17:32:03,influencer,monthly,ios
13525,2026-04-09 15:59:20,paid_search,annual,android
13526,2026-05-05 19:48:54,organic,monthly,web
13527,2026-03-25 08:47:34,referral,monthly,ios
13528,2026-06-20 23:08:03,referral,monthly,android
13529,2026-03-21 12:22:21,influencer,monthly,ios
13530,2026-04-11 17:13:23,organic,monthly,web
13531,2026-04-29 13:08:35,organic,monthly,android
13532,2026-05-29 09:34:01,paid_search,monthly,web
13533,2026-07-24 16:21:30,paid_search,annual,android
13534,2026-04-21 03:08:38,paid_search,monthly,android
13535,2026-08-09 15:55:56,referral,annual,android
13536,2026-05-14 22:08:28,paid_search,monthly,android
13537,2026-05-11 18:55:09,organic,monthly,ios
13538,2026-08-09 16:21:56,influencer,monthly,web
13539,2026-07-30 06:48:34,referral,monthly,android
13540,2026-08-26 12:24:05,referral,annual,web
13541,2026-04-18 03:42:52,influencer,monthly,android
13542,2026-04-06 08:57:41,referral,monthly,ios
13543,2026-03-19 03:27:45,influencer,monthly,ios
13544,2026-06-11 06:16:17,organic,monthly,web
13545,2026-06-12 02:06:16,organic,monthly,ios
13546,2026-08-03 16:31:07,referral,monthly,web
13547,2026-08-18 20:24:02,paid_search,monthly,android
13548,2026-07-21 17:26:38,referral,monthly,web
13549,2026-05-26 08:45:37,referral,annual,android
13550,2026-03-21 06:46:09,paid_search,annual,android
13551,2026-03-30 03:02:19,referral,monthly,ios
13552,2026-05-30 06:13:58,referral,monthly,ios
13553,2026-04-25 12:27:39,influencer,monthly,web
13554,2026-08-15 20:34:00,referral,monthly,android
13555,2026-08-12 13:24:17,organic,monthly,web
13556,2026-07-25 22:14:05,paid_search,annual,web
13557,2026-03-17 14:16:30,paid_search,annual,ios
13558,2026-08-25 20:45:47,referral,annual,android
13559,2026-04-13 02:37:39,referral,annual,android
13560,2026-05-27 04:22:20,organic,monthly,android
13561,2026-06-02 19:00:54,paid_search,monthly,web
13562,2026-08-25 00:16:16,organic,monthly,android
13563,2026-07-15 17:01:19,paid_search,monthly,ios
13564,2026-07-20 21:21:21,organic,annual,web
13565,2026-08-19 06:55:06,paid_search,monthly,android
13566,2026-05-06 01:17:50,paid_search,monthly,web
13567,2026-07-12 05:53:23,organic,monthly,ios
13568,2026-03-16 21:07:25,influencer,annual,web
13569,2026-06-10 12:17:41,paid_search,monthly,android
13570,2026-08-15 13:27:46,paid_search,monthly,android
13571,2026-07-17 15:41:43,paid_search,monthly,web
13572,2026-07-20 08:55:55,paid_search,monthly,android
13573,2026-07-30 06:47:18,organic,monthly,web
13574,2026-07-14 05:16:27,referral,monthly,web
13575,2026-03-21 19:50:44,influencer,annual,web
13576,2026-04-07 23:41:51,paid_search,monthly,web
13577,2026-04-04 23:50:35,influencer,monthly,ios
13578,2026-03-01 20:20:23,paid_search,monthly,ios
13579,2026-06-26 15:48:17,paid_search,monthly,ios
13580,2026-03-25 05:47:55,paid_search,monthly,ios
13581,2026-05-27 19:45:15,paid_search,monthly,web
13582,2026-07-15 13:32:09,organic,monthly,android
13583,2026-04-28 16:53:34,referral,monthly,ios
13584,2026-06-03 03:43:03,paid_search,annual,android
13585,2026-07-26 21:15:04,paid_search,annual,android
13586,2026-07-30 20:32:34,paid_search,monthly,web
13587,2026-06-26 04:30:39,organic,monthly,web
13588,2026-07-31 02:14:30,referral,monthly,web
13589,2026-08-12 11:15:28,paid_search,monthly,web
13590,2026-06-22 01:17:25,referral,monthly,android
13591,2026-03-30 01:06:08,organic,monthly,ios
13592,2026-08-02 09:51:15,paid_search,monthly,android
13593,2026-08-17 02:22:34,paid_search,monthly,android
13594,2026-07-04 16:56:19,influencer,monthly,android
13595,2026-07-14 15:19:01,influencer,monthly,ios
13596,2026-05-25 04:43:34,organic,annual,android
13597,2026-06-29 10:44:24,paid_search,monthly,web
13598,2026-08-04 02:49:40,referral,monthly,ios
13599,2026-06-25 11:37:18,referral,monthly,ios
13600,2026-04-07 04:23:12,organic,monthly,web
13601,2026-04-18 12:28:38,paid_search,monthly,android
13602,2026-05-07 23:06:40,organic,annual,android
13603,2026-04-02 09:27:46,paid_search,monthly,android
13604,2026-06-19 08:48:26,referral,monthly,android
13605,2026-07-27 13:15:31,referral,monthly,android
13606,2026-07-30 11:38:26,paid_search,monthly,android
13607,2026-07-16 16:51:14,organic,annual,web
13608,2026-07-04 17:16:26,organic,monthly,android
13609,2026-04-14 02:12:47,organic,monthly,android
13610,2026-07-20 09:52:11,paid_search,monthly,android
13611,2026-05-18 21:26:27,paid_search,monthly,android
13612,2026-03-31 16:47:43,organic,annual,android
13613,2026-04-06 09:52:40,organic,monthly,android
13614,2026-05-26 05:52:03,referral,annual,ios
13615,2026-08-17 11:37:09,paid_search,monthly,android
13616,2026-06-05 21:11:53,paid_search,monthly,android
13617,2026-06-25 07:26:08,paid_search,annual,ios
13618,2026-06-28 20:13:41,influencer,annual,ios
13619,2026-04-14 13:52:36,organic,annual,android
13620,2026-06-25 10:51:39,referral,monthly,android
13621,2026-06-26 00:08:49,paid_search,annual,web
13622,2026-05-12 15:12:14,organic,monthly,android
13623,2026-05-31 17:48:44,influencer,annual,ios
13624,2026-07-14 09:21:45,influencer,monthly,web
13625,2026-07-04 14:52:52,organic,monthly,web
13626,2026-05-02 09:18:45,influencer,monthly,web
13627,2026-04-28 06:58:10,paid_search,monthly,ios
13628,2026-05-25 19:23:07,organic,monthly,android
13629,2026-07-30 07:44:43,organic,monthly,android
13630,2026-05-04 22:03:44,paid_search,annual,web
13631,2026-07-31 06:40:14,referral,monthly,ios
13632,2026-08-30 17:09:53,organic,monthly,web
13633,2026-05-25 23:48:00,paid_search,monthly,android
13634,2026-08-07 10:08:56,organic,monthly,ios
13635,2026-07-20 04:27:29,organic,annual,android
13636,2026-03-09 10:12:29,paid_search,annual,ios
13637,2026-06-07 13:30:11,organic,monthly,web
13638,2026-06-17 01:35:02,organic,annual,android
13639,2026-04-20 05:26:36,paid_search,monthly,ios
13640,2026-03-11 17:36:00,paid_search,annual,ios
13641,2026-06-12 02:03:26,organic,monthly,android
13642,2026-06-28 21:50:42,paid_search,monthly,web
13643,2026-06-14 08:04:33,referral,monthly,android
13644,2026-07-04 14:17:40,influencer,annual,ios
13645,2026-03-07 13:59:54,organic,monthly,android
13646,2026-08-02 04:31:56,paid_search,monthly,android
13647,2026-07-28 23:03:03,influencer,monthly,web
13648,2026-04-19 16:44:19,referral,monthly,ios
13649,2026-04-19 18:40:09,organic,annual,web
13650,2026-06-20 01:17:42,paid_search,monthly,web
13651,2026-03-15 07:36:09,referral,monthly,android
13652,2026-08-12 06:35:59,paid_search,monthly,ios
13653,2026-08-06 13:33:04,paid_search,annual,ios
13654,2026-08-12 01:11:57,paid_search,monthly,android
13655,2026-04-08 21:40:41,influencer,monthly,android
13656,2026-08-07 16:25:45,influencer,annual,android
13657,2026-07-05 10:15:34,paid_search,annual,web
13658,2026-07-15 13:10:41,paid_search,monthly,ios
13659,2026-06-21 19:32:46,organic,monthly,ios
13660,2026-03-20 16:28:33,paid_search,annual,ios
13661,2026-07-31 03:26:01,organic,monthly,ios
13662,2026-06-21 22:46:14,organic,monthly,android
13663,2026-08-04 05:15:11,influencer,annual,ios
13664,2026-07-15 18:26:15,organic,monthly,ios
13665,2026-08-04 15:30:28,influencer,monthly,android
13666,2026-08-05 13:00:40,influencer,annual,ios
13667,2026-06-05 07:50:16,organic,monthly,ios
13668,2026-03-19 10:49:38,paid_search,annual,android
13669,2026-08-13 03:11:12,influencer,monthly,ios
13670,2026-08-17 18:34:32,organic,monthly,android
13671,2026-05-22 03:51:26,influencer,monthly,android
13672,2026-03-10 14:58:08,referral,monthly,ios
13673,2026-07-29 22:51:00,paid_search,monthly,android
13674,2026-07-11 04:53:24,referral,annual,ios
13675,2026-03-28 13:45:01,referral,annual,ios
13676,2026-06-19 16:37:37,referral,annual,android
13677,2026-08-03 02:42:06,paid_search,annual,ios
13678,2026-07-30 01:38:59,paid_search,monthly,android
13679,2026-03-07 01:43:47,organic,monthly,ios
13680,2026-08-24 06:06:51,organic,annual,ios
13681,2026-06-05 08:17:43,paid_search,monthly,ios
13682,2026-03-05 01:35:47,organic,annual,ios
13683,2026-08-09 15:54:21,paid_search,monthly,web
13684,2026-06-26 13:34:09,referral,monthly,android
13685,2026-03-23 16:33:23,paid_search,monthly,ios
13686,2026-05-16 17:45:14,organic,annual,android
13687,2026-03-26 05:32:34,referral,annual,android
13688,2026-07-16 01:00:20,paid_search,monthly,android
13689,2026-06-05 19:50:20,paid_search,monthly,ios
13690,2026-07-14 15:33:58,paid_search,annual,web
13691,2026-06-12 09:25:49,organic,monthly,ios
13692,2026-08-28 17:24:07,paid_search,monthly,web
13693,2026-04-25 02:06:38,organic,monthly,web
13694,2026-08-12 23:33:25,paid_search,monthly,ios
13695,2026-04-01 04:45:17,organic,annual,ios
13696,2026-06-26 13:51:31,referral,annual,android
13697,2026-07-22 02:26:37,paid_search,monthly,ios
13698,2026-06-21 03:49:09,influencer,monthly,ios
13699,2026-03-22 14:18:58,influencer,monthly,web
13700,2026-05-07 21:39:13,organic,annual,ios
13701,2026-05-02 02:28:15,organic,monthly,android
13702,2026-06-09 03:12:35,organic,monthly,web
13703,2026-03-28 10:05:53,referral,monthly,android
13704,2026-04-26 15:53:19,paid_search,monthly,android
13705,2026-07-21 20:52:48,referral,monthly,ios
13706,2026-08-28 17:01:49,referral,monthly,ios
13707,2026-05-20 06:37:01,influencer,monthly,android
13708,2026-08-28 14:02:31,organic,monthly,ios
13709,2026-04-25 21:20:47,paid_search,monthly,android
13710,2026-08-09 03:53:27,paid_search,monthly,ios
13711,2026-08-07 09:14:47,organic,monthly,web
13712,2026-04-25 16:04:57,paid_search,monthly,web
13713,2026-08-11 03:32:19,organic,monthly,web
13714,2026-05-19 22:56:53,referral,monthly,ios
13715,2026-05-05 02:55:34,paid_search,monthly,android
13716,2026-04-22 06:15:04,organic,annual,android
13717,2026-08-21 19:52:19,organic,monthly,ios
13718,2026-06-21 23:37:28,paid_search,monthly,ios
13719,2026-04-19 18:21:42,organic,monthly,ios
13720,2026-03-12 14:39:44,referral,monthly,android
13721,2026-06-06 16:07:13,referral,monthly,android
13722,2026-03-22 21:52:21,paid_search,monthly,ios
13723,2026-04-07 07:22:32,organic,monthly,web
13724,2026-07-10 04:26:12,referral,monthly,web
13725,2026-06-11 14:38:32,organic,monthly,ios
13726,2026-08-20 10:31:23,referral,monthly,ios
13727,2026-03-20 01:13:03,referral,annual,web
13728,2026-07-07 05:35:19,referral,monthly,android
13729,2026-08-20 19:37:43,referral,annual,android
13730,2026-08-11 13:55:10,organic,monthly,android
13731,2026-04-07 01:24:19,organic,monthly,web
13732,2026-08-21 22:43:04,influencer,annual,android
13733,2026-06-04 15:18:34,referral,monthly,android
13734,2026-08-30 05:53:30,organic,monthly,web
13735,2026-06-26 02:55:45,influencer,monthly,ios
13736,2026-05-22 07:07:29,referral,monthly,ios
13737,2026-05-26 17:17:01,paid_search,annual,android
13738,2026-04-12 06:52:24,influencer,annual,android
13739,2026-06-06 17:01:50,referral,monthly,ios
13740,2026-08-23 21:13:42,referral,monthly,ios
13741,2026-06-07 16:51:32,paid_search,monthly,android
13742,2026-06-05 08:01:05,paid_search,annual,android
13743,2026-07-04 09:40:57,paid_search,monthly,ios
13744,2026-05-24 19:44:33,paid_search,monthly,web
13745,2026-04-23 03:57:40,paid_search,monthly,web
13746,2026-07-12 06:54:58,organic,annual,web
13747,2026-08-04 14:53:39,paid_search,monthly,android
13748,2026-08-01 10:15:55,referral,monthly,android
13749,2026-07-20 01:14:48,organic,monthly,ios
13750,2026-05-29 13:58:28,paid_search,annual,ios
13751,2026-06-12 05:10:25,referral,monthly,ios
13752,2026-08-05 07:58:15,influencer,annual,android
13753,2026-07-30 06:53:56,organic,monthly,ios
13754,2026-08-12 08:35:10,paid_search,monthly,ios
13755,2026-07-28 22:05:24,referral,monthly,web
13756,2026-04-02 17:39:27,paid_search,monthly,ios
13757,2026-03-15 10:02:51,referral,annual,ios
13758,2026-03-26 23:09:40,paid_search,monthly,ios
13759,2026-06-20 15:57:21,paid_search,annual,android
13760,2026-08-25 06:43:07,influencer,monthly,web
13761,2026-08-24 22:18:06,organic,monthly,web
13762,2026-08-14 11:23:39,organic,monthly,android
13763,2026-04-30 03:58:01,organic,monthly,web
13764,2026-06-17 21:29:38,influencer,monthly,ios
13765,2026-06-05 20:38:43,influencer,monthly,ios
13766,2026-05-30 18:04:53,paid_search,monthly,web
13767,2026-06-06 21:11:25,referral,monthly,ios
13768,2026-03-26 19:59:59,referral,monthly,android
13769,2026-07-28 18:11:20,paid_search,annual,android
13770,2026-07-07 13:31:12,organic,monthly,ios
13771,2026-07-19 21:14:01,influencer,monthly,android
13772,2026-08-03 01:39:25,paid_search,annual,ios
13773,2026-03-27 21:34:16,referral,monthly,web
13774,2026-04-29 16:05:09,paid_search,monthly,ios
13775,2026-04-01 07:37:50,paid_search,monthly,ios
13776,2026-07-24 14:53:53,referral,monthly,android
13777,2026-06-30 17:43:26,influencer,monthly,android
13778,2026-08-12 04:38:50,paid_search,annual,ios
13779,2026-05-09 11:57:21,organic,monthly,ios
13780,2026-08-05 11:57:14,influencer,annual,android
13781,2026-05-05 01:51:36,referral,monthly,android
13782,2026-07-03 07:10:17,paid_search,annual,android
13783,2026-03-22 05:29:56,organic,monthly,android
13784,2026-08-23 02:12:47,paid_search,annual,web
13785,2026-03-23 07:37:30,referral,monthly,ios
13786,2026-08-23 20:08:15,influencer,annual,web
13787,2026-04-29 23:53:13,referral,annual,android
13788,2026-06-01 08:03:40,paid_search,monthly,web
13789,2026-05-15 00:51:13,paid_search,monthly,ios
13790,2026-07-04 06:12:32,paid_search,monthly,ios
13791,2026-07-18 04:45:09,referral,monthly,ios
13792,2026-05-21 19:55:55,organic,monthly,ios
13793,2026-06-23 18:07:08,organic,annual,android
13794,2026-08-23 07:07:02,organic,monthly,android
13795,2026-05-22 06:49:13,organic,monthly,android
13796,2026-05-07 21:15:08,paid_search,annual,ios
13797,2026-04-09 13:54:47,organic,monthly,ios
13798,2026-07-17 05:36:01,organic,monthly,web
13799,2026-07-19 11:47:43,paid_search,monthly,web
13800,2026-06-06 15:31:47,paid_search,annual,ios
13801,2026-07-11 23:11:47,referral,monthly,android
13802,2026-05-26 11:53:57,paid_search,monthly,web
13803,2026-06-25 21:15:16,referral,monthly,android
13804,2026-03-22 13:55:30,paid_search,monthly,android
13805,2026-05-15 05:43:36,organic,monthly,android
13806,2026-03-13 21:03:00,paid_search,monthly,ios
13807,2026-06-21 05:36:35,influencer,monthly,ios
13808,2026-04-15 16:56:56,organic,monthly,android
13809,2026-08-13 08:45:54,organic,monthly,ios
13810,2026-03-28 23:29:54,paid_search,annual,android
13811,2026-03-28 10:22:09,referral,monthly,ios
13812,2026-05-25 08:15:23,referral,monthly,android
13813,2026-08-27 10:45:07,organic,monthly,ios
13814,2026-03-18 08:43:15,referral,monthly,ios
13815,2026-08-16 11:42:12,referral,annual,ios
13816,2026-08-20 20:41:12,paid_search,monthly,android
13817,2026-07-07 02:25:27,influencer,monthly,android
13818,2026-03-20 23:14:40,paid_search,monthly,ios
13819,2026-08-17 03:49:57,organic,monthly,android
13820,2026-06-22 01:21:48,influencer,monthly,android
13821,2026-05-05 17:17:38,organic,annual,ios
13822,2026-04-04 17:02:56,paid_search,monthly,web
13823,2026-06-26 13:33:48,influencer,monthly,android
13824,2026-06-29 23:49:58,paid_search,annual,web
13825,2026-06-05 15:09:47,organic,monthly,ios
13826,2026-06-08 02:12:52,organic,monthly,android
13827,2026-08-31 19:32:55,influencer,annual,web
13828,2026-06-18 21:17:28,paid_search,annual,ios
13829,2026-06-16 10:20:25,referral,annual,ios
13830,2026-07-24 18:05:32,referral,monthly,ios
13831,2026-07-27 23:51:32,referral,monthly,web
13832,2026-03-30 03:42:47,organic,monthly,ios
13833,2026-03-01 14:42:39,organic,monthly,android
13834,2026-07-09 20:58:05,paid_search,monthly,android
13835,2026-04-06 01:52:42,influencer,monthly,android
13836,2026-07-08 21:14:17,paid_search,monthly,web
13837,2026-08-23 10:45:27,paid_search,monthly,android
13838,2026-06-15 10:25:14,paid_search,monthly,ios
13839,2026-06-05 19:08:31,paid_search,monthly,web
13840,2026-05-20 00:32:44,referral,monthly,ios
13841,2026-05-30 01:01:30,referral,monthly,ios
13842,2026-08-29 05:51:15,paid_search,monthly,ios
13843,2026-07-09 02:25:09,referral,annual,ios
13844,2026-08-06 06:01:09,influencer,monthly,android
13845,2026-06-21 17:23:44,organic,annual,android
13846,2026-04-18 14:55:02,organic,monthly,web
13847,2026-07-14 12:33:59,paid_search,monthly,ios
13848,2026-03-22 05:10:24,organic,monthly,android
13849,2026-08-04 07:20:25,paid_search,annual,android
13850,2026-07-01 17:52:44,paid_search,monthly,android
13851,2026-04-01 15:43:41,referral,monthly,web
13852,2026-05-04 18:55:27,referral,monthly,android
13853,2026-04-05 16:00:51,paid_search,monthly,ios
13854,2026-08-09 16:20:55,paid_search,annual,android
13855,2026-08-01 12:51:07,influencer,annual,android
13856,2026-04-25 19:00:15,organic,monthly,ios
13857,2026-05-22 23:07:16,organic,annual,android
13858,2026-04-16 05:22:20,referral,annual,android
13859,2026-06-19 01:41:46,organic,annual,ios
13860,2026-08-06 05:18:42,organic,monthly,ios
13861,2026-04-27 19:36:26,influencer,monthly,ios
13862,2026-08-04 00:23:41,organic,monthly,web
13863,2026-03-09 16:38:13,organic,monthly,android
13864,2026-06-04 07:48:35,paid_search,annual,web
13865,2026-04-03 22:28:21,referral,monthly,android
13866,2026-06-08 10:05:29,influencer,monthly,ios
13867,2026-07-10 02:46:34,referral,monthly,android
13868,2026-07-16 18:23:50,organic,monthly,android
13869,2026-06-29 03:06:15,paid_search,annual,web
13870,2026-08-09 20:26:35,organic,monthly,ios
13871,2026-05-25 05:00:29,paid_search,monthly,web
13872,2026-06-21 05:32:09,influencer,annual,android
13873,2026-03-18 02:54:57,organic,monthly,android
13874,2026-04-20 15:44:01,organic,annual,web
13875,2026-07-24 15:59:09,organic,monthly,ios
13876,2026-06-27 01:50:22,paid_search,monthly,android
13877,2026-03-14 12:47:00,organic,monthly,ios
13878,2026-07-31 11:04:42,organic,monthly,android
13879,2026-07-31 02:20:56,paid_search,monthly,ios
13880,2026-08-16 16:00:19,paid_search,monthly,web
13881,2026-08-25 21:39:20,paid_search,monthly,web
13882,2026-06-26 16:12:28,paid_search,monthly,android
13883,2026-07-06 06:09:48,referral,monthly,web
13884,2026-05-13 19:34:56,referral,monthly,android
13885,2026-08-13 03:03:50,organic,annual,android
13886,2026-06-04 08:03:38,paid_search,annual,android
13887,2026-07-17 06:45:47,paid_search,monthly,android
13888,2026-08-23 06:23:51,organic,monthly,android
13889,2026-07-24 22:37:28,referral,annual,web
13890,2026-08-15 23:49:23,organic,monthly,ios
13891,2026-06-08 04:30:52,referral,annual,ios
13892,2026-08-07 03:21:28,organic,monthly,ios
13893,2026-07-15 22:03:49,referral,annual,ios
13894,2026-07-12 21:02:17,paid_search,monthly,ios
13895,2026-08-07 17:08:30,paid_search,monthly,ios
13896,2026-03-13 18:24:31,referral,monthly,ios
13897,2026-05-29 07:23:16,organic,annual,ios
13898,2026-07-18 06:09:08,referral,monthly,android
13899,2026-05-10 03:21:15,paid_search,annual,ios
13900,2026-07-18 10:49:11,referral,monthly,web
13901,2026-03-28 23:48:37,organic,monthly,ios
13902,2026-05-03 11:30:00,organic,monthly,ios
13903,2026-06-19 23:37:54,influencer,monthly,android
13904,2026-08-26 04:41:33,influencer,monthly,web
13905,2026-03-21 06:32:13,influencer,monthly,android
13906,2026-05-29 05:46:58,organic,monthly,android
13907,2026-06-25 19:50:02,organic,monthly,android
13908,2026-08-26 00:09:30,organic,monthly,ios
13909,2026-03-03 04:27:43,influencer,monthly,ios
13910,2026-05-08 19:43:43,paid_search,monthly,ios
13911,2026-08-30 00:11:24,organic,monthly,android
13912,2026-05-21 06:50:55,paid_search,monthly,ios
13913,2026-08-16 17:57:02,paid_search,monthly,ios
13914,2026-05-30 21:44:55,paid_search,monthly,ios
13915,2026-06-13 22:26:33,paid_search,monthly,web
13916,2026-08-01 06:22:35,organic,monthly,ios
13917,2026-05-23 10:44:13,paid_search,annual,android
13918,2026-08-06 07:38:49,paid_search,monthly,web
13919,2026-08-08 16:51:10,referral,monthly,android
13920,2026-08-24 05:42:56,paid_search,monthly,ios
13921,2026-03-07 05:59:46,referral,monthly,ios
13922,2026-05-23 16:26:52,referral,monthly,android
13923,2026-06-26 23:47:47,paid_search,monthly,web
13924,2026-05-01 03:39:32,paid_search,monthly,android
13925,2026-04-13 23:52:46,organic,annual,ios
13926,2026-06-27 01:01:55,referral,monthly,android
13927,2026-03-03 20:13:02,referral,monthly,android
13928,2026-06-18 02:19:08,organic,annual,android
13929,2026-08-16 01:33:18,referral,annual,android
13930,2026-07-15 19:28:04,referral,annual,android
13931,2026-07-16 03:06:04,organic,monthly,android
13932,2026-07-20 12:54:04,organic,monthly,android
13933,2026-03-15 14:39:17,paid_search,monthly,android
13934,2026-05-21 07:06:33,paid_search,monthly,ios
13935,2026-04-29 19:28:09,paid_search,annual,web
13936,2026-04-17 21:04:37,organic,monthly,android
13937,2026-03-25 09:21:27,influencer,monthly,android
13938,2026-03-10 15:38:39,influencer,monthly,ios
13939,2026-07-28 11:43:09,influencer,annual,android
13940,2026-04-10 02:38:41,organic,monthly,android
13941,2026-08-03 06:22:58,referral,monthly,android
13942,2026-07-17 08:09:51,paid_search,monthly,ios
13943,2026-07-16 09:14:28,paid_search,monthly,web
13944,2026-06-23 19:10:57,paid_search,monthly,ios
13945,2026-06-11 07:21:20,organic,annual,web
13946,2026-04-07 17:31:14,organic,monthly,android
13947,2026-08-01 09:00:20,paid_search,monthly,web
13948,2026-08-08 11:24:11,referral,annual,android
13949,2026-07-03 02:59:33,organic,monthly,android
13950,2026-07-15 09:50:38,organic,annual,ios
13951,2026-03-04 14:51:07,organic,monthly,web
13952,2026-08-02 21:34:39,referral,monthly,android
13953,2026-03-01 12:34:43,referral,monthly,android
13954,2026-07-06 06:08:48,paid_search,monthly,ios
13955,2026-07-29 08:05:17,referral,monthly,web
13956,2026-06-24 22:33:31,paid_search,annual,android
13957,2026-08-22 17:48:52,organic,monthly,android
13958,2026-08-13 14:01:36,influencer,annual,ios
13959,2026-04-06 02:05:07,organic,monthly,ios
13960,2026-04-10 17:33:32,paid_search,monthly,android
13961,2026-03-09 04:43:57,influencer,monthly,web
13962,2026-08-13 18:24:39,organic,monthly,ios
13963,2026-03-12 19:28:10,influencer,monthly,web
13964,2026-07-08 20:45:47,referral,monthly,android
13965,2026-06-25 18:23:46,influencer,monthly,ios
13966,2026-05-20 02:33:08,paid_search,monthly,ios
13967,2026-03-15 14:00:41,organic,monthly,ios
13968,2026-05-14 01:31:56,referral,monthly,web
13969,2026-04-04 03:53:44,influencer,monthly,android
13970,2026-03-03 06:42:44,paid_search,monthly,ios
13971,2026-05-11 20:04:18,organic,monthly,ios
13972,2026-04-02 15:30:42,paid_search,annual,web
13973,2026-06-23 04:49:21,organic,annual,web
13974,2026-03-23 02:37:09,referral,monthly,web
13975,2026-08-21 18:51:14,organic,monthly,android
13976,2026-05-04 19:30:17,organic,monthly,ios
13977,2026-04-13 13:45:44,organic,monthly,ios
13978,2026-08-21 16:14:05,organic,monthly,ios
13979,2026-04-11 21:08:56,paid_search,monthly,ios
13980,2026-03-13 00:58:22,influencer,monthly,ios
13981,2026-06-18 19:39:54,referral,monthly,ios
13982,2026-06-24 02:40:16,influencer,monthly,android
13983,2026-06-24 01:57:19,organic,annual,android
13984,2026-05-23 23:12:40,paid_search,annual,ios
13985,2026-07-22 23:30:46,organic,monthly,web
13986,2026-08-23 17:27:48,influencer,monthly,ios
13987,2026-07-22 07:01:26,paid_search,monthly,web
13988,2026-07-19 14:31:22,paid_search,monthly,ios
13989,2026-05-16 05:22:56,paid_search,annual,ios
13990,2026-03-14 12:57:35,organic,monthly,ios
13991,2026-06-11 06:03:43,organic,monthly,android
13992,2026-07-11 21:11:06,organic,annual,ios
13993,2026-04-23 20:34:52,paid_search,monthly,ios
13994,2026-05-15 21:13:24,paid_search,monthly,ios
13995,2026-05-31 08:22:02,paid_search,monthly,web
13996,2026-03-15 08:06:16,paid_search,annual,android
13997,2026-03-13 05:54:07,paid_search,annual,android
13998,2026-03-04 10:19:27,organic,monthly,ios
13999,2026-08-04 13:27:59,influencer,monthly,web
14000,2026-05-02 18:59:44,referral,monthly,web
14001,2026-06-19 09:47:08,referral,monthly,ios
14002,2026-08-15 05:37:55,paid_search,monthly,android
14003,2026-03-18 15:39:40,paid_search,annual,android
14004,2026-07-19 18:09:17,referral,annual,ios
14005,2026-06-23 14:32:46,organic,monthly,android
14006,2026-06-16 22:02:44,referral,monthly,android
14007,2026-07-29 13:08:21,influencer,monthly,ios
14008,2026-08-14 13:14:05,organic,monthly,android
14009,2026-04-05 02:14:10,influencer,monthly,ios
14010,2026-05-09 08:39:17,organic,monthly,android
14011,2026-07-21 09:54:34,influencer,monthly,ios
14012,2026-04-27 03:10:27,paid_search,annual,android
14013,2026-06-08 08:45:41,organic,monthly,android
14014,2026-06-09 05:33:48,influencer,monthly,web
14015,2026-07-14 20:54:55,influencer,monthly,web
14016,2026-03-14 20:07:23,paid_search,annual,android
14017,2026-06-04 13:58:13,referral,annual,android
14018,2026-06-05 00:07:04,organic,annual,web
14019,2026-06-19 17:13:42,paid_search,monthly,ios
14020,2026-07-02 11:17:05,paid_search,annual,android
14021,2026-07-22 11:54:03,referral,annual,android
14022,2026-08-27 17:25:58,organic,monthly,web
14023,2026-04-16 01:41:44,paid_search,annual,android
14024,2026-03-01 17:59:11,influencer,annual,ios
14025,2026-08-16 23:17:41,influencer,monthly,ios
14026,2026-05-14 19:55:41,organic,annual,android
14027,2026-08-23 18:54:16,paid_search,monthly,ios
14028,2026-03-21 05:30:02,organic,monthly,ios
14029,2026-07-27 13:29:17,referral,monthly,web
14030,2026-05-25 16:48:13,influencer,monthly,android
14031,2026-08-04 10:30:39,paid_search,monthly,web
14032,2026-04-26 20:48:45,referral,monthly,android
14033,2026-04-13 12:11:50,paid_search,annual,ios
14034,2026-07-09 23:31:21,referral,annual,web
14035,2026-04-26 05:52:25,influencer,monthly,android
14036,2026-08-27 10:45:33,organic,monthly,web
14037,2026-04-03 13:05:25,referral,monthly,web
14038,2026-06-07 19:34:10,paid_search,annual,android
14039,2026-05-24 16:56:00,paid_search,annual,android
14040,2026-08-26 23:04:49,organic,monthly,ios
14041,2026-04-30 22:22:27,referral,annual,android
14042,2026-03-26 05:26:18,referral,annual,android
14043,2026-08-17 00:01:36,paid_search,monthly,web
14044,2026-05-26 21:15:37,organic,monthly,android
14045,2026-06-12 02:00:29,referral,monthly,android
14046,2026-08-14 18:03:11,referral,annual,ios
14047,2026-04-21 04:15:32,paid_search,annual,ios
14048,2026-08-31 14:47:48,influencer,annual,android
14049,2026-06-24 19:42:49,influencer,monthly,android
14050,2026-08-16 19:21:47,organic,monthly,android
14051,2026-06-08 02:37:21,paid_search,monthly,ios
14052,2026-03-28 04:37:20,influencer,annual,android
14053,2026-07-02 17:47:09,paid_search,monthly,ios
14054,2026-05-30 06:31:07,paid_search,monthly,ios
14055,2026-08-04 08:35:30,organic,monthly,ios
14056,2026-05-12 15:17:56,paid_search,annual,ios
14057,2026-06-20 09:44:57,paid_search,monthly,ios
14058,2026-05-31 17:06:17,organic,annual,android
14059,2026-06-17 15:08:59,paid_search,monthly,android
14060,2026-04-26 00:34:42,referral,monthly,android
14061,2026-04-19 20:59:38,influencer,monthly,android
14062,2026-08-14 11:45:00,organic,monthly,android
14063,2026-08-26 15:45:54,organic,monthly,ios
14064,2026-05-19 16:05:56,paid_search,monthly,android
14065,2026-04-03 17:25:13,influencer,monthly,web
14066,2026-07-25 20:54:37,organic,monthly,android
14067,2026-05-10 23:33:21,organic,monthly,ios
14068,2026-05-21 20:23:23,paid_search,annual,ios
14069,2026-07-11 07:51:32,organic,monthly,ios
14070,2026-08-22 17:54:04,paid_search,monthly,web
14071,2026-03-21 19:32:03,organic,monthly,ios
14072,2026-04-24 20:27:55,paid_search,monthly,web
14073,2026-07-02 10:21:51,paid_search,monthly,web
14074,2026-04-20 20:24:54,influencer,monthly,web
14075,2026-06-23 08:16:10,paid_search,annual,android
14076,2026-06-22 11:27:34,paid_search,monthly,ios
14077,2026-03-28 01:39:46,influencer,monthly,web
14078,2026-03-13 02:57:15,paid_search,monthly,web
14079,2026-08-13 01:30:27,organic,monthly,android
14080,2026-04-05 20:06:07,referral,annual,android
14081,2026-08-11 00:51:32,organic,monthly,android
14082,2026-08-29 04:56:59,paid_search,monthly,ios
14083,2026-04-09 06:22:52,paid_search,monthly,android
14084,2026-04-01 05:11:03,paid_search,monthly,web
14085,2026-05-27 06:24:30,influencer,monthly,android
14086,2026-07-20 17:08:13,paid_search,monthly,android
14087,2026-05-25 09:48:50,organic,monthly,android
14088,2026-04-11 04:11:23,paid_search,monthly,web
14089,2026-07-29 09:26:32,paid_search,monthly,android
14090,2026-03-05 23:03:06,influencer,monthly,web
14091,2026-03-01 17:09:08,referral,monthly,web
14092,2026-05-31 05:00:20,paid_search,annual,web
14093,2026-04-22 07:24:15,organic,annual,ios
14094,2026-07-08 04:25:42,paid_search,monthly,android
14095,2026-07-19 15:48:35,referral,annual,android
14096,2026-08-18 06:25:33,organic,annual,ios
14097,2026-06-09 13:32:45,referral,monthly,ios
14098,2026-05-16 06:50:45,paid_search,monthly,ios
14099,2026-04-20 02:10:28,organic,monthly,web
14100,2026-07-27 23:39:22,referral,monthly,android
14101,2026-08-23 16:20:15,paid_search,monthly,ios
14102,2026-07-22 04:35:27,paid_search,monthly,web
14103,2026-07-10 08:40:42,paid_search,monthly,web
14104,2026-08-19 23:48:08,organic,monthly,ios
14105,2026-06-02 18:01:59,referral,monthly,ios
14106,2026-06-17 16:12:27,influencer,monthly,web
14107,2026-03-01 12:13:42,referral,monthly,ios
14108,2026-03-25 09:11:03,influencer,monthly,ios
14109,2026-07-26 06:28:01,paid_search,monthly,android
14110,2026-04-22 10:46:48,referral,monthly,ios
14111,2026-05-01 08:16:24,paid_search,monthly,ios
14112,2026-04-12 07:19:11,organic,monthly,web
14113,2026-07-14 20:51:59,paid_search,monthly,ios
14114,2026-07-02 09:42:22,paid_search,monthly,android
14115,2026-05-01 19:25:53,paid_search,annual,ios
14116,2026-04-02 10:52:40,paid_search,monthly,ios
14117,2026-08-14 14:18:16,organic,monthly,ios
14118,2026-06-19 00:16:36,influencer,monthly,ios
14119,2026-05-20 12:05:42,paid_search,monthly,ios
14120,2026-03-30 17:33:38,influencer,annual,ios
14121,2026-04-23 05:09:01,paid_search,monthly,ios
14122,2026-05-09 02:02:41,organic,monthly,ios
14123,2026-05-06 05:02:42,organic,annual,ios
14124,2026-06-07 01:13:29,organic,annual,android
14125,2026-08-18 23:31:43,referral,monthly,ios
14126,2026-04-15 09:27:02,referral,monthly,android
14127,2026-04-06 08:31:40,organic,monthly,android
14128,2026-07-17 00:11:41,referral,monthly,android
14129,2026-08-25 14:03:35,referral,annual,ios
14130,2026-06-11 16:18:30,organic,monthly,web
14131,2026-07-28 20:34:21,organic,monthly,ios
14132,2026-05-19 09:31:25,influencer,annual,android
14133,2026-06-15 12:32:11,paid_search,annual,ios
14134,2026-07-17 16:05:59,organic,monthly,ios
14135,2026-07-31 17:28:16,organic,monthly,ios
14136,2026-08-10 12:14:47,paid_search,monthly,android
14137,2026-04-22 09:01:19,referral,monthly,ios
14138,2026-08-11 02:35:22,paid_search,monthly,ios
14139,2026-04-05 16:26:44,influencer,annual,ios
14140,2026-08-03 19:33:06,organic,monthly,android
14141,2026-06-12 17:27:24,organic,monthly,web
14142,2026-04-27 10:43:31,organic,annual,android
14143,2026-05-10 09:26:11,paid_search,annual,web
14144,2026-08-09 17:26:19,paid_search,annual,web
14145,2026-05-24 02:52:00,referral,monthly,ios
14146,2026-08-21 08:57:12,referral,monthly,android
14147,2026-08-07 07:42:54,paid_search,monthly,android
14148,2026-05-25 08:38:03,referral,annual,ios
14149,2026-05-26 00:12:55,referral,monthly,ios
14150,2026-06-10 10:09:13,organic,annual,ios
14151,2026-03-26 22:09:06,influencer,monthly,android
14152,2026-06-06 20:39:48,paid_search,monthly,ios
14153,2026-08-11 09:56:16,paid_search,monthly,android
14154,2026-05-19 18:01:03,influencer,monthly,android
14155,2026-05-18 21:22:11,paid_search,monthly,ios
14156,2026-08-22 00:33:15,paid_search,monthly,ios
14157,2026-03-19 05:44:46,referral,monthly,ios
14158,2026-07-09 15:13:35,paid_search,monthly,web
14159,2026-08-19 22:28:54,paid_search,monthly,android
14160,2026-05-07 18:49:27,organic,annual,android
14161,2026-04-28 04:35:23,paid_search,monthly,android
14162,2026-07-16 23:54:30,influencer,monthly,android
14163,2026-06-18 03:28:37,influencer,annual,android
14164,2026-04-20 05:42:43,paid_search,monthly,android
14165,2026-08-03 20:34:59,organic,annual,android
14166,2026-08-22 07:59:39,organic,monthly,ios
14167,2026-07-20 14:35:06,organic,monthly,ios
14168,2026-04-11 17:27:09,influencer,monthly,android
14169,2026-04-19 04:55:11,paid_search,monthly,ios
14170,2026-07-17 23:11:49,referral,monthly,android
14171,2026-07-29 06:14:55,organic,annual,ios
14172,2026-05-26 10:03:14,organic,monthly,ios
14173,2026-07-19 00:17:59,influencer,monthly,android
14174,2026-08-22 14:24:31,organic,monthly,web
14175,2026-03-14 07:38:48,referral,monthly,web
14176,2026-04-16 03:18:46,paid_search,annual,android
14177,2026-03-27 11:28:01,organic,monthly,android
14178,2026-05-08 20:41:09,influencer,monthly,ios
14179,2026-04-30 08:05:59,influencer,monthly,ios
14180,2026-03-20 08:34:24,referral,monthly,ios
14181,2026-06-20 08:19:15,paid_search,monthly,android
14182,2026-04-25 09:39:38,organic,annual,ios
14183,2026-08-04 22:48:42,referral,monthly,web
14184,2026-03-17 04:31:17,paid_search,monthly,web
14185,2026-04-26 02:23:49,paid_search,annual,ios
14186,2026-08-28 11:24:38,paid_search,monthly,web
14187,2026-05-30 13:19:01,influencer,monthly,ios
14188,2026-03-07 21:47:18,paid_search,annual,ios
14189,2026-08-02 21:00:08,organic,monthly,ios
14190,2026-04-23 17:01:56,influencer,monthly,web
14191,2026-07-20 14:13:51,organic,annual,android
14192,2026-05-08 16:41:40,referral,monthly,android
14193,2026-04-27 04:10:24,referral,monthly,web
14194,2026-05-24 14:37:27,organic,monthly,ios
14195,2026-05-06 13:57:09,organic,monthly,ios
14196,2026-06-05 20:24:17,influencer,monthly,ios
14197,2026-06-18 14:46:58,referral,monthly,web
14198,2026-05-24 10:31:34,influencer,monthly,ios
14199,2026-08-18 14:02:50,influencer,monthly,web
14200,2026-05-07 11:48:32,paid_search,monthly,ios
14201,2026-08-16 01:56:12,paid_search,monthly,ios
14202,2026-04-11 14:14:37,paid_search,annual,ios
14203,2026-07-07 17:47:38,organic,monthly,ios
14204,2026-07-06 04:05:39,organic,annual,ios
14205,2026-04-21 07:05:05,influencer,monthly,web
14206,2026-04-09 08:25:43,organic,monthly,ios
14207,2026-04-26 07:47:33,referral,monthly,web
14208,2026-08-30 13:54:38,organic,monthly,android
14209,2026-07-05 17:17:25,organic,annual,ios
14210,2026-07-05 18:46:14,influencer,monthly,android
14211,2026-06-16 21:30:09,organic,monthly,ios
14212,2026-05-02 15:18:38,referral,annual,ios
14213,2026-07-07 18:36:12,organic,monthly,ios
14214,2026-05-21 23:12:06,influencer,monthly,android
14215,2026-05-20 05:39:54,influencer,monthly,android
14216,2026-03-20 12:56:57,influencer,monthly,android
14217,2026-06-25 14:12:20,paid_search,monthly,android
14218,2026-04-13 20:10:27,paid_search,monthly,android
14219,2026-05-23 08:44:11,paid_search,monthly,ios
14220,2026-03-28 01:56:22,organic,monthly,android
14221,2026-07-02 21:32:51,organic,monthly,web
14222,2026-06-27 07:26:02,paid_search,monthly,android
14223,2026-04-13 09:14:58,paid_search,annual,web
14224,2026-04-29 01:49:06,influencer,monthly,ios
14225,2026-05-30 12:02:14,organic,annual,web
14226,2026-04-22 02:38:06,organic,annual,ios
14227,2026-03-17 19:37:42,paid_search,monthly,android
14228,2026-08-05 12:31:57,referral,monthly,web
14229,2026-05-20 23:55:37,paid_search,monthly,ios
14230,2026-06-30 19:37:21,paid_search,monthly,ios
14231,2026-04-14 00:38:14,influencer,monthly,web
14232,2026-05-06 06:08:30,paid_search,monthly,android
14233,2026-08-03 12:02:03,organic,monthly,ios
14234,2026-06-09 11:00:48,organic,monthly,web
14235,2026-07-14 01:34:03,paid_search,monthly,web
14236,2026-04-16 01:46:41,organic,monthly,ios
14237,2026-03-26 11:29:15,organic,monthly,web
14238,2026-04-15 09:01:52,paid_search,monthly,web
14239,2026-06-26 01:43:34,paid_search,annual,android
14240,2026-07-29 23:57:59,paid_search,monthly,ios
14241,2026-06-26 15:18:19,organic,monthly,android
14242,2026-07-19 06:41:56,paid_search,monthly,ios
14243,2026-05-26 09:24:55,organic,monthly,ios
14244,2026-05-24 05:24:30,paid_search,monthly,android
14245,2026-04-20 18:49:10,paid_search,monthly,android
14246,2026-08-22 02:03:46,organic,monthly,android
14247,2026-04-07 02:29:28,organic,annual,android
14248,2026-06-20 01:12:43,influencer,annual,ios
14249,2026-08-18 15:29:50,influencer,annual,android
14250,2026-08-21 06:38:14,organic,monthly,web
14251,2026-03-03 18:05:08,referral,annual,web
14252,2026-06-10 13:25:59,influencer,monthly,ios
14253,2026-06-13 03:15:16,paid_search,monthly,android
14254,2026-07-01 17:26:08,paid_search,annual,android
14255,2026-03-04 22:04:03,paid_search,monthly,ios
14256,2026-07-15 07:55:00,influencer,monthly,ios
14257,2026-04-17 00:47:33,paid_search,monthly,android
14258,2026-06-08 08:54:22,organic,monthly,android
14259,2026-07-29 20:19:51,paid_search,monthly,android
14260,2026-07-01 14:15:43,organic,monthly,web
14261,2026-07-01 18:32:25,paid_search,monthly,android
14262,2026-07-28 05:16:19,influencer,monthly,web
14263,2026-07-23 17:28:14,organic,monthly,web
14264,2026-03-03 05:00:29,organic,monthly,android
14265,2026-05-11 23:21:55,referral,monthly,android
14266,2026-03-24 22:13:01,referral,monthly,web
14267,2026-06-21 11:25:35,organic,annual,ios
14268,2026-06-06 15:04:02,paid_search,monthly,android
14269,2026-05-19 12:22:09,organic,annual,ios
14270,2026-07-05 14:59:23,referral,monthly,ios
14271,2026-04-25 16:16:54,paid_search,monthly,ios
14272,2026-07-25 22:35:45,paid_search,monthly,web
14273,2026-06-23 01:25:59,influencer,annual,ios
14274,2026-03-29 17:55:33,referral,monthly,android
14275,2026-08-22 20:28:07,influencer,monthly,android
14276,2026-06-02 12:51:26,paid_search,monthly,android
14277,2026-04-25 09:56:29,paid_search,monthly,ios
14278,2026-07-07 04:20:25,organic,annual,web
14279,2026-03-05 16:11:58,organic,monthly,web
14280,2026-03-01 03:44:14,organic,monthly,ios
14281,2026-07-15 00:38:26,influencer,monthly,android
14282,2026-07-29 17:08:35,paid_search,monthly,ios
14283,2026-08-07 05:38:55,influencer,monthly,web
14284,2026-08-13 07:37:40,referral,monthly,ios
14285,2026-05-23 09:21:13,paid_search,monthly,android
14286,2026-03-27 12:01:57,organic,monthly,ios
14287,2026-08-26 09:06:28,paid_search,monthly,web
14288,2026-05-03 21:01:59,paid_search,monthly,ios
14289,2026-08-14 20:45:56,organic,monthly,ios
14290,2026-03-16 19:01:27,referral,annual,ios
14291,2026-04-03 01:06:07,referral,annual,android
14292,2026-04-18 17:18:49,referral,annual,android
14293,2026-03-14 02:13:56,organic,monthly,ios
14294,2026-07-31 19:19:47,referral,annual,web
14295,2026-06-25 11:23:50,paid_search,annual,ios
14296,2026-07-18 04:35:46,referral,annual,web
14297,2026-08-07 09:43:13,influencer,monthly,web
14298,2026-07-24 21:21:16,paid_search,annual,ios
14299,2026-04-04 14:08:39,referral,monthly,android
14300,2026-05-08 02:54:07,referral,monthly,ios
14301,2026-07-27 00:42:27,organic,monthly,ios
14302,2026-04-17 10:04:13,organic,monthly,ios
14303,2026-03-05 14:30:57,paid_search,annual,ios
14304,2026-07-03 22:11:40,influencer,annual,ios
14305,2026-08-04 19:52:22,paid_search,monthly,android
14306,2026-07-16 22:09:26,paid_search,monthly,ios
14307,2026-04-17 23:49:29,organic,monthly,android
14308,2026-05-29 10:00:28,organic,monthly,web
14309,2026-08-19 03:22:32,referral,monthly,android
14310,2026-08-19 22:35:46,influencer,annual,web
14311,2026-08-23 07:17:26,paid_search,annual,web
14312,2026-03-11 20:14:33,paid_search,monthly,ios
14313,2026-04-08 09:50:57,organic,monthly,android
14314,2026-05-02 01:33:15,organic,monthly,web
14315,2026-07-29 11:36:44,organic,annual,ios
14316,2026-07-31 13:15:06,referral,monthly,android
14317,2026-07-11 15:57:17,referral,monthly,android
14318,2026-07-09 13:09:28,paid_search,annual,web
14319,2026-08-27 10:55:12,influencer,monthly,android
14320,2026-03-19 21:02:30,organic,annual,ios
14321,2026-07-06 18:08:33,organic,monthly,ios
14322,2026-06-08 21:19:05,paid_search,annual,web
14323,2026-04-04 12:13:11,organic,monthly,android
14324,2026-05-20 22:55:02,paid_search,monthly,ios
14325,2026-06-26 14:43:41,influencer,monthly,ios
14326,2026-07-22 22:41:04,organic,annual,ios
14327,2026-07-11 07:07:43,influencer,monthly,android
14328,2026-05-25 13:59:52,organic,monthly,ios
14329,2026-08-16 10:22:26,referral,monthly,ios
14330,2026-07-11 06:09:59,organic,monthly,android
14331,2026-07-24 18:56:17,paid_search,monthly,web
14332,2026-08-29 18:36:55,referral,monthly,web
14333,2026-05-28 15:28:30,paid_search,monthly,ios
14334,2026-05-14 18:50:51,paid_search,monthly,web
14335,2026-07-19 08:31:55,paid_search,annual,android
14336,2026-03-18 22:11:22,influencer,annual,web
14337,2026-04-14 23:55:27,paid_search,monthly,ios
14338,2026-08-16 14:16:47,referral,monthly,android
14339,2026-07-24 18:03:24,paid_search,annual,android
14340,2026-03-31 06:16:03,paid_search,monthly,ios
14341,2026-06-02 09:24:05,organic,annual,android
14342,2026-04-05 20:10:33,referral,monthly,web
14343,2026-03-04 18:02:54,paid_search,monthly,ios
14344,2026-06-08 07:29:34,paid_search,monthly,android
14345,2026-08-21 01:09:57,influencer,monthly,android
14346,2026-03-13 14:20:24,referral,monthly,android
14347,2026-06-27 20:50:57,paid_search,monthly,web
14348,2026-04-05 06:22:04,paid_search,monthly,ios
14349,2026-05-22 09:41:50,paid_search,monthly,ios
14350,2026-08-10 19:21:40,paid_search,monthly,android
14351,2026-06-12 09:22:02,paid_search,annual,ios
14352,2026-08-15 10:59:19,paid_search,monthly,ios
14353,2026-04-11 04:00:14,referral,monthly,ios
14354,2026-05-01 23:55:27,organic,monthly,android
14355,2026-08-03 01:53:41,paid_search,monthly,ios
14356,2026-03-10 14:05:31,referral,monthly,android
14357,2026-06-16 21:51:16,referral,monthly,ios
14358,2026-08-16 08:25:32,organic,monthly,ios
14359,2026-07-23 08:35:38,organic,annual,android
14360,2026-08-21 21:05:14,organic,monthly,ios
14361,2026-04-15 06:25:37,paid_search,monthly,ios
14362,2026-06-06 01:45:37,referral,monthly,android
14363,2026-03-27 10:20:11,organic,monthly,android
14364,2026-04-14 18:52:38,paid_search,monthly,ios
14365,2026-03-13 15:09:54,referral,monthly,web
14366,2026-04-19 14:43:06,paid_search,monthly,ios
14367,2026-08-18 21:36:14,paid_search,monthly,web
14368,2026-06-18 18:33:22,organic,monthly,android
14369,2026-08-23 01:48:17,paid_search,monthly,android
14370,2026-08-09 17:08:57,paid_search,monthly,ios
14371,2026-07-16 19:41:23,paid_search,monthly,web
14372,2026-03-04 01:43:48,referral,monthly,android
14373,2026-04-02 13:37:55,influencer,annual,ios
14374,2026-04-25 12:22:10,paid_search,monthly,web
14375,2026-04-03 02:54:18,referral,monthly,web
14376,2026-07-08 07:09:29,referral,annual,android
14377,2026-03-10 17:34:12,influencer,monthly,ios
14378,2026-03-10 03:37:48,referral,monthly,ios
14379,2026-05-05 05:27:14,organic,monthly,android
14380,2026-07-07 17:23:06,referral,monthly,web
14381,2026-04-22 01:37:42,paid_search,monthly,ios
14382,2026-08-22 13:07:51,referral,annual,web
14383,2026-08-25 16:18:26,influencer,monthly,android
14384,2026-04-16 17:25:11,paid_search,annual,ios
14385,2026-08-12 08:24:57,influencer,monthly,ios
14386,2026-05-26 11:35:03,paid_search,monthly,ios
14387,2026-05-25 16:26:28,organic,monthly,android
14388,2026-08-26 21:37:40,referral,monthly,ios
14389,2026-07-28 13:14:30,paid_search,monthly,android
14390,2026-03-06 03:14:24,referral,monthly,android
14391,2026-08-07 08:11:23,organic,monthly,web
14392,2026-03-30 16:34:07,influencer,monthly,ios
14393,2026-06-20 19:59:51,referral,monthly,ios
14394,2026-06-04 09:25:12,influencer,annual,web
14395,2026-08-29 15:23:02,paid_search,monthly,ios
14396,2026-04-29 07:59:46,referral,monthly,android
14397,2026-08-30 07:09:59,paid_search,annual,ios
14398,2026-03-15 14:18:28,organic,annual,ios
14399,2026-07-30 20:08:02,organic,monthly,web
14400,2026-04-06 11:38:29,organic,monthly,web
14401,2026-07-19 16:36:18,organic,monthly,android
14402,2026-06-06 23:14:10,paid_search,monthly,ios
14403,2026-04-06 00:56:22,organic,monthly,android
14404,2026-03-24 22:39:22,organic,monthly,web
14405,2026-05-31 11:01:23,influencer,monthly,ios
14406,2026-08-30 23:47:13,influencer,annual,web
14407,2026-03-16 04:03:36,referral,annual,android
14408,2026-08-21 05:46:02,paid_search,annual,web
14409,2026-08-07 20:13:08,referral,annual,android
14410,2026-06-25 23:10:40,organic,monthly,web
14411,2026-06-06 21:37:20,referral,monthly,web
14412,2026-07-12 01:13:29,organic,monthly,web
14413,2026-06-12 11:07:20,organic,annual,web
14414,2026-04-26 09:47:22,organic,monthly,ios
14415,2026-05-14 14:30:16,organic,annual,android
14416,2026-07-23 10:41:48,organic,monthly,android
14417,2026-06-07 09:35:26,paid_search,annual,web
14418,2026-08-05 15:54:45,organic,monthly,web
14419,2026-05-15 15:22:43,paid_search,monthly,ios
14420,2026-03-12 05:17:12,referral,annual,ios
14421,2026-05-12 00:59:10,organic,monthly,ios
14422,2026-03-25 02:44:06,organic,annual,android
14423,2026-07-21 20:57:36,referral,annual,ios
14424,2026-08-12 18:37:39,organic,annual,android
14425,2026-08-19 12:08:07,paid_search,monthly,android
14426,2026-06-12 00:25:37,organic,annual,ios
14427,2026-04-13 08:02:27,paid_search,monthly,ios
14428,2026-07-30 10:25:44,organic,monthly,web
14429,2026-05-29 11:07:03,paid_search,monthly,android
14430,2026-05-11 07:40:13,organic,annual,ios
14431,2026-06-07 08:08:23,organic,monthly,web
14432,2026-08-21 17:05:03,organic,annual,android
14433,2026-07-16 21:46:55,organic,monthly,android
14434,2026-08-07 01:08:29,organic,monthly,android
14435,2026-05-24 06:08:33,influencer,monthly,android
14436,2026-07-25 07:26:34,organic,monthly,ios
14437,2026-03-25 11:20:14,organic,annual,android
14438,2026-05-08 11:29:09,organic,monthly,web
14439,2026-03-14 05:38:14,influencer,monthly,web
14440,2026-03-18 17:48:38,influencer,annual,web
14441,2026-08-30 16:00:57,referral,monthly,android
14442,2026-05-24 17:17:08,referral,annual,web
14443,2026-05-10 11:02:02,influencer,monthly,ios
14444,2026-04-09 19:58:13,organic,monthly,android
14445,2026-03-04 22:17:15,referral,monthly,web
14446,2026-04-29 14:31:39,influencer,monthly,android
14447,2026-04-04 21:37:13,paid_search,monthly,ios
14448,2026-07-30 03:01:38,referral,annual,android
14449,2026-04-10 09:47:29,paid_search,monthly,ios
14450,2026-03-20 16:41:40,organic,monthly,ios
14451,2026-04-13 09:58:14,influencer,annual,ios
14452,2026-06-01 21:22:12,referral,monthly,ios
14453,2026-05-22 23:45:17,referral,monthly,android
14454,2026-07-23 11:51:23,organic,monthly,web
14455,2026-03-24 21:50:58,organic,monthly,web
14456,2026-07-31 09:21:46,paid_search,monthly,android
14457,2026-06-15 10:36:15,referral,annual,ios
14458,2026-07-26 17:07:59,referral,monthly,ios
14459,2026-08-02 14:48:27,referral,monthly,web
14460,2026-05-12 00:13:02,paid_search,monthly,web
14461,2026-04-04 19:30:35,organic,monthly,android
14462,2026-06-02 19:24:49,paid_search,monthly,android
14463,2026-06-26 02:11:32,referral,monthly,ios
14464,2026-03-25 07:26:16,referral,monthly,web
14465,2026-07-22 22:03:43,referral,monthly,ios
14466,2026-04-30 02:23:20,paid_search,monthly,web
14467,2026-03-23 00:11:24,organic,annual,android
14468,2026-07-30 10:25:22,referral,annual,android
14469,2026-04-05 07:55:03,organic,monthly,android
14470,2026-07-30 07:20:26,influencer,monthly,ios
14471,2026-07-24 20:10:37,referral,monthly,ios
14472,2026-06-07 02:18:27,paid_search,monthly,android
14473,2026-03-27 16:29:23,organic,monthly,ios
14474,2026-07-28 21:14:01,influencer,annual,android
14475,2026-05-11 01:25:45,organic,monthly,ios
14476,2026-03-09 12:57:54,influencer,monthly,android
14477,2026-04-13 16:48:59,influencer,monthly,web
14478,2026-05-23 07:14:28,influencer,annual,web
14479,2026-08-12 08:04:37,referral,annual,android
14480,2026-06-15 00:13:30,paid_search,monthly,android
14481,2026-05-13 02:50:37,organic,monthly,ios
14482,2026-08-29 23:54:36,influencer,monthly,web
14483,2026-08-13 03:55:56,organic,annual,ios
14484,2026-07-05 18:22:24,referral,monthly,android
14485,2026-07-17 12:17:03,referral,monthly,ios
14486,2026-06-14 17:28:03,paid_search,monthly,android
14487,2026-07-13 14:23:01,paid_search,annual,android
14488,2026-06-02 23:18:54,paid_search,monthly,ios
14489,2026-03-04 03:12:02,referral,monthly,ios
14490,2026-08-30 15:55:12,organic,monthly,ios
14491,2026-06-15 14:38:03,organic,monthly,android
14492,2026-03-11 08:20:13,referral,annual,web
14493,2026-06-02 11:04:16,organic,monthly,ios
14494,2026-08-15 19:43:14,paid_search,monthly,android
14495,2026-06-03 17:55:01,organic,annual,android
14496,2026-08-16 19:10:39,referral,annual,ios
14497,2026-05-15 04:27:39,paid_search,monthly,android
14498,2026-05-28 18:11:08,paid_search,monthly,ios
14499,2026-08-27 10:23:03,referral,monthly,android
14500,2026-06-16 13:59:59,organic,monthly,ios
14501,2026-08-14 08:14:27,referral,monthly,android
14502,2026-05-02 14:49:10,referral,monthly,ios
14503,2026-04-11 23:49:08,referral,monthly,web
14504,2026-05-23 18:25:55,organic,monthly,ios
14505,2026-08-21 07:20:42,influencer,annual,ios
14506,2026-07-13 17:59:31,influencer,monthly,android
14507,2026-06-11 09:58:16,organic,monthly,web
14508,2026-05-14 17:39:41,organic,monthly,ios
14509,2026-07-03 16:32:23,referral,monthly,android
14510,2026-05-02 21:37:25,organic,monthly,web
14511,2026-06-19 20:57:56,organic,monthly,android
14512,2026-05-11 00:11:10,paid_search,annual,android
14513,2026-06-07 00:53:53,influencer,annual,android
14514,2026-04-28 07:46:10,organic,monthly,android
14515,2026-05-13 06:57:04,referral,monthly,android
14516,2026-07-05 14:54:22,influencer,monthly,web
14517,2026-07-06 10:51:14,referral,monthly,web
14518,2026-08-26 08:22:41,influencer,annual,ios
14519,2026-06-15 08:56:08,paid_search,annual,android
14520,2026-03-27 00:08:37,paid_search,monthly,ios
14521,2026-03-29 18:14:46,influencer,annual,ios
14522,2026-04-18 14:36:00,referral,annual,ios
14523,2026-04-27 13:43:48,paid_search,annual,ios
14524,2026-03-02 06:29:17,influencer,monthly,android
14525,2026-07-27 10:06:46,paid_search,annual,web
14526,2026-04-11 17:12:24,paid_search,monthly,android
14527,2026-07-02 06:01:28,organic,annual,web
14528,2026-08-01 18:17:16,paid_search,monthly,ios
14529,2026-04-14 05:16:36,influencer,monthly,ios
14530,2026-06-23 22:10:57,influencer,monthly,ios
14531,2026-05-10 15:18:36,referral,monthly,ios
14532,2026-06-10 11:38:31,influencer,monthly,web
14533,2026-07-11 15:11:21,paid_search,monthly,web
14534,2026-05-11 04:46:31,influencer,annual,android
14535,2026-06-18 09:39:32,influencer,monthly,ios
14536,2026-04-25 19:22:43,paid_search,monthly,ios
14537,2026-08-09 16:59:49,paid_search,monthly,ios
14538,2026-08-16 21:09:20,influencer,monthly,ios
14539,2026-07-16 09:36:13,paid_search,monthly,android
14540,2026-06-02 22:55:30,referral,monthly,ios
14541,2026-07-02 21:00:40,organic,monthly,android
14542,2026-05-08 15:40:36,organic,monthly,ios
14543,2026-03-05 13:51:47,organic,monthly,web
14544,2026-04-17 14:47:58,paid_search,monthly,ios
14545,2026-08-06 10:36:11,organic,monthly,ios
14546,2026-07-16 11:23:04,referral,monthly,web
14547,2026-03-31 09:18:44,paid_search,monthly,android
14548,2026-07-08 09:43:33,paid_search,monthly,ios
14549,2026-04-27 09:48:31,paid_search,monthly,ios
14550,2026-07-21 16:38:59,referral,annual,ios
14551,2026-05-10 19:09:19,organic,monthly,web
14552,2026-07-24 02:01:51,referral,monthly,ios
14553,2026-08-08 13:01:50,organic,monthly,web
14554,2026-03-17 23:55:12,paid_search,monthly,ios
14555,2026-06-09 21:21:08,influencer,annual,android
14556,2026-07-11 03:28:45,organic,monthly,ios
14557,2026-07-31 01:19:43,referral,monthly,ios
14558,2026-03-14 13:36:39,influencer,monthly,ios
14559,2026-07-16 08:44:13,organic,monthly,android
14560,2026-07-14 07:57:23,referral,monthly,ios
14561,2026-03-13 14:39:00,paid_search,monthly,ios
14562,2026-05-08 05:42:54,paid_search,annual,android
14563,2026-05-26 22:32:30,organic,annual,ios
14564,2026-07-23 15:10:01,organic,monthly,android
14565,2026-05-18 18:02:17,influencer,monthly,android
14566,2026-07-13 05:49:35,organic,monthly,web
14567,2026-05-11 17:38:36,paid_search,monthly,android
14568,2026-05-11 09:50:00,paid_search,annual,android
14569,2026-04-05 18:50:53,referral,annual,web
14570,2026-05-06 12:57:03,referral,monthly,android
14571,2026-07-29 04:56:36,referral,monthly,ios
14572,2026-03-31 01:25:26,paid_search,annual,android
14573,2026-06-18 01:58:13,referral,monthly,web
14574,2026-04-22 14:49:13,influencer,monthly,android
14575,2026-06-07 00:56:42,paid_search,monthly,web
14576,2026-06-09 00:58:34,organic,monthly,android
14577,2026-06-22 11:11:10,paid_search,monthly,ios
14578,2026-04-03 13:41:00,organic,monthly,android
14579,2026-07-07 11:05:28,referral,monthly,android
14580,2026-08-24 02:42:57,organic,monthly,android
14581,2026-06-26 21:44:32,referral,monthly,ios
14582,2026-05-28 07:06:37,paid_search,monthly,ios
14583,2026-04-21 17:37:05,paid_search,annual,ios
14584,2026-06-02 05:48:04,influencer,annual,android
14585,2026-05-08 06:43:37,organic,monthly,ios
14586,2026-05-01 21:45:34,organic,monthly,android
14587,2026-08-06 04:30:10,paid_search,monthly,ios
14588,2026-07-02 05:41:03,paid_search,monthly,web
14589,2026-08-01 23:02:32,organic,annual,android
14590,2026-06-01 13:27:41,organic,monthly,android
14591,2026-08-17 05:19:58,paid_search,annual,ios
14592,2026-06-07 06:04:29,referral,monthly,web
14593,2026-06-10 07:38:33,paid_search,monthly,android
14594,2026-06-16 07:42:03,paid_search,monthly,web
14595,2026-06-18 12:15:11,referral,monthly,android
14596,2026-08-11 18:47:35,referral,monthly,android
14597,2026-05-04 15:54:28,referral,monthly,web
14598,2026-06-20 05:03:20,paid_search,monthly,web
14599,2026-07-05 01:33:54,organic,monthly,ios
14600,2026-07-15 00:31:07,organic,monthly,ios
14601,2026-08-10 12:26:56,organic,annual,web
14602,2026-08-03 00:56:55,influencer,monthly,android
14603,2026-06-17 00:19:37,paid_search,monthly,ios
14604,2026-07-08 05:52:54,paid_search,monthly,web
14605,2026-08-08 03:25:35,influencer,monthly,ios
14606,2026-06-30 20:52:41,paid_search,monthly,android
14607,2026-05-18 17:44:25,organic,monthly,ios
14608,2026-03-20 21:01:34,paid_search,annual,android
14609,2026-03-12 21:28:16,organic,monthly,android
14610,2026-04-16 23:34:08,organic,monthly,ios
14611,2026-03-01 20:32:22,referral,monthly,android
14612,2026-05-06 12:57:33,organic,monthly,ios
14613,2026-08-24 06:39:03,referral,monthly,android
14614,2026-06-08 06:37:53,paid_search,annual,android
14615,2026-08-07 13:15:45,organic,monthly,ios
14616,2026-07-20 17:28:52,influencer,monthly,web
14617,2026-07-06 19:16:59,paid_search,annual,android
14618,2026-08-15 02:12:44,referral,monthly,android
14619,2026-08-01 18:29:13,referral,annual,ios
14620,2026-04-21 15:43:04,referral,annual,ios
14621,2026-07-08 13:00:04,referral,monthly,web
14622,2026-05-25 06:13:14,organic,monthly,ios
14623,2026-04-26 19:19:54,paid_search,monthly,android
14624,2026-08-22 16:38:52,influencer,monthly,web
14625,2026-05-06 20:57:33,paid_search,monthly,ios
14626,2026-07-24 16:36:23,paid_search,annual,android
14627,2026-04-14 04:48:55,organic,monthly,ios
14628,2026-04-07 17:51:26,influencer,monthly,web
14629,2026-03-18 08:33:01,paid_search,monthly,web
14630,2026-07-06 21:40:33,paid_search,monthly,web
14631,2026-04-27 13:13:19,paid_search,monthly,ios
14632,2026-06-07 15:20:39,referral,annual,ios
14633,2026-03-21 02:02:21,paid_search,annual,web
14634,2026-07-16 18:56:52,paid_search,monthly,ios
14635,2026-04-28 23:36:38,organic,annual,ios
14636,2026-04-23 05:57:56,referral,monthly,android
14637,2026-03-22 01:33:42,organic,annual,android
14638,2026-08-17 00:50:03,organic,monthly,web
14639,2026-05-08 10:46:39,organic,annual,web
14640,2026-04-14 11:38:17,organic,annual,ios
14641,2026-08-14 03:39:42,paid_search,monthly,web
14642,2026-06-15 18:40:09,paid_search,monthly,android
14643,2026-06-04 03:00:42,paid_search,annual,ios
14644,2026-06-21 10:19:24,referral,annual,ios
14645,2026-08-19 13:02:40,influencer,monthly,ios
14646,2026-06-22 17:01:23,organic,monthly,android
14647,2026-03-19 00:24:14,organic,monthly,android
14648,2026-07-26 07:11:18,referral,monthly,web
14649,2026-03-12 14:09:50,referral,annual,ios
14650,2026-03-03 09:54:44,influencer,monthly,ios
14651,2026-06-26 14:45:51,organic,monthly,android
14652,2026-03-26 20:00:34,paid_search,monthly,android
14653,2026-07-26 02:27:43,paid_search,monthly,android
14654,2026-05-15 11:24:43,influencer,monthly,web
14655,2026-06-21 20:48:58,referral,monthly,ios
14656,2026-05-27 01:47:46,paid_search,monthly,ios
14657,2026-07-06 23:54:01,organic,monthly,ios
14658,2026-03-22 17:18:09,referral,monthly,ios
14659,2026-05-09 19:49:12,organic,monthly,ios
14660,2026-03-31 23:45:34,paid_search,monthly,web
14661,2026-05-14 18:30:40,referral,monthly,ios
14662,2026-08-10 07:28:52,paid_search,monthly,web
14663,2026-07-04 05:23:32,influencer,monthly,android
14664,2026-04-18 23:46:58,paid_search,monthly,web
14665,2026-04-14 13:26:22,referral,monthly,ios
14666,2026-07-19 21:22:51,referral,annual,ios
14667,2026-04-27 15:36:53,influencer,annual,web
14668,2026-08-07 23:27:56,influencer,monthly,android
14669,2026-08-28 14:56:04,influencer,monthly,ios
14670,2026-04-15 21:47:38,referral,monthly,ios
14671,2026-08-06 04:39:48,referral,monthly,ios
14672,2026-07-14 06:53:49,organic,monthly,ios
14673,2026-07-03 04:36:29,referral,monthly,ios
14674,2026-05-31 22:48:14,organic,monthly,android
14675,2026-07-05 15:09:19,organic,monthly,ios
14676,2026-03-01 22:06:55,influencer,monthly,web
14677,2026-07-30 05:14:30,organic,monthly,android
14678,2026-08-26 23:00:33,organic,monthly,android
14679,2026-06-29 14:03:18,organic,monthly,android
14680,2026-04-28 11:16:50,referral,monthly,android
14681,2026-07-17 12:30:34,influencer,monthly,ios
14682,2026-05-12 12:09:34,paid_search,monthly,ios
14683,2026-03-04 03:27:36,paid_search,annual,android
14684,2026-03-22 23:00:02,paid_search,monthly,ios
14685,2026-07-02 22:17:29,influencer,annual,web
14686,2026-08-07 13:17:03,organic,annual,ios
14687,2026-08-22 19:12:59,influencer,monthly,ios
14688,2026-08-19 12:06:27,organic,monthly,android
14689,2026-08-09 05:31:55,organic,annual,ios
14690,2026-03-20 08:05:20,organic,monthly,android
14691,2026-03-13 14:25:01,referral,annual,android
14692,2026-03-30 13:28:42,paid_search,monthly,android
14693,2026-07-03 12:03:54,paid_search,monthly,android
14694,2026-03-31 07:38:43,paid_search,annual,web
14695,2026-04-18 12:04:18,influencer,monthly,ios
14696,2026-04-30 15:01:27,paid_search,annual,ios
14697,2026-05-28 05:34:36,influencer,monthly,ios
14698,2026-04-07 02:44:11,organic,monthly,web
14699,2026-08-26 01:34:11,organic,monthly,android
14700,2026-05-06 02:49:42,influencer,annual,web
14701,2026-03-24 15:43:01,organic,annual,android
14702,2026-03-04 04:25:19,organic,monthly,ios
14703,2026-03-07 18:45:07,referral,monthly,android
14704,2026-05-27 13:04:38,paid_search,annual,ios
14705,2026-03-12 18:42:18,organic,monthly,web
14706,2026-04-02 05:16:34,paid_search,monthly,android
14707,2026-08-26 22:40:19,paid_search,monthly,android
14708,2026-03-30 04:20:09,referral,monthly,android
14709,2026-06-27 02:14:38,paid_search,annual,web
14710,2026-05-29 17:53:06,paid_search,monthly,ios
14711,2026-07-16 07:40:03,paid_search,annual,android
14712,2026-08-06 02:36:06,influencer,monthly,ios
14713,2026-06-30 07:00:40,referral,annual,android
14714,2026-07-07 16:59:16,paid_search,monthly,ios
14715,2026-03-04 11:03:39,influencer,annual,ios
14716,2026-05-26 05:16:25,paid_search,monthly,ios
14717,2026-03-25 01:05:48,influencer,monthly,web
14718,2026-05-12 14:13:05,referral,annual,android
14719,2026-07-08 12:17:43,paid_search,monthly,web
14720,2026-08-06 18:47:02,referral,annual,android
14721,2026-03-16 08:05:20,organic,monthly,android
14722,2026-04-08 07:14:22,paid_search,annual,android
14723,2026-07-20 14:36:36,referral,monthly,android
14724,2026-07-04 23:33:28,referral,monthly,ios
14725,2026-03-18 17:02:21,organic,monthly,ios
14726,2026-04-17 10:58:31,paid_search,annual,web
14727,2026-08-29 15:57:49,referral,annual,web
14728,2026-03-13 13:32:05,paid_search,annual,android
14729,2026-05-24 16:28:57,influencer,annual,ios
14730,2026-06-18 02:35:58,paid_search,monthly,ios
14731,2026-08-31 11:15:24,influencer,annual,ios
14732,2026-06-25 13:41:56,influencer,monthly,android
14733,2026-05-20 15:45:47,paid_search,monthly,android
14734,2026-06-29 05:39:41,organic,annual,android
14735,2026-05-20 17:45:30,paid_search,annual,ios
14736,2026-08-21 14:58:47,influencer,annual,web
14737,2026-08-11 01:29:23,paid_search,monthly,web
14738,2026-03-03 15:00:04,organic,monthly,ios
14739,2026-05-14 04:33:00,influencer,monthly,web
14740,2026-07-16 09:33:23,organic,monthly,web
14741,2026-03-16 13:09:33,influencer,monthly,android
14742,2026-08-09 16:12:21,influencer,annual,android
14743,2026-07-28 04:27:15,paid_search,monthly,android
14744,2026-08-17 11:22:38,influencer,monthly,android
14745,2026-07-22 09:21:58,referral,annual,web
14746,2026-03-03 06:00:05,referral,monthly,ios
14747,2026-04-21 08:48:16,referral,monthly,android
14748,2026-03-17 01:01:41,paid_search,annual,android
14749,2026-07-31 05:44:22,paid_search,monthly,android
14750,2026-05-02 05:46:42,paid_search,monthly,android
14751,2026-05-25 04:32:46,referral,monthly,web
14752,2026-06-11 06:40:41,referral,monthly,web
14753,2026-04-22 00:25:06,paid_search,annual,web
14754,2026-05-26 23:08:50,organic,annual,ios
14755,2026-04-07 11:38:28,referral,annual,android
14756,2026-06-19 09:37:17,organic,monthly,web
14757,2026-03-25 12:58:53,referral,annual,android
14758,2026-04-26 10:09:04,influencer,monthly,ios
14759,2026-05-11 22:07:59,paid_search,monthly,web
14760,2026-07-11 14:57:58,paid_search,annual,web
14761,2026-04-27 08:21:15,organic,monthly,web
14762,2026-08-04 13:35:04,organic,annual,web
14763,2026-03-21 17:17:44,influencer,monthly,android
14764,2026-05-16 21:32:07,organic,annual,ios
14765,2026-05-27 09:12:25,referral,monthly,web
14766,2026-05-07 23:28:46,organic,monthly,ios
14767,2026-07-27 03:56:42,organic,monthly,ios
14768,2026-07-19 13:03:43,influencer,monthly,ios
14769,2026-03-26 13:39:10,organic,annual,android
14770,2026-05-16 15:52:35,paid_search,monthly,ios
14771,2026-08-28 20:32:33,paid_search,monthly,android
14772,2026-05-06 01:20:49,paid_search,monthly,ios
14773,2026-04-06 06:25:07,influencer,monthly,ios
14774,2026-08-06 10:44:17,paid_search,monthly,android
14775,2026-07-31 15:34:48,paid_search,annual,web
14776,2026-04-05 04:31:59,paid_search,monthly,ios
14777,2026-08-15 04:34:46,referral,monthly,ios
14778,2026-07-21 21:32:48,referral,monthly,ios
14779,2026-03-18 00:25:28,influencer,monthly,android
14780,2026-08-08 02:36:43,organic,annual,web
14781,2026-06-16 22:50:19,paid_search,monthly,ios
14782,2026-06-14 14:02:23,paid_search,monthly,web
14783,2026-03-21 00:23:21,referral,annual,android
14784,2026-08-04 08:10:16,paid_search,monthly,android
14785,2026-07-10 10:23:37,paid_search,annual,android
14786,2026-07-04 12:35:12,paid_search,annual,web
14787,2026-05-08 17:18:46,influencer,monthly,android
14788,2026-06-22 17:18:11,paid_search,monthly,android
14789,2026-07-26 08:35:05,organic,annual,ios
14790,2026-05-25 09:01:22,influencer,monthly,ios
14791,2026-08-25 12:05:39,paid_search,annual,android
14792,2026-08-30 23:15:40,referral,monthly,ios
14793,2026-06-30 02:03:53,organic,monthly,ios
14794,2026-07-17 15:25:48,influencer,monthly,ios
14795,2026-04-19 16:14:29,influencer,monthly,ios
14796,2026-07-07 13:54:44,referral,monthly,android
14797,2026-08-28 19:37:21,paid_search,monthly,ios
14798,2026-05-29 05:32:20,paid_search,monthly,web
14799,2026-04-28 03:30:03,referral,monthly,android
14800,2026-06-07 13:46:31,paid_search,monthly,ios
14801,2026-06-09 16:57:03,referral,monthly,android
14802,2026-06-03 16:21:44,organic,monthly,android
14803,2026-05-03 02:47:06,paid_search,monthly,android
14804,2026-08-24 10:22:26,paid_search,annual,android
14805,2026-07-15 16:30:11,paid_search,monthly,ios
14806,2026-04-27 07:05:47,referral,monthly,android
14807,2026-05-01 14:15:44,referral,monthly,ios
14808,2026-07-16 13:58:58,organic,monthly,web
14809,2026-05-09 16:02:52,influencer,annual,android
14810,2026-08-02 07:38:50,organic,annual,android
14811,2026-08-06 07:56:55,referral,monthly,web
14812,2026-08-25 12:29:23,paid_search,annual,web
14813,2026-06-07 15:59:53,referral,monthly,ios
14814,2026-05-11 17:02:01,influencer,annual,ios
14815,2026-07-11 23:03:41,paid_search,annual,web
14816,2026-08-01 12:14:46,organic,monthly,ios
14817,2026-08-05 19:40:32,paid_search,annual,android
14818,2026-07-07 14:46:08,influencer,annual,web
14819,2026-06-07 04:27:16,organic,monthly,ios
14820,2026-03-31 09:36:08,influencer,monthly,web
14821,2026-06-04 06:28:21,organic,monthly,web
14822,2026-05-27 04:29:34,organic,monthly,ios
14823,2026-07-31 05:05:03,influencer,monthly,ios
14824,2026-06-16 01:41:38,referral,monthly,android
14825,2026-08-29 14:27:19,organic,monthly,ios
14826,2026-03-01 03:33:36,paid_search,monthly,web
14827,2026-06-03 05:55:37,referral,annual,ios
14828,2026-05-20 18:11:51,referral,monthly,android
14829,2026-07-14 08:46:40,referral,monthly,web
14830,2026-06-16 13:16:52,influencer,monthly,ios
14831,2026-06-07 23:37:17,paid_search,annual,ios
14832,2026-08-31 06:29:11,organic,monthly,web
14833,2026-07-14 04:54:20,organic,monthly,ios
14834,2026-03-29 16:06:33,paid_search,monthly,ios
14835,2026-08-28 14:46:45,paid_search,monthly,android
14836,2026-03-09 20:00:51,paid_search,monthly,ios
14837,2026-07-09 06:14:36,organic,monthly,android
14838,2026-07-24 17:24:46,referral,monthly,ios
14839,2026-05-22 16:02:47,organic,monthly,android
14840,2026-08-25 07:16:09,organic,monthly,ios
14841,2026-06-25 09:02:11,paid_search,monthly,android
14842,2026-05-23 17:02:35,referral,monthly,android
14843,2026-04-20 10:03:30,influencer,monthly,web
14844,2026-05-10 10:14:07,paid_search,annual,web
14845,2026-03-25 19:34:45,influencer,monthly,android
14846,2026-08-10 15:46:01,organic,monthly,web
14847,2026-04-30 21:04:05,organic,monthly,ios
14848,2026-03-11 07:28:38,organic,monthly,ios
14849,2026-06-14 19:41:44,influencer,annual,web
14850,2026-04-17 09:05:50,referral,monthly,web
14851,2026-03-29 19:55:40,influencer,monthly,web
14852,2026-08-06 15:44:35,referral,annual,ios
14853,2026-07-19 07:54:23,influencer,monthly,ios
14854,2026-08-30 05:42:48,referral,monthly,ios
14855,2026-08-20 11:40:10,paid_search,monthly,android
14856,2026-06-25 20:44:48,organic,annual,ios
14857,2026-07-09 13:33:49,referral,monthly,android
14858,2026-05-25 01:20:13,influencer,monthly,ios
14859,2026-08-22 17:58:42,paid_search,annual,ios
14860,2026-03-31 21:51:06,organic,monthly,android
14861,2026-03-27 10:22:56,referral,monthly,android
14862,2026-07-19 18:53:26,organic,monthly,ios
14863,2026-05-07 05:36:29,organic,monthly,ios
14864,2026-07-18 09:12:05,referral,monthly,ios
14865,2026-04-25 05:56:15,paid_search,monthly,ios
14866,2026-08-19 20:07:40,influencer,monthly,web
14867,2026-03-25 03:34:28,organic,monthly,ios
14868,2026-04-11 03:30:27,organic,monthly,web
14869,2026-06-30 16:40:56,organic,monthly,web
14870,2026-06-25 10:46:16,paid_search,monthly,ios
14871,2026-05-15 11:28:48,organic,monthly,web
14872,2026-06-22 12:21:15,paid_search,monthly,ios
14873,2026-08-24 11:40:34,organic,annual,web
14874,2026-08-01 23:04:26,influencer,monthly,android
14875,2026-08-17 23:22:05,organic,monthly,android
14876,2026-04-27 22:40:33,referral,monthly,android
14877,2026-03-11 11:42:47,paid_search,annual,ios
14878,2026-05-02 13:29:26,organic,monthly,ios
14879,2026-06-24 08:24:14,organic,monthly,ios
14880,2026-03-24 19:34:37,paid_search,monthly,ios
14881,2026-08-07 22:21:56,organic,monthly,android
14882,2026-07-06 06:32:33,influencer,monthly,web
14883,2026-03-19 00:00:51,influencer,monthly,android
14884,2026-08-10 07:03:25,organic,annual,ios
14885,2026-04-05 22:07:32,influencer,monthly,web
14886,2026-08-06 03:05:35,organic,monthly,web
14887,2026-05-10 05:14:24,referral,monthly,android
14888,2026-03-12 09:24:45,paid_search,monthly,web
14889,2026-05-24 04:36:03,paid_search,monthly,web
14890,2026-04-29 09:06:51,influencer,monthly,ios
14891,2026-06-17 04:59:49,paid_search,annual,ios
14892,2026-03-06 00:09:07,referral,monthly,web
14893,2026-05-25 12:22:20,referral,monthly,web
14894,2026-08-27 23:34:24,organic,monthly,android
14895,2026-04-16 00:26:01,influencer,annual,ios
14896,2026-08-22 19:23:12,paid_search,annual,web
14897,2026-08-26 11:50:48,paid_search,monthly,android
14898,2026-07-11 13:23:05,organic,monthly,web
14899,2026-05-04 05:59:49,paid_search,monthly,ios
14900,2026-03-25 12:25:03,referral,monthly,android
14901,2026-04-12 01:26:48,referral,monthly,ios
14902,2026-08-12 03:56:34,paid_search,monthly,web
14903,2026-04-06 07:23:34,organic,annual,android
14904,2026-08-02 12:32:22,organic,monthly,android
14905,2026-08-28 06:25:17,organic,annual,android
14906,2026-06-13 12:10:46,organic,monthly,web
14907,2026-07-11 05:20:57,referral,annual,android
14908,2026-07-20 02:52:08,referral,annual,android
14909,2026-06-06 03:12:20,influencer,monthly,web
14910,2026-03-24 10:49:33,influencer,monthly,android
14911,2026-06-26 12:52:16,paid_search,monthly,ios
14912,2026-08-24 21:58:12,paid_search,annual,ios
14913,2026-07-29 11:13:09,paid_search,monthly,ios
14914,2026-05-23 19:13:59,referral,monthly,web
14915,2026-08-16 13:38:21,paid_search,annual,android
14916,2026-07-05 04:06:42,referral,monthly,ios
14917,2026-08-01 08:16:34,organic,monthly,android
14918,2026-06-22 19:14:19,influencer,monthly,ios
14919,2026-08-05 05:31:20,organic,monthly,android
14920,2026-07-29 00:27:46,influencer,monthly,web
14921,2026-05-12 06:29:41,organic,annual,web
14922,2026-04-27 08:33:47,referral,monthly,ios
14923,2026-08-11 11:32:00,organic,monthly,web
14924,2026-05-10 22:51:02,influencer,monthly,ios
14925,2026-07-14 23:42:21,influencer,monthly,web
14926,2026-07-11 01:57:20,referral,annual,ios
14927,2026-03-08 23:26:03,influencer,monthly,ios
14928,2026-07-31 06:09:44,referral,monthly,ios
14929,2026-04-17 21:30:47,influencer,annual,ios
14930,2026-05-01 04:01:21,paid_search,monthly,android
14931,2026-05-25 09:36:38,influencer,monthly,android
14932,2026-07-31 04:33:05,paid_search,monthly,android
14933,2026-06-18 17:20:56,paid_search,monthly,android
14934,2026-04-20 02:01:04,referral,monthly,ios
14935,2026-03-20 07:40:33,organic,monthly,ios
14936,2026-04-04 22:50:00,organic,annual,android
14937,2026-08-16 18:48:56,organic,monthly,android
14938,2026-08-12 11:36:41,paid_search,monthly,android
14939,2026-08-29 16:11:57,paid_search,annual,ios
14940,2026-03-30 05:32:31,referral,monthly,ios
14941,2026-08-08 10:34:55,referral,annual,web
14942,2026-06-17 04:38:24,influencer,annual,android
14943,2026-07-05 04:19:40,paid_search,monthly,android
14944,2026-07-28 02:57:19,paid_search,monthly,android
14945,2026-07-04 15:05:03,organic,monthly,android
14946,2026-05-28 02:06:38,influencer,monthly,ios
14947,2026-03-31 01:06:04,referral,monthly,android
14948,2026-07-22 17:32:19,referral,annual,android
14949,2026-03-07 03:19:52,organic,monthly,ios
14950,2026-08-19 22:00:44,influencer,monthly,android
14951,2026-05-21 10:05:05,referral,monthly,web
14952,2026-06-18 18:29:57,organic,annual,android
14953,2026-06-29 02:51:59,referral,monthly,ios
14954,2026-03-02 17:45:02,paid_search,monthly,android
14955,2026-03-17 14:49:39,referral,annual,android
14956,2026-05-29 10:33:24,organic,monthly,android
14957,2026-06-11 14:45:27,organic,monthly,web
14958,2026-03-31 13:57:18,organic,monthly,ios
14959,2026-06-02 18:40:58,referral,monthly,android
14960,2026-04-13 17:13:46,paid_search,monthly,web
14961,2026-08-26 03:43:07,referral,monthly,android
14962,2026-07-12 01:13:06,organic,monthly,web
14963,2026-05-02 06:45:23,paid_search,monthly,ios
14964,2026-06-25 21:31:09,paid_search,monthly,android
14965,2026-04-14 08:43:00,influencer,monthly,ios
14966,2026-04-29 18:24:33,referral,annual,android
14967,2026-06-19 05:27:18,referral,monthly,ios
14968,2026-05-18 20:06:35,paid_search,monthly,web
14969,2026-08-07 07:55:15,referral,annual,android
14970,2026-07-28 04:13:34,paid_search,annual,web
14971,2026-08-13 20:02:26,organic,monthly,android
14972,2026-07-11 14:42:08,referral,annual,ios
14973,2026-04-06 08:05:43,paid_search,monthly,web
14974,2026-05-29 09:26:20,organic,monthly,android
14975,2026-06-26 10:56:06,referral,annual,android
14976,2026-03-21 10:43:44,referral,monthly,android
14977,2026-08-29 03:48:35,influencer,monthly,android
14978,2026-05-06 13:36:59,paid_search,monthly,ios
14979,2026-08-07 22:01:30,organic,monthly,ios
14980,2026-08-11 06:06:20,organic,monthly,android
14981,2026-08-19 10:44:43,paid_search,monthly,android
14982,2026-03-08 04:11:14,paid_search,monthly,android
14983,2026-03-22 16:24:34,influencer,monthly,android
14984,2026-05-20 20:03:23,organic,monthly,ios
14985,2026-05-22 11:05:40,influencer,monthly,ios
14986,2026-06-19 00:12:43,organic,annual,android
14987,2026-07-30 16:44:45,paid_search,monthly,android
14988,2026-07-08 14:06:37,referral,monthly,web
14989,2026-04-13 06:24:48,influencer,monthly,android
14990,2026-08-06 22:54:32,organic,annual,android
14991,2026-04-19 21:58:29,paid_search,monthly,android
14992,2026-05-09 08:46:31,organic,monthly,android
14993,2026-05-06 17:34:23,influencer,annual,android
14994,2026-06-29 19:50:44,organic,monthly,android
14995,2026-06-19 17:15:23,referral,monthly,android
14996,2026-03-27 06:45:57,organic,annual,ios
14997,2026-08-30 23:03:37,referral,monthly,ios
14998,2026-05-13 14:34:03,referral,monthly,web
14999,2026-03-20 00:49:21,influencer,monthly,web
15000,2026-06-25 19:06:42,paid_search,annual,android
